datetime,open,high,low,close,volume
2026-07-09T13:30:00+00:00,0.7077700000000013,0.7081400000000014,0.7076600000000014,0.7080500000000014,3037
2026-07-09T13:45:00+00:00,0.7080500000000014,0.7081500000000014,0.7078700000000014,0.7081500000000014,2316
2026-07-09T14:00:00+00:00,0.7081500000000014,0.7085200000000014,0.7080700000000014,0.7081600000000013,2805
2026-07-09T14:15:00+00:00,0.7081600000000013,0.7082800000000014,0.7077600000000014,0.7081700000000014,2754
2026-07-09T14:30:00+00:00,0.7081700000000014,0.7083500000000014,0.7079000000000014,0.7082200000000014,2413
2026-07-09T14:45:00+00:00,0.7082200000000014,0.7082500000000014,0.7076700000000014,0.7078500000000014,2664
2026-07-09T15:00:00+00:00,0.7078500000000014,0.7084800000000014,0.7076600000000014,0.7082700000000014,2538
2026-07-09T15:15:00+00:00,0.7082700000000014,0.7084300000000014,0.7081000000000014,0.7083800000000013,1680
2026-07-09T15:30:00+00:00,0.7083800000000013,0.7084300000000014,0.7081900000000014,0.7083100000000014,1677
2026-07-09T15:45:00+00:00,0.7083100000000014,0.7086700000000014,0.7082500000000014,0.7084000000000014,1749
2026-07-09T16:00:00+00:00,0.7084000000000014,0.7087000000000014,0.7084000000000014,0.7086700000000014,1228
2026-07-09T16:15:00+00:00,0.7086700000000014,0.7087500000000014,0.7082800000000014,0.7083600000000014,1369
2026-07-09T16:30:00+00:00,0.7083600000000014,0.7084000000000014,0.7081100000000013,0.7082800000000014,1141
2026-07-09T16:45:00+00:00,0.7082800000000014,0.7083800000000013,0.7081600000000013,0.7081600000000013,961
2026-07-09T17:00:00+00:00,0.7081600000000013,0.7082900000000014,0.7081200000000014,0.7082700000000014,1133
2026-07-09T17:15:00+00:00,0.7082700000000014,0.7085300000000014,0.7082000000000014,0.7085200000000014,992
2026-07-09T17:30:00+00:00,0.7085200000000014,0.7085600000000014,0.7083900000000014,0.7084200000000014,874
2026-07-09T17:45:00+00:00,0.7084200000000014,0.7086400000000014,0.7084100000000014,0.7085500000000013,894
2026-07-09T18:00:00+00:00,0.7085500000000013,0.7086100000000014,0.7083800000000013,0.7084400000000014,991
2026-07-09T18:15:00+00:00,0.7084400000000014,0.7084800000000014,0.7081700000000014,0.7082300000000014,969
2026-07-09T18:30:00+00:00,0.7082300000000014,0.7083700000000014,0.7081700000000014,0.7083200000000014,622
2026-07-09T18:45:00+00:00,0.7083200000000014,0.7083800000000013,0.7082200000000014,0.7083400000000014,659
2026-07-09T19:00:00+00:00,0.7083400000000014,0.7084000000000014,0.7081100000000013,0.7081800000000014,1006
2026-07-09T19:15:00+00:00,0.7081800000000014,0.7082900000000014,0.7080700000000014,0.7081200000000014,651
2026-07-09T19:30:00+00:00,0.7081200000000014,0.7081200000000014,0.7079400000000013,0.7079600000000014,772
2026-07-09T19:45:00+00:00,0.7079600000000014,0.7080400000000014,0.7078200000000014,0.7079900000000013,882
2026-07-09T20:00:00+00:00,0.7079900000000013,0.7081500000000014,0.7079700000000014,0.7081300000000014,438
2026-07-09T20:15:00+00:00,0.7081300000000014,0.7081900000000014,0.7080700000000014,0.7080800000000014,180
2026-07-09T20:30:00+00:00,0.7080800000000014,0.7082300000000014,0.7080700000000014,0.7081800000000014,234.99194191798307
2026-07-09T20:45:00+00:00,0.7081800000000014,0.7082000000000014,0.7080500000000014,0.7080900000000014,787
2026-07-09T21:00:00+00:00,0.7080900000000014,0.7081100000000015,0.7073800000000015,0.7074100000000014,236.85546088377333
2026-07-09T21:15:00+00:00,0.7074100000000014,0.7076300000000014,0.7073200000000015,0.7076100000000014,3496
2026-07-09T21:30:00+00:00,0.7076100000000014,0.7077800000000014,0.7075500000000015,0.7077400000000015,453
2026-07-09T21:45:00+00:00,0.7077400000000015,0.7077600000000015,0.7075200000000015,0.7075200000000015,1715
2026-07-09T22:00:00+00:00,0.7075200000000015,0.7081100000000015,0.7075200000000015,0.7079800000000015,1895
2026-07-09T22:15:00+00:00,0.7079800000000015,0.7081000000000015,0.7079800000000015,0.7079800000000015,163
2026-07-09T22:30:00+00:00,0.7079800000000015,0.7080300000000015,0.7079300000000015,0.7079900000000015,180
2026-07-09T22:45:00+00:00,0.7079900000000015,0.7080200000000014,0.7079800000000015,0.7080000000000014,94
2026-07-09T23:00:00+00:00,0.7080000000000014,0.7081100000000015,0.7080000000000014,0.7080400000000014,359
2026-07-09T23:15:00+00:00,0.7080400000000014,0.7081100000000015,0.7080100000000015,0.7081000000000015,180
2026-07-09T23:30:00+00:00,0.7081000000000015,0.7081600000000015,0.7080300000000015,0.7081400000000014,268
2026-07-09T23:45:00+00:00,0.7081400000000014,0.7081900000000014,0.7080600000000015,0.7081900000000014,353
2026-07-10T00:00:00+00:00,0.7081900000000014,0.7083100000000014,0.7077400000000015,0.7077500000000014,1470
2026-07-10T00:15:00+00:00,0.7077500000000014,0.7078700000000014,0.7075500000000015,0.7076300000000014,1213
2026-07-10T00:30:00+00:00,0.7076300000000014,0.7079000000000014,0.7072500000000015,0.7078800000000015,1324
2026-07-10T00:45:00+00:00,0.7078800000000015,0.7085700000000015,0.7078600000000015,0.7084200000000015,1983
2026-07-10T01:00:00+00:00,0.7084200000000015,0.7086800000000014,0.7081800000000015,0.7086600000000015,2494
2026-07-10T01:15:00+00:00,0.7086600000000015,0.7089900000000015,0.7084700000000015,0.7086700000000015,2136
2026-07-10T01:30:00+00:00,0.7086700000000015,0.7087000000000014,0.7082100000000014,0.7083400000000014,2015
2026-07-10T01:45:00+00:00,0.7083400000000014,0.7092500000000015,0.7082700000000015,0.7088800000000015,2209
2026-07-10T02:00:00+00:00,0.7088800000000015,0.7096200000000015,0.7087200000000015,0.7096000000000015,2224
2026-07-10T02:15:00+00:00,0.7096000000000015,0.7101100000000015,0.7095500000000015,0.7098500000000014,2220
2026-07-10T02:30:00+00:00,0.7098500000000014,0.7101400000000014,0.7096100000000014,0.7100500000000014,1852
2026-07-10T02:45:00+00:00,0.7100500000000014,0.7108700000000014,0.7100000000000014,0.7106000000000015,1961
2026-07-10T03:00:00+00:00,0.7106000000000015,0.7107500000000014,0.7103400000000014,0.7103600000000014,1483
2026-07-10T03:15:00+00:00,0.7103600000000014,0.7103800000000015,0.7100500000000014,0.7102400000000014,1240
2026-07-10T03:30:00+00:00,0.7102400000000014,0.7103000000000015,0.7100400000000014,0.7101600000000015,1129
2026-07-10T03:45:00+00:00,0.7101600000000015,0.7101700000000014,0.7098000000000014,0.7099200000000014,1112
2026-07-10T04:00:00+00:00,0.7099200000000014,0.7099200000000014,0.7096600000000014,0.7097900000000015,859
2026-07-10T04:15:00+00:00,0.7097900000000015,0.7098000000000014,0.7094100000000014,0.7096100000000014,969
2026-07-10T04:30:00+00:00,0.7096100000000014,0.7096100000000014,0.7093500000000015,0.7093500000000015,635
2026-07-10T04:45:00+00:00,0.7093500000000015,0.7094000000000015,0.7091800000000015,0.7093300000000015,1199
2026-07-10T05:00:00+00:00,0.7093300000000015,0.7095000000000015,0.7092300000000015,0.7092500000000015,1276
2026-07-10T05:15:00+00:00,0.7092500000000015,0.7093000000000015,0.7087300000000014,0.7087500000000014,1413
2026-07-10T05:30:00+00:00,0.7087500000000014,0.7087500000000014,0.7085000000000015,0.7086600000000015,1304
2026-07-10T05:45:00+00:00,0.7086600000000015,0.7090300000000015,0.7085400000000015,0.7087500000000014,1432
2026-07-10T06:00:00+00:00,0.7087500000000014,0.7092200000000014,0.7087100000000015,0.7091500000000015,1786
2026-07-10T06:15:00+00:00,0.7091500000000015,0.7093500000000015,0.7088700000000014,0.7088700000000014,2270
2026-07-10T06:30:00+00:00,0.7088700000000014,0.7093100000000014,0.7088500000000014,0.7088500000000014,2000
2026-07-10T06:45:00+00:00,0.7088500000000014,0.7090100000000015,0.7087200000000015,0.7088800000000015,1413
2026-07-10T07:00:00+00:00,0.7088800000000015,0.7089000000000014,0.7086300000000014,0.7087700000000015,1830
2026-07-10T07:15:00+00:00,0.7087700000000015,0.7089800000000015,0.7086000000000015,0.7087000000000014,1780
2026-07-10T07:30:00+00:00,0.7087000000000014,0.7088700000000014,0.7086000000000015,0.7086600000000015,1645
2026-07-10T07:45:00+00:00,0.7086600000000015,0.7086700000000015,0.7082700000000015,0.7084300000000014,1769
2026-07-10T08:00:00+00:00,0.7084300000000014,0.7087300000000014,0.7082400000000014,0.7085900000000015,2254
2026-07-10T08:15:00+00:00,0.7085900000000015,0.7086300000000014,0.7081500000000015,0.7082600000000014,1644
2026-07-10T08:30:00+00:00,0.7082600000000014,0.7084100000000014,0.7080300000000015,0.7083400000000014,2009
2026-07-10T08:45:00+00:00,0.7083400000000014,0.7083700000000015,0.7081600000000015,0.7081700000000014,1619
2026-07-10T09:00:00+00:00,0.7081700000000014,0.7084100000000014,0.7080600000000015,0.7083100000000014,1438
2026-07-10T09:15:00+00:00,0.7083100000000014,0.7083900000000014,0.7081500000000015,0.7082200000000014,840
2026-07-10T09:30:00+00:00,0.7082200000000014,0.7084400000000014,0.7081200000000014,0.7083700000000015,986
2026-07-10T09:45:00+00:00,0.7083700000000015,0.7086300000000014,0.7083100000000014,0.7084500000000015,1015
2026-07-10T10:00:00+00:00,0.7084500000000015,0.7088200000000014,0.7084500000000015,0.7088000000000014,1059
2026-07-10T10:15:00+00:00,0.7088000000000014,0.7091100000000015,0.7087500000000014,0.7090700000000014,953
2026-07-10T10:30:00+00:00,0.7090700000000014,0.7091400000000014,0.7087600000000015,0.7088600000000015,1068
2026-07-10T10:45:00+00:00,0.7088600000000015,0.7088600000000015,0.7086900000000015,0.7087000000000014,1234
2026-07-10T11:00:00+00:00,0.7087000000000014,0.7088400000000015,0.7085900000000015,0.7086500000000014,1295
2026-07-10T11:15:00+00:00,0.7086500000000014,0.7087000000000014,0.7082200000000014,0.7083200000000015,1423
2026-07-10T11:30:00+00:00,0.7083200000000015,0.7085100000000014,0.7081400000000014,0.7084700000000015,1559
2026-07-10T11:45:00+00:00,0.7084700000000015,0.7088700000000014,0.7084700000000015,0.7087900000000015,1243
2026-07-10T12:00:00+00:00,0.7087900000000015,0.7096900000000015,0.7085600000000014,0.7092300000000015,3033
2026-07-10T12:15:00+00:00,0.7092300000000015,0.7092500000000015,0.7088400000000015,0.7088500000000014,2408
2026-07-10T12:30:00+00:00,0.7088500000000014,0.7090900000000014,0.7085400000000015,0.7085600000000014,2257
2026-07-10T12:45:00+00:00,0.7085600000000014,0.7089000000000014,0.7084400000000014,0.7088800000000015,1651
2026-07-10T13:00:00+00:00,0.7088800000000015,0.7089800000000015,0.7085600000000014,0.7089700000000014,2021
2026-07-10T13:15:00+00:00,0.7089700000000014,0.7090500000000014,0.7087300000000014,0.7087700000000015,1545
2026-07-10T13:30:00+00:00,0.7087700000000015,0.7092600000000014,0.7087600000000015,0.7091000000000015,3174
2026-07-10T13:45:00+00:00,0.7091000000000015,0.7091400000000014,0.7086100000000014,0.7087200000000015,2794
2026-07-10T14:00:00+00:00,0.7087200000000015,0.7088000000000014,0.7085000000000015,0.7087600000000015,2559
2026-07-10T14:15:00+00:00,0.7087600000000015,0.7090900000000014,0.7086400000000015,0.7089000000000014,2892
2026-07-10T14:30:00+00:00,0.7089000000000014,0.7090500000000014,0.7074500000000015,0.7084400000000014,6853
2026-07-10T14:45:00+00:00,0.7084400000000014,0.7087200000000015,0.7081600000000015,0.7084700000000015,3226
2026-07-10T15:00:00+00:00,0.7084700000000015,0.7089200000000014,0.7083100000000014,0.7088300000000014,3179
2026-07-10T15:15:00+00:00,0.7088300000000014,0.7097100000000015,0.7088300000000014,0.7095900000000015,2872
2026-07-10T15:30:00+00:00,0.7095900000000015,0.7096500000000014,0.7093300000000015,0.7093900000000014,2707
2026-07-10T15:45:00+00:00,0.7093900000000014,0.7098200000000014,0.7093300000000015,0.7097500000000014,2336
2026-07-10T16:00:00+00:00,0.7097500000000014,0.7102300000000015,0.7096600000000014,0.7102100000000015,1976
2026-07-10T16:15:00+00:00,0.7102100000000015,0.7104000000000015,0.7099600000000015,0.7102900000000014,2105
2026-07-10T16:30:00+00:00,0.7102900000000014,0.7103700000000015,0.7101200000000014,0.7101300000000015,1484
2026-07-10T16:45:00+00:00,0.7101300000000015,0.7101900000000014,0.7097100000000015,0.7097200000000015,1875
2026-07-10T17:00:00+00:00,0.7097200000000015,0.7098100000000015,0.7095800000000014,0.7096700000000015,1582
2026-07-10T17:15:00+00:00,0.7096700000000015,0.7097100000000015,0.7094800000000014,0.7095700000000015,1419
2026-07-10T17:30:00+00:00,0.7095700000000015,0.7096400000000015,0.7093400000000014,0.7094700000000015,1334
2026-07-10T17:45:00+00:00,0.7094700000000015,0.7095300000000014,0.7091700000000014,0.7091900000000014,994
2026-07-10T18:00:00+00:00,0.7091900000000014,0.7093300000000015,0.7090700000000014,0.7091600000000015,1615
2026-07-10T18:15:00+00:00,0.7091600000000015,0.7092200000000014,0.7090300000000015,0.7091500000000015,1386
2026-07-10T18:30:00+00:00,0.7091500000000015,0.7092800000000015,0.7090300000000015,0.7090800000000015,991
2026-07-10T18:45:00+00:00,0.7090800000000015,0.7092300000000015,0.7090800000000015,0.7091200000000014,1058
2026-07-10T19:00:00+00:00,0.7091200000000014,0.7091500000000015,0.7089900000000015,0.7090500000000014,1102
2026-07-10T19:15:00+00:00,0.7090500000000014,0.7091200000000014,0.7090300000000015,0.7090800000000015,652
2026-07-10T19:30:00+00:00,0.7090800000000015,0.7091700000000014,0.7090000000000014,0.7090300000000015,669
2026-07-10T19:45:00+00:00,0.7090300000000015,0.7092000000000015,0.7089800000000015,0.7091300000000015,633
2026-07-10T20:00:00+00:00,0.7091300000000015,0.7093000000000015,0.7090700000000014,0.7091200000000014,434
2026-07-10T20:15:00+00:00,0.7091200000000014,0.7092000000000015,0.7090600000000015,0.7090900000000014,320
2026-07-10T20:30:00+00:00,0.7090900000000014,0.7091400000000014,0.7088700000000014,0.7091300000000015,255
2026-07-10T20:45:00+00:00,0.7091300000000015,0.7092000000000015,0.7086100000000014,0.7088300000000014,456.23270890447475
2026-07-12T21:00:00+00:00,0.7088300000000014,0.7098400000000012,0.7088300000000014,0.7096300000000013,86.69373048067463
2026-07-12T21:15:00+00:00,0.7096300000000013,0.7096600000000013,0.7094400000000013,0.7096500000000013,154.117877163481
2026-07-12T21:30:00+00:00,0.7096500000000013,0.7096900000000013,0.7094700000000013,0.7095800000000013,217.84710344003636
2026-07-12T21:45:00+00:00,0.7095800000000013,0.7095800000000013,0.7090700000000013,0.7092100000000013,233.09635515197377
2026-07-12T22:00:00+00:00,0.7092100000000013,0.7094900000000014,0.7084000000000014,0.7084300000000013,1706
2026-07-12T22:15:00+00:00,0.7084300000000013,0.7088500000000013,0.7083300000000013,0.7088500000000013,1081
2026-07-12T22:30:00+00:00,0.7088500000000013,0.7090700000000013,0.7087800000000014,0.7088300000000014,783
2026-07-12T22:45:00+00:00,0.7088300000000014,0.7090000000000014,0.7088000000000013,0.7088800000000014,418
2026-07-12T23:00:00+00:00,0.7088800000000014,0.7091600000000013,0.7087700000000013,0.7091600000000013,659
2026-07-12T23:15:00+00:00,0.7091600000000013,0.7091600000000013,0.7090000000000014,0.7091600000000013,516
2026-07-12T23:30:00+00:00,0.7091600000000013,0.7091600000000013,0.7089400000000013,0.7090500000000014,574
2026-07-12T23:45:00+00:00,0.7090500000000014,0.7093100000000013,0.7089400000000013,0.7093000000000014,1328
2026-07-13T00:00:00+00:00,0.7093000000000014,0.7095100000000014,0.7090900000000013,0.7094000000000014,2363
2026-07-13T00:15:00+00:00,0.7094000000000014,0.7094600000000013,0.7090400000000013,0.7091000000000014,2089
2026-07-13T00:30:00+00:00,0.7091000000000014,0.7092300000000014,0.7085400000000014,0.7088000000000013,2278
2026-07-13T00:45:00+00:00,0.7088000000000013,0.7089400000000013,0.7084100000000013,0.7084900000000014,2370
2026-07-13T01:00:00+00:00,0.7084900000000014,0.7085000000000014,0.7080400000000013,0.7082500000000014,2733
2026-07-13T01:15:00+00:00,0.7082500000000014,0.7086200000000014,0.7079900000000013,0.7084700000000014,3085
2026-07-13T01:30:00+00:00,0.7084700000000014,0.7088100000000014,0.7083100000000013,0.7086100000000014,2894
2026-07-13T01:45:00+00:00,0.7086100000000014,0.7088700000000013,0.7084000000000014,0.7086500000000013,2772
2026-07-13T02:00:00+00:00,0.7086500000000013,0.7087100000000014,0.7083300000000013,0.7085600000000014,2549
2026-07-13T02:15:00+00:00,0.7085600000000014,0.7089100000000014,0.7085200000000014,0.7088100000000014,1752
2026-07-13T02:30:00+00:00,0.7088100000000014,0.7089200000000013,0.7086500000000013,0.7088800000000014,1982
2026-07-13T02:45:00+00:00,0.7088800000000014,0.7088800000000014,0.7082500000000014,0.7082500000000014,1580
2026-07-13T03:00:00+00:00,0.7082500000000014,0.7083100000000013,0.7075400000000014,0.7077800000000014,1755
2026-07-13T03:15:00+00:00,0.7077800000000014,0.7079700000000013,0.7077300000000014,0.7079100000000014,1410
2026-07-13T03:30:00+00:00,0.7079100000000014,0.7081100000000013,0.7078100000000014,0.7079800000000014,1429
2026-07-13T03:45:00+00:00,0.7079800000000014,0.7081400000000013,0.7079300000000014,0.7081300000000014,1470
2026-07-13T04:00:00+00:00,0.7081300000000014,0.7081300000000014,0.7076300000000013,0.7078700000000013,1389
2026-07-13T04:15:00+00:00,0.7078700000000013,0.7081200000000014,0.7077500000000013,0.7081000000000014,1381
2026-07-13T04:30:00+00:00,0.7081000000000014,0.7082300000000014,0.7080500000000014,0.7080600000000014,982
2026-07-13T04:45:00+00:00,0.7080600000000014,0.7084700000000014,0.7080500000000014,0.7083800000000013,1015
2026-07-13T05:00:00+00:00,0.7083800000000013,0.7089300000000014,0.7083000000000014,0.7088600000000014,2017
2026-07-13T05:15:00+00:00,0.7088600000000014,0.7088700000000013,0.7078100000000014,0.7078600000000014,2190
2026-07-13T05:30:00+00:00,0.7078600000000014,0.7083800000000013,0.7076600000000014,0.7082100000000013,3036
2026-07-13T05:45:00+00:00,0.7082100000000013,0.7084100000000013,0.7078500000000013,0.7080100000000014,2955
2026-07-13T06:00:00+00:00,0.7080100000000014,0.7082600000000013,0.7075000000000014,0.7075800000000013,2755
2026-07-13T06:15:00+00:00,0.7075800000000013,0.7081500000000014,0.7075800000000013,0.7079800000000014,2133
2026-07-13T06:30:00+00:00,0.7079800000000014,0.7084500000000014,0.7079200000000013,0.7081000000000014,2297
2026-07-13T06:45:00+00:00,0.7081000000000014,0.7081900000000013,0.7078500000000013,0.7080000000000014,1620
2026-07-13T07:00:00+00:00,0.7080000000000014,0.7086300000000013,0.7079500000000014,0.7084100000000013,3437
2026-07-13T07:15:00+00:00,0.7084100000000013,0.7084700000000014,0.7081600000000013,0.7083100000000013,2103
2026-07-13T07:30:00+00:00,0.7083100000000013,0.7086900000000014,0.7079000000000014,0.7082200000000014,3029
2026-07-13T07:45:00+00:00,0.7082200000000014,0.7088700000000013,0.7082200000000014,0.7088600000000014,2177
2026-07-13T08:00:00+00:00,0.7088600000000014,0.7096800000000013,0.7088400000000014,0.7094900000000014,3673
2026-07-13T08:15:00+00:00,0.7094900000000014,0.7098400000000014,0.7092100000000013,0.7092500000000014,2932
2026-07-13T08:30:00+00:00,0.7092500000000014,0.7094700000000014,0.7090900000000013,0.7094100000000013,1802
2026-07-13T08:45:00+00:00,0.7094100000000013,0.7095700000000014,0.7093000000000014,0.7093400000000014,1661
2026-07-13T09:00:00+00:00,0.7093400000000014,0.7093800000000013,0.7090900000000013,0.7091800000000014,1589
2026-07-13T09:15:00+00:00,0.7091800000000014,0.7094500000000014,0.7090500000000014,0.7092000000000014,1746
2026-07-13T09:30:00+00:00,0.7092000000000014,0.7092700000000014,0.7090500000000014,0.7091900000000013,1892
2026-07-13T09:45:00+00:00,0.7091900000000013,0.7093200000000014,0.7090100000000014,0.7093100000000013,1833
2026-07-13T10:00:00+00:00,0.7093100000000013,0.7094400000000014,0.7091600000000013,0.7091900000000013,1911
2026-07-13T10:15:00+00:00,0.7091900000000013,0.7092400000000013,0.7089500000000014,0.7090500000000014,1885
2026-07-13T10:30:00+00:00,0.7090500000000014,0.7093800000000013,0.7090000000000014,0.7092500000000014,1502
2026-07-13T10:45:00+00:00,0.7092500000000014,0.7097500000000013,0.7092300000000014,0.7097500000000013,1791
2026-07-13T11:00:00+00:00,0.7097500000000013,0.7099800000000014,0.7095100000000014,0.7096500000000013,2584
2026-07-13T11:15:00+00:00,0.7096500000000013,0.7098700000000013,0.7093500000000014,0.7098200000000013,2178
2026-07-13T11:30:00+00:00,0.7098200000000013,0.7101000000000014,0.7097600000000014,0.7100000000000014,2017
2026-07-13T11:45:00+00:00,0.7100000000000014,0.7100100000000014,0.7095900000000014,0.7096400000000014,2260
2026-07-13T12:00:00+00:00,0.7096400000000014,0.7097500000000013,0.7089400000000013,0.7090400000000013,2529
2026-07-13T12:15:00+00:00,0.7090400000000013,0.7093900000000014,0.7090400000000013,0.7092300000000014,2082
2026-07-13T12:30:00+00:00,0.7092300000000014,0.7094400000000014,0.7091300000000014,0.7092700000000014,2007
2026-07-13T12:45:00+00:00,0.7092700000000014,0.7097200000000013,0.7092600000000013,0.7097200000000013,2277
2026-07-13T13:00:00+00:00,0.7097200000000013,0.7099400000000013,0.7093400000000014,0.7093900000000014,2317
2026-07-13T13:15:00+00:00,0.7093900000000014,0.7094800000000013,0.7092000000000014,0.7093900000000014,1843
2026-07-13T13:30:00+00:00,0.7093900000000014,0.7095200000000014,0.7086900000000014,0.7088600000000014,3758
2026-07-13T13:45:00+00:00,0.7088600000000014,0.7090400000000013,0.7085200000000014,0.7087600000000014,3493
2026-07-13T14:00:00+00:00,0.7087600000000014,0.7090700000000013,0.7086800000000013,0.7088600000000014,3697
2026-07-13T14:15:00+00:00,0.7088600000000014,0.7089700000000013,0.7077800000000014,0.7088600000000014,7157
2026-07-13T14:30:00+00:00,0.7088600000000014,0.7089400000000013,0.7083500000000014,0.7085200000000014,3532
2026-07-13T14:45:00+00:00,0.7085200000000014,0.7087600000000014,0.7082600000000013,0.7087300000000014,3469
2026-07-13T15:00:00+00:00,0.7087300000000014,0.7089500000000014,0.7085900000000014,0.7087200000000013,2656
2026-07-13T15:15:00+00:00,0.7087200000000013,0.7090100000000014,0.7085200000000014,0.7087900000000014,2274
2026-07-13T15:30:00+00:00,0.7087900000000014,0.7088400000000014,0.7085200000000014,0.7085400000000014,2339
2026-07-13T15:45:00+00:00,0.7085400000000014,0.7086500000000013,0.7083500000000014,0.7085400000000014,2094
2026-07-13T16:00:00+00:00,0.7085400000000014,0.7088200000000013,0.7084300000000013,0.7086800000000013,1748
2026-07-13T16:15:00+00:00,0.7086800000000013,0.7087100000000014,0.7077900000000014,0.7078900000000014,2116
2026-07-13T16:30:00+00:00,0.7078900000000014,0.7079300000000014,0.7069000000000014,0.7075300000000013,4526
2026-07-13T16:45:00+00:00,0.7075300000000013,0.7077200000000013,0.7069100000000014,0.7073100000000013,3576
2026-07-13T17:00:00+00:00,0.7073100000000013,0.7076000000000013,0.7071600000000013,0.7074900000000014,2294
2026-07-13T17:15:00+00:00,0.7074900000000014,0.7077400000000014,0.7074100000000013,0.7075500000000013,1781
2026-07-13T17:30:00+00:00,0.7075500000000013,0.7076100000000014,0.7073500000000014,0.7075800000000013,1645
2026-07-13T17:45:00+00:00,0.7075800000000013,0.7077400000000014,0.7072000000000014,0.7072600000000013,1908
2026-07-13T18:00:00+00:00,0.7072600000000013,0.7073700000000014,0.7070700000000013,0.7071400000000013,1890
2026-07-13T18:15:00+00:00,0.7071400000000013,0.7072200000000014,0.7068900000000014,0.7071500000000014,1671
2026-07-13T18:30:00+00:00,0.7071500000000014,0.7073400000000014,0.7070900000000013,0.7072600000000013,1704
2026-07-13T18:45:00+00:00,0.7072600000000013,0.7073700000000014,0.7071900000000013,0.7073300000000013,1254
2026-07-13T19:00:00+00:00,0.7073300000000013,0.7073800000000013,0.7068200000000013,0.7068300000000014,1546
2026-07-13T19:15:00+00:00,0.7068300000000014,0.7069300000000014,0.7067800000000014,0.7068000000000013,1257
2026-07-13T19:30:00+00:00,0.7068000000000013,0.7068800000000014,0.7066200000000014,0.7068200000000013,1337
2026-07-13T19:45:00+00:00,0.7068200000000013,0.7069500000000014,0.7067500000000013,0.7069100000000014,1164
2026-07-13T20:00:00+00:00,0.7069100000000014,0.7069400000000013,0.7066300000000013,0.7066400000000014,785
2026-07-13T20:15:00+00:00,0.7066400000000014,0.7067200000000013,0.7064500000000014,0.7067100000000014,561
2026-07-13T20:30:00+00:00,0.7067100000000014,0.7069000000000014,0.7066500000000013,0.7068800000000014,399
2026-07-13T20:45:00+00:00,0.7068800000000014,0.7069300000000014,0.7067800000000014,0.7068800000000014,509
2026-07-13T21:00:00+00:00,0.7068800000000014,0.7068800000000014,0.7064700000000014,0.7064900000000014,111.78335249843236
2026-07-13T21:15:00+00:00,0.7064900000000014,0.7065300000000014,0.7062400000000014,0.7064100000000014,43.57011171666336
2026-07-13T21:30:00+00:00,0.7064100000000014,0.7068900000000014,0.7064100000000014,0.7068900000000014,239.03857643201104
2026-07-13T21:45:00+00:00,0.7068900000000014,0.7069800000000014,0.7067800000000013,0.7069200000000013,172
2026-07-13T22:00:00+00:00,0.7069200000000013,0.7072400000000013,0.7068900000000014,0.7071600000000013,645
2026-07-13T22:15:00+00:00,0.7071600000000013,0.7072500000000014,0.7071200000000013,0.7071800000000013,293.9140546006067
2026-07-13T22:30:00+00:00,0.7071800000000013,0.7071800000000013,0.7069400000000012,0.7071100000000012,313
2026-07-13T22:45:00+00:00,0.7071100000000012,0.7071100000000012,0.7068600000000013,0.7069000000000012,325
2026-07-13T23:00:00+00:00,0.7069000000000012,0.7069600000000013,0.7068200000000012,0.7069600000000013,518
2026-07-13T23:15:00+00:00,0.7069600000000013,0.7069600000000013,0.7067600000000013,0.7068600000000013,365
2026-07-13T23:30:00+00:00,0.7068600000000013,0.7070400000000012,0.7067500000000012,0.7069400000000012,578
2026-07-13T23:45:00+00:00,0.7069400000000012,0.7071900000000012,0.7067900000000013,0.7071700000000012,1462
2026-07-14T00:00:00+00:00,0.7071700000000012,0.7072200000000013,0.7065800000000012,0.7070200000000012,3923
2026-07-14T00:15:00+00:00,0.7070200000000012,0.7070700000000012,0.7065000000000012,0.7067700000000012,4060
2026-07-14T00:30:00+00:00,0.7067700000000012,0.7072300000000012,0.7067600000000013,0.7072000000000013,3172
2026-07-14T00:45:00+00:00,0.7072000000000013,0.7074400000000013,0.7070700000000012,0.7071100000000012,3496
2026-07-14T01:00:00+00:00,0.7071100000000012,0.7072300000000012,0.7069600000000013,0.7071200000000012,2839
2026-07-14T01:15:00+00:00,0.7071200000000012,0.7076400000000013,0.7070800000000013,0.7072000000000013,2981
2026-07-14T01:30:00+00:00,0.7072000000000013,0.7072800000000012,0.7068200000000012,0.7072300000000012,2577
2026-07-14T01:45:00+00:00,0.7072300000000012,0.7074400000000013,0.7071300000000013,0.7072600000000012,2123
2026-07-14T02:00:00+00:00,0.7072600000000012,0.7076100000000013,0.7072000000000013,0.7075000000000012,2639
2026-07-14T02:15:00+00:00,0.7075000000000012,0.7077600000000013,0.7074900000000013,0.7077300000000012,2199
2026-07-14T02:30:00+00:00,0.7077300000000012,0.7080400000000012,0.7076000000000012,0.7079000000000012,2264
2026-07-14T02:45:00+00:00,0.7079000000000012,0.7079800000000013,0.7075600000000012,0.7076000000000012,1969
2026-07-14T03:00:00+00:00,0.7076000000000012,0.7077500000000012,0.7073800000000012,0.7075100000000012,1803
2026-07-14T03:15:00+00:00,0.7075100000000012,0.7079400000000012,0.7074600000000012,0.7079200000000012,1807
2026-07-14T03:30:00+00:00,0.7079200000000012,0.7084000000000013,0.7078800000000013,0.7080800000000013,2453
2026-07-14T03:45:00+00:00,0.7080800000000013,0.7085200000000013,0.7080600000000012,0.7082500000000013,1784
2026-07-14T04:00:00+00:00,0.7082500000000013,0.7085400000000013,0.7081400000000012,0.7083400000000012,1528
2026-07-14T04:15:00+00:00,0.7083400000000012,0.7084400000000013,0.7081300000000013,0.7081400000000012,1814
2026-07-14T04:30:00+00:00,0.7081400000000012,0.7085300000000012,0.7080700000000012,0.7084200000000013,1559
2026-07-14T04:45:00+00:00,0.7084200000000013,0.7085800000000012,0.7081500000000013,0.7085200000000013,1553
2026-07-14T05:00:00+00:00,0.7085200000000013,0.7087200000000012,0.7084800000000012,0.7086700000000012,1439
2026-07-14T05:15:00+00:00,0.7086700000000012,0.7088300000000013,0.7085700000000013,0.7087400000000013,1206
2026-07-14T05:30:00+00:00,0.7087400000000013,0.7091000000000013,0.7086900000000013,0.7088300000000013,2001
2026-07-14T05:45:00+00:00,0.7088300000000013,0.7089000000000012,0.7085600000000012,0.7086500000000012,1558
2026-07-14T06:00:00+00:00,0.7086500000000012,0.7087500000000012,0.7085000000000012,0.7085200000000013,2449
2026-07-14T06:15:00+00:00,0.7085200000000013,0.7085400000000013,0.7082800000000012,0.7083300000000012,1851
2026-07-14T06:30:00+00:00,0.7083300000000012,0.7088000000000012,0.7083100000000012,0.7084400000000013,2358
2026-07-14T06:45:00+00:00,0.7084400000000013,0.7084500000000012,0.7080700000000012,0.7080900000000012,1653
2026-07-14T07:00:00+00:00,0.7080900000000012,0.7086800000000012,0.7079900000000012,0.7085900000000013,2864
2026-07-14T07:15:00+00:00,0.7085900000000013,0.7092000000000013,0.7085400000000013,0.7091500000000013,2742
2026-07-14T07:30:00+00:00,0.7091500000000013,0.7092900000000012,0.7088600000000013,0.7092200000000013,2512
2026-07-14T07:45:00+00:00,0.7092200000000013,0.7095300000000012,0.7091600000000012,0.7093100000000012,2570
2026-07-14T08:00:00+00:00,0.7093100000000012,0.7094300000000012,0.7089400000000012,0.7089900000000012,2344
2026-07-14T08:15:00+00:00,0.7089900000000012,0.7092600000000012,0.7089400000000012,0.7091900000000012,1701
2026-07-14T08:30:00+00:00,0.7091900000000012,0.7096700000000012,0.7091100000000012,0.7096600000000013,1931
2026-07-14T08:45:00+00:00,0.7096600000000013,0.7097700000000012,0.7094200000000013,0.7095700000000013,2314
2026-07-14T09:00:00+00:00,0.7095700000000013,0.7104900000000013,0.7095100000000012,0.7104700000000013,2158
2026-07-14T09:15:00+00:00,0.7104700000000013,0.7104800000000012,0.7100100000000013,0.7100200000000012,1968
2026-07-14T09:30:00+00:00,0.7100200000000012,0.7102400000000012,0.7100200000000012,0.7100500000000013,1519
2026-07-14T09:45:00+00:00,0.7100500000000013,0.7106000000000012,0.7100200000000012,0.7103900000000012,2102
2026-07-14T10:00:00+00:00,0.7103900000000012,0.7105500000000012,0.7100600000000012,0.7100900000000012,2130
2026-07-14T10:15:00+00:00,0.7100900000000012,0.7101900000000012,0.7098600000000013,0.7098600000000013,1676
2026-07-14T10:30:00+00:00,0.7098600000000013,0.7099000000000012,0.7093400000000012,0.7095000000000012,2316
2026-07-14T10:45:00+00:00,0.7095000000000012,0.7095900000000013,0.7092700000000013,0.7093000000000013,1394
2026-07-14T11:00:00+00:00,0.7093000000000013,0.7093300000000012,0.7090600000000012,0.7092200000000013,2207
2026-07-14T11:15:00+00:00,0.7092200000000013,0.7094500000000012,0.7090800000000013,0.7093400000000012,2134
2026-07-14T11:30:00+00:00,0.7093400000000012,0.7096500000000012,0.7093100000000012,0.7094300000000012,1936
2026-07-14T11:45:00+00:00,0.7094300000000012,0.7098000000000012,0.7094200000000013,0.7096900000000013,2116
2026-07-14T12:00:00+00:00,0.7096900000000013,0.7097000000000012,0.7093700000000013,0.7093700000000013,2727
2026-07-14T12:15:00+00:00,0.7093700000000013,0.7099300000000013,0.7093100000000012,0.7097700000000012,2626
2026-07-14T12:30:00+00:00,0.7097700000000012,0.7135800000000012,0.7097700000000012,0.7134000000000013,13513
2026-07-14T12:45:00+00:00,0.7134000000000013,0.7135400000000013,0.7118700000000012,0.7121500000000013,7382
2026-07-14T13:00:00+00:00,0.7121500000000013,0.7128600000000013,0.7120700000000012,0.7123400000000012,6025
2026-07-14T13:15:00+00:00,0.7123400000000012,0.7130500000000013,0.7120800000000013,0.7127600000000013,4958
2026-07-14T13:30:00+00:00,0.7127600000000013,0.7133800000000012,0.7126000000000012,0.7132100000000012,6808
2026-07-14T13:45:00+00:00,0.7132100000000012,0.7135500000000012,0.7128600000000013,0.7133700000000013,4342
2026-07-14T14:00:00+00:00,0.7133700000000013,0.7139400000000012,0.7133000000000013,0.7136800000000012,4299
2026-07-14T14:15:00+00:00,0.7136800000000012,0.7141600000000012,0.7130700000000012,0.7132400000000012,5904
2026-07-14T14:30:00+00:00,0.7132400000000012,0.7145400000000013,0.7131100000000012,0.7138200000000012,6086
2026-07-14T14:45:00+00:00,0.7138200000000012,0.7140600000000012,0.7136100000000012,0.7139000000000012,3783
2026-07-14T15:00:00+00:00,0.7139000000000012,0.7145300000000012,0.7137200000000012,0.7144000000000013,5001
2026-07-14T15:15:00+00:00,0.7144000000000013,0.7144300000000012,0.7138900000000012,0.7139400000000012,2022
2026-07-14T15:30:00+00:00,0.7139400000000012,0.7140200000000012,0.7126000000000012,0.7129300000000013,4055
2026-07-14T15:45:00+00:00,0.7129300000000013,0.7131300000000013,0.7123800000000012,0.7125300000000012,3888
2026-07-14T16:00:00+00:00,0.7125300000000012,0.7126100000000012,0.7120900000000012,0.7125800000000012,3437
2026-07-14T16:15:00+00:00,0.7125800000000012,0.7127700000000012,0.7123900000000012,0.7127300000000012,2355
2026-07-14T16:30:00+00:00,0.7127300000000012,0.7130500000000013,0.7127100000000013,0.7129500000000012,1845
2026-07-14T16:45:00+00:00,0.7129500000000012,0.7130700000000012,0.7126900000000013,0.7130300000000013,1780
2026-07-14T17:00:00+00:00,0.7130300000000013,0.7131700000000012,0.7125000000000012,0.7125100000000012,2033
2026-07-14T17:15:00+00:00,0.7125100000000012,0.7128300000000013,0.7123100000000012,0.7127300000000012,2147
2026-07-14T17:30:00+00:00,0.7127300000000012,0.7128200000000012,0.7126800000000012,0.7127900000000013,1101
2026-07-14T17:45:00+00:00,0.7127900000000013,0.7129100000000013,0.7126500000000012,0.7127400000000013,1406
2026-07-14T18:00:00+00:00,0.7127400000000013,0.7128700000000012,0.7127200000000012,0.7128100000000013,1570
2026-07-14T18:15:00+00:00,0.7128100000000013,0.7129200000000012,0.7125200000000013,0.7126600000000013,1273
2026-07-14T18:30:00+00:00,0.7126600000000013,0.7127400000000013,0.7121600000000012,0.7123700000000013,2020
2026-07-14T18:45:00+00:00,0.7123700000000013,0.7127100000000013,0.7123500000000013,0.7126800000000012,1381
2026-07-14T19:00:00+00:00,0.7126800000000012,0.7127500000000012,0.7125200000000013,0.7127200000000012,1239
2026-07-14T19:15:00+00:00,0.7127200000000012,0.7127700000000012,0.7125400000000013,0.7126300000000012,1092
2026-07-14T19:30:00+00:00,0.7126300000000012,0.7126400000000013,0.7123300000000012,0.7125200000000013,1982
2026-07-14T19:45:00+00:00,0.7125200000000013,0.7126900000000013,0.7124800000000012,0.7124800000000012,1332
2026-07-14T20:00:00+00:00,0.7124800000000012,0.7125200000000013,0.7123700000000013,0.7124200000000013,585
2026-07-14T20:15:00+00:00,0.7124200000000013,0.7124600000000012,0.7123000000000013,0.7124100000000012,423
2026-07-14T20:30:00+00:00,0.7124100000000012,0.7125600000000012,0.7123700000000013,0.7125200000000013,454
2026-07-14T20:45:00+00:00,0.7125200000000013,0.7126900000000013,0.7124700000000013,0.7126100000000012,585
2026-07-14T21:00:00+00:00,0.7126100000000012,0.7126100000000012,0.7121100000000011,0.7121700000000012,52.62023812908533
2026-07-14T21:15:00+00:00,0.7121700000000012,0.7122900000000012,0.7118800000000012,0.7121700000000012,325
2026-07-14T21:30:00+00:00,0.7121700000000012,0.7125400000000012,0.7120400000000012,0.7125000000000012,541
2026-07-14T21:45:00+00:00,0.7125000000000012,0.7125800000000012,0.7122600000000012,0.7124500000000012,383
2026-07-14T22:00:00+00:00,0.7124500000000012,0.7125800000000012,0.7123500000000013,0.7124000000000013,431
2026-07-14T22:15:00+00:00,0.7124000000000013,0.7125700000000013,0.7123900000000012,0.7125500000000012,281.4159530217764
2026-07-14T22:30:00+00:00,0.7125500000000012,0.7125800000000012,0.7124700000000012,0.7125000000000012,343
2026-07-14T22:45:00+00:00,0.7125000000000012,0.7125300000000012,0.7123700000000012,0.7124100000000012,195
2026-07-14T23:00:00+00:00,0.7124100000000012,0.7125300000000012,0.7123300000000012,0.7125200000000012,450
2026-07-14T23:15:00+00:00,0.7125200000000012,0.7127200000000012,0.7124800000000012,0.7127100000000012,432
2026-07-14T23:30:00+00:00,0.7127100000000012,0.7128800000000012,0.7126700000000012,0.7128000000000012,508
2026-07-14T23:45:00+00:00,0.7128000000000012,0.7128200000000012,0.7126000000000012,0.7127600000000012,726
2026-07-15T00:00:00+00:00,0.7127600000000012,0.7130600000000012,0.7126900000000012,0.7128900000000012,2025
2026-07-15T00:15:00+00:00,0.7128900000000012,0.7134500000000012,0.7128800000000012,0.7133900000000012,1425
2026-07-15T00:30:00+00:00,0.7133900000000012,0.7134300000000012,0.7128100000000012,0.7129800000000012,1054
2026-07-15T00:45:00+00:00,0.7129800000000012,0.7136900000000012,0.7129600000000013,0.7136400000000012,1693
2026-07-15T01:00:00+00:00,0.7136400000000012,0.7137400000000013,0.7132700000000012,0.7135800000000012,2575
2026-07-15T01:15:00+00:00,0.7135800000000012,0.7138700000000012,0.7133200000000012,0.7134400000000012,2035
2026-07-15T01:30:00+00:00,0.7134400000000012,0.7135200000000012,0.7130900000000012,0.7131300000000012,2183
2026-07-15T01:45:00+00:00,0.7131300000000012,0.7138500000000012,0.7131200000000012,0.7138200000000012,1912
2026-07-15T02:00:00+00:00,0.7138200000000012,0.7140600000000012,0.7136600000000012,0.7136700000000012,1538
2026-07-15T02:15:00+00:00,0.7136700000000012,0.7137100000000012,0.7133800000000012,0.7136900000000012,1334
2026-07-15T02:30:00+00:00,0.7136900000000012,0.7143000000000012,0.7136600000000012,0.7142100000000012,1456
2026-07-15T02:45:00+00:00,0.7142100000000012,0.7143400000000012,0.7139600000000013,0.7142800000000012,1480
2026-07-15T03:00:00+00:00,0.7142800000000012,0.7144300000000012,0.7138900000000012,0.7139900000000012,1626
2026-07-15T03:15:00+00:00,0.7139900000000012,0.7140100000000013,0.7136000000000012,0.7137000000000012,1449
2026-07-15T03:30:00+00:00,0.7137000000000012,0.7137600000000012,0.7135100000000012,0.7135200000000012,1324
2026-07-15T03:45:00+00:00,0.7135200000000012,0.7139600000000013,0.7135000000000012,0.7138400000000013,1027
2026-07-15T04:00:00+00:00,0.7138400000000013,0.7140200000000012,0.7136300000000012,0.7136900000000012,932
2026-07-15T04:15:00+00:00,0.7136900000000012,0.7137700000000012,0.7135600000000012,0.7135800000000012,871
2026-07-15T04:30:00+00:00,0.7135800000000012,0.7136800000000012,0.7134900000000012,0.7135100000000012,652
2026-07-15T04:45:00+00:00,0.7135100000000012,0.7136500000000012,0.7134500000000012,0.7135100000000012,713
2026-07-15T05:00:00+00:00,0.7135100000000012,0.7136200000000013,0.7134000000000013,0.7134900000000012,1669
2026-07-15T05:15:00+00:00,0.7134900000000012,0.7136900000000012,0.7133400000000012,0.7135100000000012,1334
2026-07-15T05:30:00+00:00,0.7135100000000012,0.7138800000000012,0.7134200000000012,0.7138600000000012,1763
2026-07-15T05:45:00+00:00,0.7138600000000012,0.7140800000000012,0.7138100000000012,0.7138500000000012,1403
2026-07-15T06:00:00+00:00,0.7138500000000012,0.7139500000000012,0.7137300000000012,0.7138000000000012,1308
2026-07-15T06:15:00+00:00,0.7138000000000012,0.7142300000000013,0.7138000000000012,0.7140900000000012,1643
2026-07-15T06:30:00+00:00,0.7140900000000012,0.7141400000000012,0.7137600000000012,0.7138400000000013,1618
2026-07-15T06:45:00+00:00,0.7138400000000013,0.7139000000000012,0.7135900000000012,0.7136400000000012,2032
2026-07-15T07:00:00+00:00,0.7136400000000012,0.7141500000000012,0.7135900000000012,0.7141000000000012,2275
2026-07-15T07:15:00+00:00,0.7141000000000012,0.7141200000000012,0.7129000000000012,0.7132200000000012,2077
2026-07-15T07:30:00+00:00,0.7132200000000012,0.7137000000000012,0.7131100000000012,0.7136600000000012,2087
2026-07-15T07:45:00+00:00,0.7136600000000012,0.7139500000000012,0.7135400000000012,0.7138100000000012,1649
2026-07-15T08:00:00+00:00,0.7138100000000012,0.7141200000000012,0.7136400000000012,0.7137500000000012,2369
2026-07-15T08:15:00+00:00,0.7137500000000012,0.7140100000000013,0.7135900000000012,0.7139700000000012,1805
2026-07-15T08:30:00+00:00,0.7139700000000012,0.7141400000000012,0.7137900000000013,0.7138300000000012,1777
2026-07-15T08:45:00+00:00,0.7138300000000012,0.7139500000000012,0.7135800000000012,0.7139500000000012,1345
2026-07-15T09:00:00+00:00,0.7139500000000012,0.7141300000000012,0.7138000000000012,0.7140600000000012,1864
2026-07-15T09:15:00+00:00,0.7140600000000012,0.7141900000000012,0.7138100000000012,0.7138400000000013,1777
2026-07-15T09:30:00+00:00,0.7138400000000013,0.7139500000000012,0.7136000000000012,0.7139300000000012,1403
2026-07-15T09:45:00+00:00,0.7139300000000012,0.7139300000000012,0.7136100000000012,0.7137400000000013,1628
2026-07-15T10:00:00+00:00,0.7137400000000013,0.7137500000000012,0.7134900000000012,0.7137200000000012,1699
2026-07-15T10:15:00+00:00,0.7137200000000012,0.7137600000000012,0.7131400000000012,0.7132400000000012,2085
2026-07-15T10:30:00+00:00,0.7132400000000012,0.7135300000000012,0.7132400000000012,0.7133600000000012,1734
2026-07-15T10:45:00+00:00,0.7133600000000012,0.7135400000000012,0.7133400000000012,0.7135200000000012,1275
2026-07-15T11:00:00+00:00,0.7135200000000012,0.7137700000000012,0.7134500000000012,0.7136100000000012,1272
2026-07-15T11:15:00+00:00,0.7136100000000012,0.7136300000000012,0.7134100000000012,0.7135100000000012,1408
2026-07-15T11:30:00+00:00,0.7135100000000012,0.7137600000000012,0.7134100000000012,0.7135500000000012,1478
2026-07-15T11:45:00+00:00,0.7135500000000012,0.7138600000000012,0.7134700000000012,0.7136800000000012,2551
2026-07-15T12:00:00+00:00,0.7136800000000012,0.7138100000000012,0.7134100000000012,0.7135300000000012,2441
2026-07-15T12:15:00+00:00,0.7135300000000012,0.7136200000000013,0.7134000000000013,0.7135500000000012,1798
2026-07-15T12:30:00+00:00,0.7135500000000012,0.7144700000000012,0.7134800000000012,0.7144700000000012,3882
2026-07-15T12:45:00+00:00,0.7144700000000012,0.7148700000000012,0.7143500000000013,0.7147600000000012,2396
2026-07-15T13:00:00+00:00,0.7147600000000012,0.7150200000000012,0.7144800000000012,0.7144800000000012,2520
2026-07-15T13:15:00+00:00,0.7144800000000012,0.7148500000000012,0.7143000000000012,0.7143600000000012,2140
2026-07-15T13:30:00+00:00,0.7143600000000012,0.7147100000000012,0.7143300000000012,0.7143700000000012,3079
2026-07-15T13:45:00+00:00,0.7143700000000012,0.7148600000000012,0.7141300000000012,0.7145400000000012,3321
2026-07-15T14:00:00+00:00,0.7145400000000012,0.7149400000000012,0.7143500000000013,0.7144800000000012,3087
2026-07-15T14:15:00+00:00,0.7144800000000012,0.7148000000000012,0.7143200000000012,0.7146300000000012,3465
2026-07-15T14:30:00+00:00,0.7146300000000012,0.7149100000000012,0.7144600000000012,0.7148700000000012,3832
2026-07-15T14:45:00+00:00,0.7148700000000012,0.7151100000000012,0.7146200000000013,0.7150400000000012,3728
2026-07-15T15:00:00+00:00,0.7150400000000012,0.7151900000000012,0.7147800000000012,0.7147900000000013,2698
2026-07-15T15:15:00+00:00,0.7147900000000013,0.7154300000000012,0.7146400000000012,0.7154000000000013,2884
2026-07-15T15:30:00+00:00,0.7154000000000013,0.7154100000000012,0.7150400000000012,0.7151800000000013,3015
2026-07-15T15:45:00+00:00,0.7151800000000013,0.7153600000000012,0.7149200000000012,0.7149400000000012,2030
2026-07-15T16:00:00+00:00,0.7149400000000012,0.7150300000000012,0.7145800000000012,0.7147000000000012,2430
2026-07-15T16:15:00+00:00,0.7147000000000012,0.7148500000000012,0.7145200000000012,0.7146500000000012,2147
2026-07-15T16:30:00+00:00,0.7146500000000012,0.7147100000000012,0.7140400000000012,0.7141400000000012,2328
2026-07-15T16:45:00+00:00,0.7141400000000012,0.7145400000000012,0.7140500000000012,0.7144800000000012,2700
2026-07-15T17:00:00+00:00,0.7144800000000012,0.7150900000000012,0.7144700000000012,0.7149500000000012,1975
2026-07-15T17:15:00+00:00,0.7149500000000012,0.7154200000000012,0.7148700000000012,0.7154200000000012,1778
2026-07-15T17:30:00+00:00,0.7154200000000012,0.7165300000000012,0.7154000000000013,0.7164800000000012,2662
2026-07-15T17:45:00+00:00,0.7164800000000012,0.7167700000000012,0.7162600000000012,0.7165800000000012,1959
2026-07-15T18:00:00+00:00,0.7165800000000012,0.7168900000000012,0.7165800000000012,0.7167400000000012,1472
2026-07-15T18:15:00+00:00,0.7167400000000012,0.7170600000000013,0.7166900000000012,0.7170300000000012,1250
2026-07-15T18:30:00+00:00,0.7170300000000012,0.7172500000000012,0.7165900000000012,0.7166100000000012,1641
2026-07-15T18:45:00+00:00,0.7166100000000012,0.7166400000000012,0.7159700000000012,0.7159800000000012,2083
2026-07-15T19:00:00+00:00,0.7159800000000012,0.7164400000000012,0.7159400000000012,0.7163400000000012,1773
2026-07-15T19:15:00+00:00,0.7163400000000012,0.7163700000000012,0.7159300000000012,0.7160900000000012,1382
2026-07-15T19:30:00+00:00,0.7160900000000012,0.7161200000000012,0.7156000000000012,0.7157400000000012,2464
2026-07-15T19:45:00+00:00,0.7157400000000012,0.7158500000000012,0.7156300000000012,0.7158500000000012,1479
2026-07-15T20:00:00+00:00,0.7158500000000012,0.7159400000000012,0.7156400000000012,0.7157000000000012,790
2026-07-15T20:15:00+00:00,0.7157000000000012,0.7159100000000012,0.7156400000000012,0.7159000000000012,342
2026-07-15T20:30:00+00:00,0.7159000000000012,0.7159100000000012,0.7157900000000013,0.7158500000000012,469
2026-07-15T20:45:00+00:00,0.7158500000000012,0.7159000000000012,0.7155800000000012,0.7156500000000012,493
2026-07-15T21:00:00+00:00,0.7156500000000012,0.7156500000000012,0.7147500000000012,0.7148500000000013,103.12578152520346
2026-07-15T21:15:00+00:00,0.7148500000000013,0.7150500000000013,0.7147100000000013,0.7147500000000012,211.7140259212414
2026-07-15T21:30:00+00:00,0.7147500000000012,0.7150000000000013,0.7147300000000012,0.7148400000000013,530
2026-07-15T21:45:00+00:00,0.7148400000000013,0.7149700000000012,0.7147900000000013,0.7148100000000013,644
2026-07-15T22:00:00+00:00,0.7148100000000013,0.7153000000000013,0.7148100000000013,0.7151900000000012,284
2026-07-15T22:15:00+00:00,0.7151900000000012,0.7152400000000012,0.7151400000000012,0.7152300000000013,269
2026-07-15T22:30:00+00:00,0.7152300000000013,0.7152600000000012,0.7151300000000013,0.7151700000000013,276.089006614588
2026-07-15T22:45:00+00:00,0.7151700000000013,0.7152500000000013,0.7151100000000012,0.7151700000000013,265.5569573122182
2026-07-15T23:00:00+00:00,0.7151700000000013,0.7153300000000012,0.7151600000000012,0.7153200000000013,356.4505653115227
2026-07-15T23:15:00+00:00,0.7153200000000013,0.7155800000000012,0.7152700000000013,0.7155000000000012,668
2026-07-15T23:30:00+00:00,0.7155000000000012,0.7156200000000013,0.7154500000000013,0.7155700000000013,477
2026-07-15T23:45:00+00:00,0.7155700000000013,0.7155700000000013,0.7153500000000013,0.7153600000000012,648
2026-07-16T00:00:00+00:00,0.7153600000000012,0.7156800000000013,0.7153200000000013,0.7156100000000013,1793
2026-07-16T00:15:00+00:00,0.7156100000000013,0.7156300000000013,0.7151100000000012,0.7151100000000012,1210
2026-07-16T00:30:00+00:00,0.7151100000000012,0.7151700000000013,0.7145100000000013,0.7146100000000013,1580
2026-07-16T00:45:00+00:00,0.7146100000000013,0.7146600000000013,0.7141600000000012,0.7144400000000013,2269
2026-07-16T01:00:00+00:00,0.7144400000000013,0.7145300000000012,0.7139300000000013,0.7142000000000013,2133
2026-07-16T01:15:00+00:00,0.7142000000000013,0.7142300000000013,0.7136800000000013,0.7137100000000013,2325
2026-07-16T01:30:00+00:00,0.7137100000000013,0.7139400000000012,0.7136100000000013,0.7138600000000013,2146
2026-07-16T01:45:00+00:00,0.7138600000000013,0.7140700000000013,0.7137500000000012,0.7138100000000013,1718
2026-07-16T02:00:00+00:00,0.7138100000000013,0.7138100000000013,0.7132000000000013,0.7133300000000012,2146
2026-07-16T02:15:00+00:00,0.7133300000000012,0.7139800000000013,0.7132400000000013,0.7139700000000012,1638
2026-07-16T02:30:00+00:00,0.7139700000000012,0.7139800000000013,0.7136100000000013,0.7137700000000012,1632
2026-07-16T02:45:00+00:00,0.7137700000000012,0.7141600000000012,0.7137500000000012,0.7141300000000013,1062
2026-07-16T03:00:00+00:00,0.7141300000000013,0.7144300000000012,0.7140500000000013,0.7142900000000013,1210
2026-07-16T03:15:00+00:00,0.7142900000000013,0.7145300000000012,0.7142600000000012,0.7145000000000012,1063
2026-07-16T03:30:00+00:00,0.7145000000000012,0.7147400000000013,0.7144100000000013,0.7144100000000013,1375
2026-07-16T03:45:00+00:00,0.7144100000000013,0.7146700000000012,0.7143100000000012,0.7146600000000013,1063
2026-07-16T04:00:00+00:00,0.7146600000000013,0.7149500000000013,0.7145100000000013,0.7148900000000012,1256
2026-07-16T04:15:00+00:00,0.7148900000000012,0.7149100000000013,0.7146700000000012,0.7147200000000012,1013
2026-07-16T04:30:00+00:00,0.7147200000000012,0.7148900000000012,0.7146600000000013,0.7147400000000013,1254
2026-07-16T04:45:00+00:00,0.7147400000000013,0.7147800000000013,0.7144600000000013,0.7145000000000012,964
2026-07-16T05:00:00+00:00,0.7145000000000012,0.7145300000000012,0.7142000000000013,0.7145200000000013,1018
2026-07-16T05:15:00+00:00,0.7145200000000013,0.7147300000000013,0.7144900000000013,0.7145400000000013,1546
2026-07-16T05:30:00+00:00,0.7145400000000013,0.7146700000000012,0.7141100000000012,0.7142100000000012,2020
2026-07-16T05:45:00+00:00,0.7142100000000012,0.7142500000000013,0.7139900000000012,0.7140600000000012,1898
2026-07-16T06:00:00+00:00,0.7140600000000012,0.7143600000000012,0.7140300000000013,0.7143100000000012,2553
2026-07-16T06:15:00+00:00,0.7143100000000012,0.7144800000000012,0.7141700000000013,0.7143700000000013,1640
2026-07-16T06:30:00+00:00,0.7143700000000013,0.7144000000000013,0.7140000000000013,0.7142200000000013,2067
2026-07-16T06:45:00+00:00,0.7142200000000013,0.7146600000000013,0.7140600000000012,0.7145600000000013,1989
2026-07-16T07:00:00+00:00,0.7145600000000013,0.7146100000000013,0.7143200000000013,0.7143200000000013,2073
2026-07-16T07:15:00+00:00,0.7143200000000013,0.7147200000000012,0.7142500000000013,0.7143300000000012,1916
2026-07-16T07:30:00+00:00,0.7143300000000012,0.7144400000000013,0.7142600000000012,0.7143400000000013,1102
2026-07-16T07:45:00+00:00,0.7143400000000013,0.7145900000000013,0.7142800000000012,0.7143300000000012,1434
2026-07-16T08:00:00+00:00,0.7143300000000012,0.7146000000000012,0.7140300000000013,0.7140400000000012,2372
2026-07-16T08:15:00+00:00,0.7140400000000012,0.7143300000000012,0.7140000000000013,0.7141600000000012,2043
2026-07-16T08:30:00+00:00,0.7141600000000012,0.7143800000000012,0.7141600000000012,0.7142500000000013,1489
2026-07-16T08:45:00+00:00,0.7142500000000013,0.7144700000000013,0.7141900000000012,0.7144400000000013,1492
2026-07-16T09:00:00+00:00,0.7144400000000013,0.7147200000000012,0.7143900000000013,0.7147200000000012,1953
2026-07-16T09:15:00+00:00,0.7147200000000012,0.7149200000000012,0.7145100000000013,0.7145100000000013,1649
2026-07-16T09:30:00+00:00,0.7145100000000013,0.7145500000000012,0.7143300000000012,0.7143900000000013,1650
2026-07-16T09:45:00+00:00,0.7143900000000013,0.7146300000000013,0.7142800000000012,0.7145400000000013,1925
2026-07-16T10:00:00+00:00,0.7145400000000013,0.7147600000000013,0.7144900000000013,0.7147400000000013,1524
2026-07-16T10:15:00+00:00,0.7147400000000013,0.7149600000000013,0.7147200000000012,0.7148700000000012,1227
2026-07-16T10:30:00+00:00,0.7148700000000012,0.7150700000000013,0.7147900000000013,0.7150300000000013,1166
2026-07-16T10:45:00+00:00,0.7150300000000013,0.7151400000000012,0.7149000000000013,0.7149100000000013,1347
2026-07-16T11:00:00+00:00,0.7149100000000013,0.7150900000000012,0.7148100000000013,0.7150300000000013,1548
2026-07-16T11:15:00+00:00,0.7150300000000013,0.7151800000000013,0.7147400000000013,0.7148000000000012,1327
2026-07-16T11:30:00+00:00,0.7148000000000012,0.7151500000000013,0.7147400000000013,0.7150800000000013,1990
2026-07-16T11:45:00+00:00,0.7150800000000013,0.7153600000000012,0.7140800000000013,0.7153200000000013,3747
2026-07-16T12:00:00+00:00,0.7153200000000013,0.7156300000000013,0.7151100000000012,0.7152000000000013,2628
2026-07-16T12:15:00+00:00,0.7152000000000013,0.7153600000000012,0.7149200000000012,0.7149500000000013,2552
2026-07-16T12:30:00+00:00,0.7149500000000013,0.7152600000000012,0.7144800000000012,0.7146100000000013,2744
2026-07-16T12:45:00+00:00,0.7146100000000013,0.7147800000000013,0.7142300000000013,0.7143600000000012,2707
2026-07-16T13:00:00+00:00,0.7143600000000012,0.7152500000000013,0.7143300000000012,0.7150800000000013,3275
2026-07-16T13:15:00+00:00,0.7150800000000013,0.7155700000000013,0.7149900000000012,0.7154700000000013,2156
2026-07-16T13:30:00+00:00,0.7154700000000013,0.7155800000000012,0.7148800000000013,0.7149000000000013,3491
2026-07-16T13:45:00+00:00,0.7149000000000013,0.7152400000000013,0.7147700000000012,0.7149200000000012,3625
2026-07-16T14:00:00+00:00,0.7149200000000012,0.7153900000000013,0.7148900000000012,0.7151600000000012,3380
2026-07-16T14:15:00+00:00,0.7151600000000012,0.7157600000000013,0.7150400000000012,0.7156500000000012,2931
2026-07-16T14:30:00+00:00,0.7156500000000012,0.7158500000000013,0.7154800000000012,0.7156600000000013,2746
2026-07-16T14:45:00+00:00,0.7156600000000013,0.7157300000000013,0.7147900000000013,0.7150700000000013,3204
2026-07-16T15:00:00+00:00,0.7150700000000013,0.7150800000000013,0.7146100000000013,0.7148400000000013,2996
2026-07-16T15:15:00+00:00,0.7148400000000013,0.7150300000000013,0.7147300000000013,0.7148500000000013,2441
2026-07-16T15:30:00+00:00,0.7148500000000013,0.7152000000000013,0.7147400000000013,0.7148700000000012,2323
2026-07-16T15:45:00+00:00,0.7148700000000012,0.7150300000000013,0.7146700000000012,0.7147500000000012,2169
2026-07-16T16:00:00+00:00,0.7147500000000012,0.7148100000000013,0.7142300000000013,0.7142300000000013,2042
2026-07-16T16:15:00+00:00,0.7142300000000013,0.7143400000000013,0.7138500000000013,0.7139100000000013,2554
2026-07-16T16:30:00+00:00,0.7139100000000013,0.7141400000000012,0.7138300000000013,0.7140000000000013,1195
2026-07-16T16:45:00+00:00,0.7140000000000013,0.7141000000000013,0.7138400000000013,0.7139800000000013,1207
2026-07-16T17:00:00+00:00,0.7139800000000013,0.7140000000000013,0.7136000000000012,0.7136400000000013,1645
2026-07-16T17:15:00+00:00,0.7136400000000013,0.7138500000000013,0.7136400000000013,0.7138300000000013,1387
2026-07-16T17:30:00+00:00,0.7138300000000013,0.7139000000000013,0.7136800000000013,0.7137400000000013,1333
2026-07-16T17:45:00+00:00,0.7137400000000013,0.7141400000000012,0.7137100000000013,0.7138900000000012,1508
2026-07-16T18:00:00+00:00,0.7138900000000012,0.7141600000000012,0.7137400000000013,0.7140500000000013,1879
2026-07-16T18:15:00+00:00,0.7140500000000013,0.7141400000000012,0.7139900000000012,0.7140600000000012,1921
2026-07-16T18:30:00+00:00,0.7140600000000012,0.7140600000000012,0.7138200000000012,0.7140200000000013,1842
2026-07-16T18:45:00+00:00,0.7140200000000013,0.7141700000000013,0.7139600000000013,0.7141100000000012,1484
2026-07-16T19:00:00+00:00,0.7141100000000012,0.7142300000000013,0.7138900000000012,0.7139000000000013,1337
2026-07-16T19:15:00+00:00,0.7139000000000013,0.7140100000000013,0.7138100000000013,0.7138600000000013,1297
2026-07-16T19:30:00+00:00,0.7138600000000013,0.7139600000000013,0.7137600000000013,0.7138600000000013,1232
2026-07-16T19:45:00+00:00,0.7138600000000013,0.7142100000000012,0.7137600000000013,0.7141400000000012,1689
2026-07-16T20:00:00+00:00,0.7141400000000012,0.7141700000000013,0.7140500000000013,0.7140800000000013,688
2026-07-16T20:15:00+00:00,0.7140800000000013,0.7141600000000012,0.7140400000000012,0.7141200000000013,423
2026-07-16T20:30:00+00:00,0.7141200000000013,0.7143000000000013,0.7141000000000013,0.7142300000000013,447
2026-07-16T20:45:00+00:00,0.7142300000000013,0.7143700000000013,0.7142100000000012,0.7142600000000012,600
2026-07-16T21:00:00+00:00,0.7142600000000012,0.7144900000000013,0.7138200000000013,0.7140100000000013,108.90214209153943
2026-07-16T21:15:00+00:00,0.7140100000000013,0.7145700000000013,0.7139500000000013,0.7145500000000012,357.14171841962633
2026-07-16T21:30:00+00:00,0.7145500000000012,0.7147000000000012,0.7144400000000013,0.7146900000000013,302.02422907488983
2026-07-16T21:45:00+00:00,0.7146900000000013,0.7147200000000012,0.7143000000000013,0.7143800000000012,304
2026-07-16T22:00:00+00:00,0.7143800000000012,0.7148100000000013,0.7143700000000013,0.7147000000000012,509
2026-07-16T22:15:00+00:00,0.7147000000000012,0.7147100000000013,0.7146300000000013,0.7146500000000012,249
2026-07-16T22:30:00+00:00,0.7146500000000012,0.7146700000000012,0.7145600000000013,0.7145800000000012,240
2026-07-16T22:45:00+00:00,0.7145800000000012,0.7146400000000013,0.7145100000000013,0.7146000000000012,308
2026-07-16T23:00:00+00:00,0.7146000000000012,0.7147400000000013,0.7145600000000013,0.7147300000000013,384
2026-07-16T23:15:00+00:00,0.7147300000000013,0.7148500000000013,0.7146200000000013,0.7147800000000013,435
2026-07-16T23:30:00+00:00,0.7147800000000013,0.7148800000000013,0.7147100000000013,0.7148100000000013,392
2026-07-16T23:45:00+00:00,0.7148100000000013,0.7150300000000013,0.7146600000000013,0.7150000000000013,693
2026-07-17T00:00:00+00:00,0.7150000000000013,0.7151000000000013,0.7145800000000012,0.7146100000000013,1899
2026-07-17T00:15:00+00:00,0.7146100000000013,0.7149000000000013,0.7144000000000013,0.7144200000000013,1656
2026-07-17T00:30:00+00:00,0.7144200000000013,0.7145800000000012,0.7141300000000013,0.7141500000000013,1781
2026-07-17T00:45:00+00:00,0.7141500000000013,0.7148800000000013,0.7141400000000012,0.7148500000000013,1818
2026-07-17T01:00:00+00:00,0.7148500000000013,0.7150200000000013,0.7147200000000012,0.7148100000000013,2560
2026-07-17T01:15:00+00:00,0.7148100000000013,0.7150500000000013,0.7147400000000013,0.7147800000000013,1937
2026-07-17T01:30:00+00:00,0.7147800000000013,0.7148100000000013,0.7141800000000013,0.7142600000000012,1863
2026-07-17T01:45:00+00:00,0.7142600000000012,0.7142800000000012,0.7130300000000013,0.7133100000000012,2787
2026-07-17T02:00:00+00:00,0.7133100000000012,0.7135200000000013,0.7131300000000013,0.7134800000000012,2359
2026-07-17T02:15:00+00:00,0.7134800000000012,0.7135000000000012,0.7132500000000013,0.7133200000000013,1231
2026-07-17T02:30:00+00:00,0.7133200000000013,0.7133900000000013,0.7128000000000013,0.7131300000000013,1392
2026-07-17T02:45:00+00:00,0.7131300000000013,0.7132700000000013,0.7127500000000012,0.7129000000000013,1580
2026-07-17T03:00:00+00:00,0.7129000000000013,0.7134700000000013,0.7129000000000013,0.7132800000000012,1267
2026-07-17T03:15:00+00:00,0.7132800000000012,0.7137400000000013,0.7132800000000012,0.7136600000000013,1250
2026-07-17T03:30:00+00:00,0.7136600000000013,0.7136700000000012,0.7130900000000012,0.7131700000000013,979
2026-07-17T03:45:00+00:00,0.7131700000000013,0.7132800000000012,0.7130700000000013,0.7132400000000013,1009
2026-07-17T04:00:00+00:00,0.7132400000000013,0.7132600000000012,0.7129400000000012,0.7130300000000013,1072
2026-07-17T04:15:00+00:00,0.7130300000000013,0.7131300000000013,0.7126800000000013,0.7128100000000013,1220
2026-07-17T04:30:00+00:00,0.7128100000000013,0.7129500000000013,0.7126100000000013,0.7128700000000012,1769
2026-07-17T04:45:00+00:00,0.7128700000000012,0.7130300000000013,0.7128100000000013,0.7128900000000012,1243
2026-07-17T05:00:00+00:00,0.7128900000000012,0.7129900000000012,0.7127100000000013,0.7129600000000013,1561
2026-07-17T05:15:00+00:00,0.7129600000000013,0.7130000000000013,0.7126900000000013,0.7128700000000012,1686
2026-07-17T05:30:00+00:00,0.7128700000000012,0.7130700000000013,0.7126600000000013,0.7127400000000013,2532
2026-07-17T05:45:00+00:00,0.7127400000000013,0.7130200000000013,0.7126300000000013,0.7128000000000013,2132
2026-07-17T06:00:00+00:00,0.7128000000000013,0.7134300000000012,0.7127500000000012,0.7134200000000013,2757
2026-07-17T06:15:00+00:00,0.7134200000000013,0.7140200000000013,0.7133800000000012,0.7138500000000013,2622
2026-07-17T06:30:00+00:00,0.7138500000000013,0.7140000000000013,0.7136300000000013,0.7137000000000012,1855
2026-07-17T06:45:00+00:00,0.7137000000000012,0.7137000000000012,0.7133600000000012,0.7135600000000013,1770
2026-07-17T07:00:00+00:00,0.7135600000000013,0.7140100000000013,0.7134900000000013,0.7138100000000013,2573
2026-07-17T07:15:00+00:00,0.7138100000000013,0.7138400000000013,0.7134600000000013,0.7137700000000012,1901
2026-07-17T07:30:00+00:00,0.7137700000000012,0.7139100000000013,0.7133800000000012,0.7136600000000013,1844
2026-07-17T07:45:00+00:00,0.7136600000000013,0.7137400000000013,0.7133200000000013,0.7133500000000013,1634
2026-07-17T08:00:00+00:00,0.7133500000000013,0.7137600000000013,0.7129500000000013,0.7130400000000012,2533
2026-07-17T08:15:00+00:00,0.7130400000000012,0.7131000000000013,0.7124000000000013,0.7126300000000013,3464
2026-07-17T08:30:00+00:00,0.7126300000000013,0.7127800000000013,0.7122200000000013,0.7124400000000013,2487
2026-07-17T08:45:00+00:00,0.7124400000000013,0.7124600000000013,0.7121700000000013,0.7122500000000013,2080
2026-07-17T09:00:00+00:00,0.7122500000000013,0.7123100000000012,0.7115900000000013,0.7119300000000013,2583
2026-07-17T09:15:00+00:00,0.7119300000000013,0.7125100000000013,0.7119000000000013,0.7124900000000013,1795
2026-07-17T09:30:00+00:00,0.7124900000000013,0.7125200000000013,0.7119200000000012,0.7120100000000013,1877
2026-07-17T09:45:00+00:00,0.7120100000000013,0.7122000000000013,0.7119500000000013,0.7121800000000013,1534
2026-07-17T10:00:00+00:00,0.7121800000000013,0.7122300000000013,0.7119600000000013,0.7122200000000013,1844
2026-07-17T10:15:00+00:00,0.7122200000000013,0.7123200000000013,0.7118700000000012,0.7120300000000013,1653
2026-07-17T10:30:00+00:00,0.7120300000000013,0.7122700000000013,0.7120100000000013,0.7121900000000013,1362
2026-07-17T10:45:00+00:00,0.7121900000000013,0.7122400000000013,0.7118800000000013,0.7120100000000013,1595
2026-07-17T11:00:00+00:00,0.7120100000000013,0.7120600000000012,0.7117000000000012,0.7118800000000013,1852
2026-07-17T11:15:00+00:00,0.7118800000000013,0.7120300000000013,0.7116900000000013,0.7120300000000013,1675
2026-07-17T11:30:00+00:00,0.7120300000000013,0.7125500000000012,0.7119800000000013,0.7124200000000013,1771
2026-07-17T11:45:00+00:00,0.7124200000000013,0.7127800000000013,0.7123700000000013,0.7124400000000013,1598
2026-07-17T12:00:00+00:00,0.7124400000000013,0.7126100000000013,0.7122800000000012,0.7123400000000013,1882
2026-07-17T12:15:00+00:00,0.7123400000000013,0.7124900000000013,0.7121200000000013,0.7124400000000013,1803
2026-07-17T12:30:00+00:00,0.7124400000000013,0.7125000000000012,0.7120500000000013,0.7121200000000013,1850
2026-07-17T12:45:00+00:00,0.7121200000000013,0.7121900000000013,0.7117900000000013,0.7119200000000012,2168
2026-07-17T13:00:00+00:00,0.7119200000000012,0.7121400000000012,0.7116100000000013,0.7120200000000013,2123
2026-07-17T13:15:00+00:00,0.7120200000000013,0.7123000000000013,0.7118300000000013,0.7120300000000013,2293
2026-07-17T13:30:00+00:00,0.7120300000000013,0.7123800000000012,0.7119100000000013,0.7119700000000013,4585
2026-07-17T13:45:00+00:00,0.7119700000000013,0.7128000000000013,0.7118600000000013,0.7127700000000012,3630
2026-07-17T14:00:00+00:00,0.7127700000000012,0.7131000000000013,0.7126700000000012,0.7126700000000012,3252
2026-07-17T14:15:00+00:00,0.7126700000000012,0.7130600000000012,0.7126700000000012,0.7128000000000013,3128
2026-07-17T14:30:00+00:00,0.7128000000000013,0.7132400000000013,0.7126200000000013,0.7132100000000012,3087
2026-07-17T14:45:00+00:00,0.7132100000000012,0.7133300000000012,0.7129800000000013,0.7130800000000013,3185
2026-07-17T15:00:00+00:00,0.7130800000000013,0.7134400000000013,0.7128800000000013,0.7130100000000013,3004
2026-07-17T15:15:00+00:00,0.7130100000000013,0.7134100000000013,0.7129700000000012,0.7134000000000013,2542
2026-07-17T15:30:00+00:00,0.7134000000000013,0.7135500000000012,0.7129700000000012,0.7131100000000012,3099
2026-07-17T15:45:00+00:00,0.7131100000000012,0.7133800000000012,0.7130500000000013,0.7133700000000013,2278
2026-07-17T16:00:00+00:00,0.7133700000000013,0.7135500000000012,0.7128500000000013,0.7135200000000013,4037
2026-07-17T16:15:00+00:00,0.7135200000000013,0.7137200000000012,0.7134100000000013,0.7136100000000013,1951
2026-07-17T16:30:00+00:00,0.7136100000000013,0.7136200000000013,0.7132800000000012,0.7134600000000013,1822
2026-07-17T16:45:00+00:00,0.7134600000000013,0.7134700000000013,0.7132600000000012,0.7133400000000013,1553
2026-07-17T17:00:00+00:00,0.7133400000000013,0.7135100000000013,0.7132400000000013,0.7132800000000012,1860
2026-07-17T17:15:00+00:00,0.7132800000000012,0.7135100000000013,0.7132400000000013,0.7134400000000013,1752
2026-07-17T17:30:00+00:00,0.7134400000000013,0.7134600000000013,0.7131900000000013,0.7132300000000013,1198
2026-07-17T17:45:00+00:00,0.7132300000000013,0.7133600000000012,0.7130900000000012,0.7131700000000013,1116
2026-07-17T18:00:00+00:00,0.7131700000000013,0.7133300000000012,0.7130700000000013,0.7131900000000013,1340
2026-07-17T18:15:00+00:00,0.7131900000000013,0.7133600000000012,0.7131200000000013,0.7133400000000013,1710
2026-07-17T18:30:00+00:00,0.7133400000000013,0.7134200000000013,0.7130600000000012,0.7130800000000013,1477
2026-07-17T18:45:00+00:00,0.7130800000000013,0.7133100000000012,0.7130700000000013,0.7131600000000012,1265
2026-07-17T19:00:00+00:00,0.7131600000000012,0.7132100000000012,0.7130400000000012,0.7130700000000013,959
2026-07-17T19:15:00+00:00,0.7130700000000013,0.7131900000000013,0.7128900000000012,0.7131600000000012,1153
2026-07-17T19:30:00+00:00,0.7131600000000012,0.7134300000000012,0.7130400000000012,0.7133700000000013,1212
2026-07-17T19:45:00+00:00,0.7133700000000013,0.7135400000000013,0.7133100000000012,0.7134100000000013,1168
2026-07-17T20:00:00+00:00,0.7134100000000013,0.7134500000000012,0.7132500000000013,0.7132900000000013,808
2026-07-17T20:15:00+00:00,0.7132900000000013,0.7132900000000013,0.7130000000000013,0.7131200000000013,384
2026-07-17T20:30:00+00:00,0.7131200000000013,0.7131400000000012,0.7129300000000013,0.7130200000000013,399
2026-07-17T20:45:00+00:00,0.7130200000000013,0.7132100000000012,0.7128600000000013,0.7128900000000012,550.9133170220202
2026-07-19T21:00:00+00:00,0.7128900000000012,0.7128900000000012,0.7125500000000013,0.7127200000000014,71.83649549080559
2026-07-19T21:15:00+00:00,0.7127200000000014,0.7128300000000013,0.7126200000000013,0.7127400000000012,109.81342815489393
2026-07-19T21:30:00+00:00,0.7127400000000012,0.7128700000000011,0.712600000000001,0.712690000000001,152.04384721261312
2026-07-19T21:45:00+00:00,0.712690000000001,0.7129100000000009,0.712670000000001,0.712900000000001,85.77517172744861
2026-07-19T22:00:00+00:00,0.712900000000001,0.713770000000001,0.7128800000000011,0.713680000000001,1423
2026-07-19T22:15:00+00:00,0.713680000000001,0.713860000000001,0.713410000000001,0.713770000000001,2025
2026-07-19T22:30:00+00:00,0.713770000000001,0.714160000000001,0.713680000000001,0.714120000000001,945
2026-07-19T22:45:00+00:00,0.714120000000001,0.714130000000001,0.713900000000001,0.713950000000001,517
2026-07-19T23:00:00+00:00,0.713950000000001,0.7141800000000009,0.7139200000000009,0.7140700000000009,658
2026-07-19T23:15:00+00:00,0.7140700000000009,0.7141800000000009,0.7139700000000009,0.7141400000000009,616
2026-07-19T23:30:00+00:00,0.7141400000000009,0.7142800000000009,0.7138000000000009,0.7142500000000009,660
2026-07-19T23:45:00+00:00,0.7142500000000009,0.7143300000000009,0.713980000000001,0.7143300000000009,1310
2026-07-20T00:00:00+00:00,0.7143300000000009,0.714760000000001,0.7139200000000009,0.7146500000000009,2850
2026-07-20T00:15:00+00:00,0.7146500000000009,0.7150200000000009,0.7146500000000009,0.7149200000000009,1962
2026-07-20T00:30:00+00:00,0.7149200000000009,0.7150100000000009,0.7147000000000009,0.7148200000000009,2048
2026-07-20T00:45:00+00:00,0.7148200000000009,0.714930000000001,0.7147200000000009,0.7149200000000009,1685
2026-07-20T01:00:00+00:00,0.7149200000000009,0.715440000000001,0.7149100000000009,0.7149700000000009,2160
2026-07-20T01:15:00+00:00,0.7149700000000009,0.7152800000000009,0.7149000000000009,0.7151600000000009,2102
2026-07-20T01:30:00+00:00,0.7151600000000009,0.7153300000000009,0.7149600000000009,0.7150800000000009,2432
2026-07-20T01:45:00+00:00,0.7150800000000009,0.7153100000000009,0.7150100000000009,0.7152600000000009,2300
2026-07-20T02:00:00+00:00,0.7152600000000009,0.7156400000000009,0.7151900000000009,0.7155200000000009,2317
2026-07-20T02:15:00+00:00,0.7155200000000009,0.715540000000001,0.715200000000001,0.7153800000000009,1978
2026-07-20T02:30:00+00:00,0.7153800000000009,0.7159900000000009,0.7153100000000009,0.7158200000000009,2281
2026-07-20T02:45:00+00:00,0.7158200000000009,0.7158900000000009,0.7156300000000009,0.7156700000000009,1482
2026-07-20T03:00:00+00:00,0.7156700000000009,0.7157300000000009,0.7154100000000009,0.7155200000000009,1396
2026-07-20T03:15:00+00:00,0.7155200000000009,0.7157400000000009,0.7154800000000009,0.7157000000000009,1262
2026-07-20T03:30:00+00:00,0.7157000000000009,0.715880000000001,0.7156000000000009,0.715810000000001,1277
2026-07-20T03:45:00+00:00,0.715810000000001,0.7159400000000009,0.7157700000000009,0.7158200000000009,1177
2026-07-20T04:00:00+00:00,0.7158200000000009,0.7159900000000009,0.7157900000000009,0.715980000000001,1135
2026-07-20T04:15:00+00:00,0.715980000000001,0.7162400000000009,0.7158900000000009,0.7162400000000009,1139
2026-07-20T04:30:00+00:00,0.7162400000000009,0.7163800000000009,0.7161300000000009,0.7163300000000009,1099
2026-07-20T04:45:00+00:00,0.7163300000000009,0.7163400000000009,0.7161200000000009,0.7161300000000009,757
2026-07-20T05:00:00+00:00,0.7161300000000009,0.7161900000000009,0.7155300000000009,0.7157700000000009,1539
2026-07-20T05:15:00+00:00,0.7157700000000009,0.7159000000000009,0.7156700000000009,0.7157000000000009,1520
2026-07-20T05:30:00+00:00,0.7157000000000009,0.7157400000000009,0.7155300000000009,0.7156200000000009,1468
2026-07-20T05:45:00+00:00,0.7156200000000009,0.7157500000000009,0.7154700000000009,0.7155300000000009,1366
2026-07-20T06:00:00+00:00,0.7155300000000009,0.7156300000000009,0.715170000000001,0.715200000000001,1973
2026-07-20T06:15:00+00:00,0.715200000000001,0.7154000000000009,0.7150300000000009,0.715050000000001,1801
2026-07-20T06:30:00+00:00,0.715050000000001,0.715590000000001,0.715050000000001,0.7154800000000009,1926
2026-07-20T06:45:00+00:00,0.7154800000000009,0.7157400000000009,0.7154200000000009,0.7154300000000009,1619
2026-07-20T07:00:00+00:00,0.7154300000000009,0.7157300000000009,0.715370000000001,0.7154200000000009,2086
2026-07-20T07:15:00+00:00,0.7154200000000009,0.7161400000000009,0.715370000000001,0.7161200000000009,2519
2026-07-20T07:30:00+00:00,0.7161200000000009,0.7169000000000009,0.7160900000000009,0.7168700000000009,3033
2026-07-20T07:45:00+00:00,0.7168700000000009,0.716930000000001,0.716420000000001,0.7164800000000009,2657
2026-07-20T08:00:00+00:00,0.7164800000000009,0.716760000000001,0.7164600000000009,0.7166300000000009,2085
2026-07-20T08:15:00+00:00,0.7166300000000009,0.7167300000000009,0.7162600000000009,0.7163000000000009,1944
2026-07-20T08:30:00+00:00,0.7163000000000009,0.7165500000000009,0.716200000000001,0.7163600000000009,1502
2026-07-20T08:45:00+00:00,0.7163600000000009,0.7165100000000009,0.7162800000000009,0.716490000000001,1250
2026-07-20T09:00:00+00:00,0.716490000000001,0.716490000000001,0.7160400000000009,0.7162100000000009,1628
2026-07-20T09:15:00+00:00,0.7162100000000009,0.716390000000001,0.7161900000000009,0.7161900000000009,1340
2026-07-20T09:30:00+00:00,0.7161900000000009,0.716440000000001,0.7161800000000009,0.716390000000001,1692
2026-07-20T09:45:00+00:00,0.716390000000001,0.716390000000001,0.7161200000000009,0.716320000000001,1522
2026-07-20T10:00:00+00:00,0.716320000000001,0.7167200000000009,0.716220000000001,0.716660000000001,1358
2026-07-20T10:15:00+00:00,0.716660000000001,0.7171800000000009,0.7166400000000009,0.7170200000000009,1208
2026-07-20T10:30:00+00:00,0.7170200000000009,0.7172600000000009,0.7169900000000009,0.7171600000000009,1032
2026-07-20T10:45:00+00:00,0.7171600000000009,0.7172300000000009,0.7170400000000009,0.7171300000000009,1061
2026-07-20T11:00:00+00:00,0.7171300000000009,0.7172400000000009,0.7169000000000009,0.7170300000000009,1507
2026-07-20T11:15:00+00:00,0.7170300000000009,0.717270000000001,0.7170200000000009,0.7172400000000009,977
2026-07-20T11:30:00+00:00,0.7172400000000009,0.717930000000001,0.7172300000000009,0.7176500000000009,5604
2026-07-20T11:45:00+00:00,0.7176500000000009,0.7176500000000009,0.7173300000000009,0.717390000000001,2343
2026-07-20T12:00:00+00:00,0.717390000000001,0.7174000000000009,0.7168400000000009,0.716980000000001,3575
2026-07-20T12:15:00+00:00,0.716980000000001,0.7169900000000009,0.7165500000000009,0.716810000000001,2133
2026-07-20T12:30:00+00:00,0.716810000000001,0.7169700000000009,0.7166300000000009,0.7166400000000009,2527
2026-07-20T12:45:00+00:00,0.7166400000000009,0.7170400000000009,0.7166000000000009,0.7169500000000009,2385
2026-07-20T13:00:00+00:00,0.7169500000000009,0.7170200000000009,0.7167500000000009,0.7168900000000009,2587
2026-07-20T13:15:00+00:00,0.7168900000000009,0.717200000000001,0.716810000000001,0.7170700000000009,2260
2026-07-20T13:30:00+00:00,0.7170700000000009,0.7175500000000009,0.7170200000000009,0.7172800000000009,3585
2026-07-20T13:45:00+00:00,0.7172800000000009,0.717590000000001,0.7171100000000009,0.7175300000000009,2649
2026-07-20T14:00:00+00:00,0.7175300000000009,0.7177000000000009,0.7172500000000009,0.7176300000000009,2696
2026-07-20T14:15:00+00:00,0.7176300000000009,0.7178700000000009,0.7174700000000009,0.7178000000000009,2557
2026-07-20T14:30:00+00:00,0.7178000000000009,0.7178000000000009,0.7171200000000009,0.7171900000000009,2791
2026-07-20T14:45:00+00:00,0.7171900000000009,0.7173400000000009,0.7162400000000009,0.7164800000000009,3442
2026-07-20T15:00:00+00:00,0.7164800000000009,0.7167200000000009,0.716270000000001,0.7163500000000009,4007
2026-07-20T15:15:00+00:00,0.7163500000000009,0.7167400000000009,0.716270000000001,0.7167300000000009,2227
2026-07-20T15:30:00+00:00,0.7167300000000009,0.7168200000000009,0.7163800000000009,0.7165000000000009,2309
2026-07-20T15:45:00+00:00,0.7165000000000009,0.7167900000000009,0.716390000000001,0.7167200000000009,2144
2026-07-20T16:00:00+00:00,0.7167200000000009,0.7171600000000009,0.716710000000001,0.7171400000000009,2057
2026-07-20T16:15:00+00:00,0.7171400000000009,0.7172600000000009,0.7168400000000009,0.7169200000000009,1395
2026-07-20T16:30:00+00:00,0.7169200000000009,0.7169700000000009,0.716370000000001,0.7167300000000009,2244
2026-07-20T16:45:00+00:00,0.7167300000000009,0.716830000000001,0.7165700000000009,0.7167900000000009,2031
2026-07-20T17:00:00+00:00,0.7167900000000009,0.7169400000000009,0.7166300000000009,0.7166500000000009,1856
2026-07-20T17:15:00+00:00,0.7166500000000009,0.7169600000000009,0.7166200000000009,0.7169000000000009,1448
2026-07-20T17:30:00+00:00,0.7169000000000009,0.7169400000000009,0.7166900000000009,0.7167400000000009,1115
2026-07-20T17:45:00+00:00,0.7167400000000009,0.7169200000000009,0.716710000000001,0.716830000000001,1015
2026-07-20T18:00:00+00:00,0.716830000000001,0.7170600000000009,0.716830000000001,0.7170100000000009,1114
2026-07-20T18:15:00+00:00,0.7170100000000009,0.717200000000001,0.7167900000000009,0.7168500000000009,1582
2026-07-20T18:30:00+00:00,0.7168500000000009,0.7168500000000009,0.7165300000000009,0.7165500000000009,1457
2026-07-20T18:45:00+00:00,0.7165500000000009,0.716710000000001,0.7164600000000009,0.7166800000000009,1575
2026-07-20T19:00:00+00:00,0.7166800000000009,0.7167700000000009,0.7163600000000009,0.716370000000001,1531
2026-07-20T19:15:00+00:00,0.716370000000001,0.7167000000000009,0.716270000000001,0.7166200000000009,1653
2026-07-20T19:30:00+00:00,0.7166200000000009,0.7167200000000009,0.7164800000000009,0.7165500000000009,2103
2026-07-20T19:45:00+00:00,0.7165500000000009,0.7166300000000009,0.7163800000000009,0.7164500000000009,1797
2026-07-20T20:00:00+00:00,0.7164500000000009,0.7165600000000009,0.7161400000000009,0.7162400000000009,712
2026-07-20T20:15:00+00:00,0.7162400000000009,0.7162900000000009,0.7160900000000009,0.7162500000000009,438
2026-07-20T20:30:00+00:00,0.7162500000000009,0.716270000000001,0.7162300000000009,0.7162400000000009,157.7354885725603
2026-07-20T20:45:00+00:00,0.7162400000000009,0.7163600000000009,0.7161800000000009,0.7162600000000009,321
2026-07-20T21:00:00+00:00,0.7162600000000009,0.7162600000000009,0.7153800000000009,0.7158500000000009,172.5665176247756
2026-07-20T21:15:00+00:00,0.7158500000000009,0.7159600000000009,0.715270000000001,0.715590000000001,344.2381499763338
2026-07-20T21:30:00+00:00,0.715590000000001,0.716050000000001,0.715590000000001,0.7156500000000009,2439
2026-07-20T21:45:00+00:00,0.7156500000000009,0.715660000000001,0.7156000000000009,0.715660000000001,184
2026-07-20T22:00:00+00:00,0.715660000000001,0.7159900000000009,0.715560000000001,0.7156200000000009,672
2026-07-20T22:15:00+00:00,0.7156200000000009,0.7156400000000009,0.7155200000000009,0.715540000000001,283
2026-07-20T22:30:00+00:00,0.715540000000001,0.7156400000000009,0.715490000000001,0.715560000000001,358
2026-07-20T22:45:00+00:00,0.715560000000001,0.7157200000000009,0.7155200000000009,0.715710000000001,550
2026-07-20T23:00:00+00:00,0.715710000000001,0.7160400000000009,0.7156500000000009,0.7159600000000009,737
2026-07-20T23:15:00+00:00,0.7159600000000009,0.7161400000000009,0.715950000000001,0.7159900000000009,511
2026-07-20T23:30:00+00:00,0.7159900000000009,0.716170000000001,0.7159600000000009,0.7161600000000009,385
2026-07-20T23:45:00+00:00,0.7161600000000009,0.716270000000001,0.715980000000001,0.716220000000001,1013
2026-07-21T00:00:00+00:00,0.716220000000001,0.7163100000000009,0.7158600000000009,0.7161400000000009,2393
2026-07-21T00:15:00+00:00,0.7161400000000009,0.7162600000000009,0.7159700000000009,0.7161900000000009,2137
2026-07-21T00:30:00+00:00,0.7161900000000009,0.7165200000000009,0.716100000000001,0.716490000000001,1550
2026-07-21T00:45:00+00:00,0.716490000000001,0.7167400000000009,0.7163500000000009,0.7163500000000009,1999
2026-07-21T01:00:00+00:00,0.7163500000000009,0.716780000000001,0.7162600000000009,0.7166000000000009,1603
2026-07-21T01:15:00+00:00,0.7166000000000009,0.7168700000000009,0.7165500000000009,0.716730000000001,2230
2026-07-21T01:30:00+00:00,0.716730000000001,0.716950000000001,0.7166000000000009,0.7167500000000009,2300
2026-07-21T01:45:00+00:00,0.7167500000000009,0.7168600000000009,0.7166400000000009,0.7167200000000009,1723
2026-07-21T02:00:00+00:00,0.7167200000000009,0.7171300000000009,0.716710000000001,0.7170400000000009,1826
2026-07-21T02:15:00+00:00,0.7170400000000009,0.7171400000000009,0.7165800000000009,0.7165800000000009,1743
2026-07-21T02:30:00+00:00,0.7165800000000009,0.717150000000001,0.7165800000000009,0.7169700000000009,1572
2026-07-21T02:45:00+00:00,0.7169700000000009,0.7170300000000009,0.716760000000001,0.716830000000001,1476
2026-07-21T03:00:00+00:00,0.716830000000001,0.7169400000000009,0.7166000000000009,0.716710000000001,1559
2026-07-21T03:15:00+00:00,0.716710000000001,0.716830000000001,0.7166400000000009,0.7167500000000009,1150
2026-07-21T03:30:00+00:00,0.7167500000000009,0.7168700000000009,0.7166500000000009,0.716660000000001,1412
2026-07-21T03:45:00+00:00,0.716660000000001,0.716900000000001,0.716560000000001,0.7165800000000009,1291
2026-07-21T04:00:00+00:00,0.7165800000000009,0.7168600000000009,0.7165700000000009,0.7167500000000009,1094
2026-07-21T04:15:00+00:00,0.7167500000000009,0.716780000000001,0.716560000000001,0.7165700000000009,804
2026-07-21T04:30:00+00:00,0.7165700000000009,0.716930000000001,0.716560000000001,0.7168700000000009,1283
2026-07-21T04:45:00+00:00,0.7168700000000009,0.7169600000000009,0.7167900000000009,0.7169400000000009,972
2026-07-21T05:00:00+00:00,0.7169400000000009,0.7171300000000009,0.7168200000000009,0.7168200000000009,1230
2026-07-21T05:15:00+00:00,0.7168200000000009,0.7170700000000009,0.716810000000001,0.7170300000000009,1108
2026-07-21T05:30:00+00:00,0.7170300000000009,0.7172400000000009,0.7170200000000009,0.7171900000000009,1158
2026-07-21T05:45:00+00:00,0.7171900000000009,0.7171900000000009,0.7169600000000009,0.7170300000000009,1207
2026-07-21T06:00:00+00:00,0.7170300000000009,0.7173800000000009,0.7170200000000009,0.7171600000000009,1809
2026-07-21T06:15:00+00:00,0.7171600000000009,0.7174800000000009,0.717100000000001,0.717370000000001,1401
2026-07-21T06:30:00+00:00,0.717370000000001,0.717660000000001,0.7173100000000009,0.717610000000001,1588
2026-07-21T06:45:00+00:00,0.717610000000001,0.7180400000000009,0.7175500000000009,0.717930000000001,1647
2026-07-21T07:00:00+00:00,0.717930000000001,0.7184600000000009,0.7179200000000009,0.7180600000000009,2119
2026-07-21T07:15:00+00:00,0.7180600000000009,0.718220000000001,0.7178600000000009,0.7178600000000009,1704
2026-07-21T07:30:00+00:00,0.7178600000000009,0.7181300000000009,0.717780000000001,0.7179200000000009,1517
2026-07-21T07:45:00+00:00,0.7179200000000009,0.7181800000000009,0.7179000000000009,0.7180600000000009,1271
2026-07-21T08:00:00+00:00,0.7180600000000009,0.718320000000001,0.7180200000000009,0.7182400000000009,1336
2026-07-21T08:15:00+00:00,0.7182400000000009,0.7184800000000009,0.7181600000000009,0.718270000000001,1498
2026-07-21T08:30:00+00:00,0.718270000000001,0.718390000000001,0.718050000000001,0.718320000000001,1532
2026-07-21T08:45:00+00:00,0.718320000000001,0.718440000000001,0.7182100000000009,0.718390000000001,1099
2026-07-21T09:00:00+00:00,0.718390000000001,0.7185300000000009,0.7183100000000009,0.7184300000000009,1038
2026-07-21T09:15:00+00:00,0.7184300000000009,0.7188000000000009,0.718390000000001,0.7184000000000009,1314
2026-07-21T09:30:00+00:00,0.7184000000000009,0.718780000000001,0.7183500000000009,0.718590000000001,1417
2026-07-21T09:45:00+00:00,0.718590000000001,0.718710000000001,0.7185000000000009,0.718560000000001,1418
2026-07-21T10:00:00+00:00,0.718560000000001,0.718830000000001,0.7184800000000009,0.7186500000000009,1994
2026-07-21T10:15:00+00:00,0.7186500000000009,0.7188600000000009,0.718640000000001,0.7187400000000009,1286
2026-07-21T10:30:00+00:00,0.7187400000000009,0.7187700000000009,0.718340000000001,0.7183500000000009,1170
2026-07-21T10:45:00+00:00,0.7183500000000009,0.7183500000000009,0.718050000000001,0.7181300000000009,1710
2026-07-21T11:00:00+00:00,0.7181300000000009,0.7181800000000009,0.7176500000000009,0.7178700000000009,1725
2026-07-21T11:15:00+00:00,0.7178700000000009,0.7180100000000009,0.7176900000000009,0.717780000000001,1443
2026-07-21T11:30:00+00:00,0.717780000000001,0.718100000000001,0.717780000000001,0.718030000000001,1420
2026-07-21T11:45:00+00:00,0.718030000000001,0.7180700000000009,0.7177500000000009,0.717980000000001,1241
2026-07-21T12:00:00+00:00,0.717980000000001,0.7180800000000009,0.7176000000000009,0.717660000000001,1730
2026-07-21T12:15:00+00:00,0.717660000000001,0.717730000000001,0.717270000000001,0.7173100000000009,1840
2026-07-21T12:30:00+00:00,0.7173100000000009,0.7176500000000009,0.7172800000000009,0.7174500000000009,1910
2026-07-21T12:45:00+00:00,0.7174500000000009,0.7178600000000009,0.7174500000000009,0.7178000000000009,1926
2026-07-21T13:00:00+00:00,0.7178000000000009,0.7178600000000009,0.717490000000001,0.717830000000001,1784
2026-07-21T13:15:00+00:00,0.717830000000001,0.717830000000001,0.7169900000000009,0.7171100000000009,2128
2026-07-21T13:30:00+00:00,0.7171100000000009,0.717270000000001,0.716440000000001,0.7165000000000009,3750
2026-07-21T13:45:00+00:00,0.7165000000000009,0.7169100000000009,0.716440000000001,0.716710000000001,3564
2026-07-21T14:00:00+00:00,0.716710000000001,0.717440000000001,0.716710000000001,0.7173800000000009,2979
2026-07-21T14:15:00+00:00,0.7173800000000009,0.7173800000000009,0.717050000000001,0.7171600000000009,2602
2026-07-21T14:30:00+00:00,0.7171600000000009,0.7172600000000009,0.7166500000000009,0.716880000000001,2450
2026-07-21T14:45:00+00:00,0.716880000000001,0.716950000000001,0.716440000000001,0.7166300000000009,3393
2026-07-21T15:00:00+00:00,0.7166300000000009,0.7168500000000009,0.7165000000000009,0.716830000000001,2328
2026-07-21T15:15:00+00:00,0.716830000000001,0.7173000000000009,0.716830000000001,0.7171600000000009,2240
2026-07-21T15:30:00+00:00,0.7171600000000009,0.717440000000001,0.7170300000000009,0.7170600000000009,2116
2026-07-21T15:45:00+00:00,0.7170600000000009,0.717100000000001,0.716780000000001,0.716900000000001,1553
2026-07-21T16:00:00+00:00,0.716900000000001,0.7169900000000009,0.7168200000000009,0.7168400000000009,1248
2026-07-21T16:15:00+00:00,0.7168400000000009,0.716900000000001,0.716610000000001,0.7166300000000009,952
2026-07-21T16:30:00+00:00,0.7166300000000009,0.716810000000001,0.7165300000000009,0.716760000000001,845
2026-07-21T16:45:00+00:00,0.716760000000001,0.7169400000000009,0.716730000000001,0.7168600000000009,596
2026-07-21T17:00:00+00:00,0.7168600000000009,0.7169700000000009,0.716760000000001,0.716810000000001,1032
2026-07-21T17:15:00+00:00,0.716810000000001,0.7169600000000009,0.7167700000000009,0.716950000000001,867
2026-07-21T17:30:00+00:00,0.716950000000001,0.7169600000000009,0.7166800000000009,0.7167700000000009,783
2026-07-21T17:45:00+00:00,0.7167700000000009,0.7168400000000009,0.716710000000001,0.716760000000001,810
2026-07-21T18:00:00+00:00,0.716760000000001,0.7168000000000009,0.716440000000001,0.7165500000000009,1223
2026-07-21T18:15:00+00:00,0.7165500000000009,0.716710000000001,0.7164300000000009,0.716660000000001,965
2026-07-21T18:30:00+00:00,0.716660000000001,0.7167000000000009,0.716440000000001,0.7166800000000009,785
2026-07-21T18:45:00+00:00,0.7166800000000009,0.7167200000000009,0.7166000000000009,0.716710000000001,700
2026-07-21T19:00:00+00:00,0.716710000000001,0.7167700000000009,0.716610000000001,0.7166700000000009,885
2026-07-21T19:15:00+00:00,0.7166700000000009,0.7167700000000009,0.716660000000001,0.7166800000000009,707
2026-07-21T19:30:00+00:00,0.7166800000000009,0.7167000000000009,0.7162600000000009,0.716270000000001,981
2026-07-21T19:45:00+00:00,0.716270000000001,0.716510000000001,0.7162300000000009,0.716510000000001,1196
2026-07-21T20:00:00+00:00,0.716510000000001,0.7165200000000009,0.716170000000001,0.7161800000000009,734
2026-07-21T20:15:00+00:00,0.7161800000000009,0.7161800000000009,0.7159600000000009,0.7161800000000009,355
2026-07-21T20:30:00+00:00,0.7161800000000009,0.7161800000000009,0.7160200000000009,0.7160900000000009,362
2026-07-21T20:45:00+00:00,0.7160900000000009,0.7161900000000009,0.7159400000000009,0.7160600000000009,568
2026-07-21T21:00:00+00:00,0.7160600000000009,0.7161300000000009,0.7156300000000009,0.7160700000000009,98.93123046319977
2026-07-21T21:15:00+00:00,0.7160700000000009,0.716310000000001,0.7159400000000009,0.716310000000001,118.37302951546107
2026-07-21T21:30:00+00:00,0.716310000000001,0.7163500000000009,0.716070000000001,0.7161300000000009,292
2026-07-21T21:45:00+00:00,0.7161300000000009,0.716270000000001,0.715990000000001,0.7160800000000009,470
2026-07-21T22:00:00+00:00,0.7160800000000009,0.716220000000001,0.715960000000001,0.7161300000000009,448
2026-07-21T22:15:00+00:00,0.7161300000000009,0.7162500000000009,0.716120000000001,0.716190000000001,206
2026-07-21T22:30:00+00:00,0.716190000000001,0.716210000000001,0.716100000000001,0.716110000000001,177
2026-07-21T22:45:00+00:00,0.716110000000001,0.716120000000001,0.715950000000001,0.716000000000001,258
2026-07-21T23:00:00+00:00,0.716000000000001,0.716100000000001,0.7159100000000009,0.716060000000001,391
2026-07-21T23:15:00+00:00,0.716060000000001,0.716150000000001,0.715960000000001,0.715960000000001,334
2026-07-21T23:30:00+00:00,0.715960000000001,0.716110000000001,0.715960000000001,0.716070000000001,358
2026-07-21T23:45:00+00:00,0.716070000000001,0.7163000000000009,0.716010000000001,0.716280000000001,650
2026-07-22T00:00:00+00:00,0.716280000000001,0.716450000000001,0.716120000000001,0.716410000000001,2166
2026-07-22T00:15:00+00:00,0.716410000000001,0.716700000000001,0.716380000000001,0.716660000000001,1613
2026-07-22T00:30:00+00:00,0.716660000000001,0.716710000000001,0.716390000000001,0.716430000000001,1190
2026-07-22T00:45:00+00:00,0.716430000000001,0.717180000000001,0.716370000000001,0.717140000000001,1571
2026-07-22T01:00:00+00:00,0.717140000000001,0.717490000000001,0.717140000000001,0.717330000000001,2046
2026-07-22T01:15:00+00:00,0.717330000000001,0.717380000000001,0.716730000000001,0.716810000000001,1606
2026-07-22T01:30:00+00:00,0.716810000000001,0.716820000000001,0.716550000000001,0.716700000000001,2020
2026-07-22T01:45:00+00:00,0.716700000000001,0.716960000000001,0.7166900000000009,0.716800000000001,1403
2026-07-22T02:00:00+00:00,0.716800000000001,0.716840000000001,0.716280000000001,0.7165200000000009,1606
2026-07-22T02:15:00+00:00,0.7165200000000009,0.717040000000001,0.716430000000001,0.7169100000000009,1195
2026-07-22T02:30:00+00:00,0.7169100000000009,0.717010000000001,0.716480000000001,0.7167400000000009,1642
2026-07-22T02:45:00+00:00,0.7167400000000009,0.716830000000001,0.716600000000001,0.7166400000000009,1137
2026-07-22T03:00:00+00:00,0.7166400000000009,0.716750000000001,0.7162500000000009,0.716330000000001,1668
2026-07-22T03:15:00+00:00,0.716330000000001,0.716790000000001,0.716320000000001,0.716770000000001,1601
2026-07-22T03:30:00+00:00,0.716770000000001,0.716830000000001,0.716280000000001,0.716310000000001,1376
2026-07-22T03:45:00+00:00,0.716310000000001,0.716400000000001,0.716060000000001,0.716150000000001,1175
2026-07-22T04:00:00+00:00,0.716150000000001,0.716220000000001,0.715870000000001,0.7160300000000009,1258
2026-07-22T04:15:00+00:00,0.7160300000000009,0.716160000000001,0.715990000000001,0.716150000000001,801
2026-07-22T04:30:00+00:00,0.716150000000001,0.7163000000000009,0.716070000000001,0.716270000000001,710
2026-07-22T04:45:00+00:00,0.716270000000001,0.716270000000001,0.716040000000001,0.716160000000001,573
2026-07-22T05:00:00+00:00,0.716160000000001,0.716210000000001,0.716020000000001,0.7160800000000009,1226
2026-07-22T05:15:00+00:00,0.7160800000000009,0.716260000000001,0.715990000000001,0.716000000000001,878
2026-07-22T05:30:00+00:00,0.716000000000001,0.716000000000001,0.7156400000000009,0.715730000000001,2011
2026-07-22T05:45:00+00:00,0.715730000000001,0.715960000000001,0.715580000000001,0.715950000000001,1594
2026-07-22T06:00:00+00:00,0.715950000000001,0.716240000000001,0.715930000000001,0.716000000000001,1745
2026-07-22T06:15:00+00:00,0.716000000000001,0.716020000000001,0.715270000000001,0.715370000000001,1999
2026-07-22T06:30:00+00:00,0.715370000000001,0.715770000000001,0.715220000000001,0.7156900000000009,1470
2026-07-22T06:45:00+00:00,0.7156900000000009,0.715870000000001,0.715530000000001,0.715840000000001,1436
2026-07-22T07:00:00+00:00,0.715840000000001,0.716150000000001,0.715700000000001,0.7161300000000009,1933
2026-07-22T07:15:00+00:00,0.7161300000000009,0.716550000000001,0.716060000000001,0.716330000000001,1714
2026-07-22T07:30:00+00:00,0.716330000000001,0.7167400000000009,0.715720000000001,0.715870000000001,2997
2026-07-22T07:45:00+00:00,0.715870000000001,0.716110000000001,0.715680000000001,0.715840000000001,2370
2026-07-22T08:00:00+00:00,0.715840000000001,0.7158600000000009,0.715490000000001,0.715550000000001,2117
2026-07-22T08:15:00+00:00,0.715550000000001,0.715870000000001,0.715450000000001,0.7158600000000009,1661
2026-07-22T08:30:00+00:00,0.7158600000000009,0.7161300000000009,0.715840000000001,0.7160300000000009,2014
2026-07-22T08:45:00+00:00,0.7160300000000009,0.716170000000001,0.715880000000001,0.715970000000001,1498
2026-07-22T09:00:00+00:00,0.715970000000001,0.7161300000000009,0.7159100000000009,0.716040000000001,2018
2026-07-22T09:15:00+00:00,0.716040000000001,0.716160000000001,0.715840000000001,0.715990000000001,1792
2026-07-22T09:30:00+00:00,0.715990000000001,0.7160800000000009,0.715570000000001,0.715700000000001,1793
2026-07-22T09:45:00+00:00,0.715700000000001,0.715730000000001,0.7154200000000009,0.715620000000001,1641
2026-07-22T10:00:00+00:00,0.715620000000001,0.715750000000001,0.715380000000001,0.715460000000001,1556
2026-07-22T10:15:00+00:00,0.715460000000001,0.715820000000001,0.715440000000001,0.715630000000001,1657
2026-07-22T10:30:00+00:00,0.715630000000001,0.715700000000001,0.7155200000000009,0.7156900000000009,1430
2026-07-22T10:45:00+00:00,0.7156900000000009,0.715770000000001,0.715490000000001,0.715490000000001,1340
2026-07-22T11:00:00+00:00,0.715490000000001,0.715680000000001,0.715440000000001,0.715560000000001,1602
2026-07-22T11:15:00+00:00,0.715560000000001,0.715620000000001,0.715370000000001,0.715390000000001,1487
2026-07-22T11:30:00+00:00,0.715390000000001,0.715600000000001,0.715150000000001,0.715340000000001,2187
2026-07-22T11:45:00+00:00,0.715340000000001,0.715670000000001,0.715170000000001,0.715660000000001,2024
2026-07-22T12:00:00+00:00,0.715660000000001,0.715840000000001,0.715540000000001,0.715730000000001,1869
2026-07-22T12:15:00+00:00,0.715730000000001,0.715760000000001,0.7154700000000009,0.715570000000001,1891
2026-07-22T12:30:00+00:00,0.715570000000001,0.715710000000001,0.715360000000001,0.715390000000001,1502
2026-07-22T12:45:00+00:00,0.715390000000001,0.7154200000000009,0.7142500000000009,0.714710000000001,2554
2026-07-22T13:00:00+00:00,0.714710000000001,0.715340000000001,0.714700000000001,0.715220000000001,2343
2026-07-22T13:15:00+00:00,0.715220000000001,0.7158600000000009,0.715110000000001,0.715610000000001,2111
2026-07-22T13:30:00+00:00,0.715610000000001,0.716190000000001,0.715610000000001,0.716050000000001,3677
2026-07-22T13:45:00+00:00,0.716050000000001,0.716110000000001,0.715610000000001,0.715730000000001,2756
2026-07-22T14:00:00+00:00,0.715730000000001,0.715920000000001,0.7155200000000009,0.715810000000001,2558
2026-07-22T14:15:00+00:00,0.715810000000001,0.716000000000001,0.715480000000001,0.715570000000001,2611
2026-07-22T14:30:00+00:00,0.715570000000001,0.715930000000001,0.715510000000001,0.715840000000001,2220
2026-07-22T14:45:00+00:00,0.715840000000001,0.716160000000001,0.715700000000001,0.715850000000001,3149
2026-07-22T15:00:00+00:00,0.715850000000001,0.7160800000000009,0.715810000000001,0.715880000000001,2408
2026-07-22T15:15:00+00:00,0.715880000000001,0.716090000000001,0.715710000000001,0.716070000000001,1687
2026-07-22T15:30:00+00:00,0.716070000000001,0.7161300000000009,0.715890000000001,0.716070000000001,1873
2026-07-22T15:45:00+00:00,0.716070000000001,0.716270000000001,0.715990000000001,0.716270000000001,1612
2026-07-22T16:00:00+00:00,0.716270000000001,0.716320000000001,0.7159100000000009,0.715930000000001,1432
2026-07-22T16:15:00+00:00,0.715930000000001,0.715980000000001,0.715670000000001,0.715780000000001,1496
2026-07-22T16:30:00+00:00,0.715780000000001,0.715870000000001,0.715620000000001,0.715660000000001,1141
2026-07-22T16:45:00+00:00,0.715660000000001,0.7158600000000009,0.715570000000001,0.715780000000001,1174
2026-07-22T17:00:00+00:00,0.715780000000001,0.715920000000001,0.715730000000001,0.7157400000000009,1141
2026-07-22T17:15:00+00:00,0.7157400000000009,0.715870000000001,0.715700000000001,0.715760000000001,1055
2026-07-22T17:30:00+00:00,0.715760000000001,0.715780000000001,0.715460000000001,0.715570000000001,745
2026-07-22T17:45:00+00:00,0.715570000000001,0.715670000000001,0.715430000000001,0.715480000000001,886
2026-07-22T18:00:00+00:00,0.715480000000001,0.715530000000001,0.715340000000001,0.715340000000001,1178
2026-07-22T18:15:00+00:00,0.715340000000001,0.715660000000001,0.715320000000001,0.715660000000001,1044
2026-07-22T18:30:00+00:00,0.715660000000001,0.7156900000000009,0.715510000000001,0.715620000000001,835
2026-07-22T18:45:00+00:00,0.715620000000001,0.715760000000001,0.715610000000001,0.715720000000001,749
2026-07-22T19:00:00+00:00,0.715720000000001,0.715780000000001,0.715560000000001,0.715570000000001,1000
2026-07-22T19:15:00+00:00,0.715570000000001,0.715770000000001,0.715540000000001,0.715730000000001,696
2026-07-22T19:30:00+00:00,0.715730000000001,0.715730000000001,0.715610000000001,0.715670000000001,825
2026-07-22T19:45:00+00:00,0.715670000000001,0.715830000000001,0.715530000000001,0.715750000000001,1121
2026-07-22T20:00:00+00:00,0.715750000000001,0.716060000000001,0.715720000000001,0.7160300000000009,1732
2026-07-22T20:15:00+00:00,0.7160300000000009,0.716050000000001,0.715980000000001,0.7160300000000009,424
2026-07-22T20:30:00+00:00,0.7160300000000009,0.716040000000001,0.715850000000001,0.715870000000001,504
2026-07-22T20:45:00+00:00,0.715870000000001,0.716020000000001,0.715800000000001,0.715820000000001,550
2026-07-22T21:00:00+00:00,0.715820000000001,0.715900000000001,0.715410000000001,0.7154100000000011,68.6652520243437
2026-07-22T21:15:00+00:00,0.7154100000000011,0.7154100000000011,0.7150900000000011,0.7151000000000011,154
2026-07-22T21:30:00+00:00,0.7151000000000011,0.715450000000001,0.7151000000000011,0.7152400000000011,610
2026-07-22T21:45:00+00:00,0.7152400000000011,0.7153800000000011,0.714840000000001,0.715130000000001,888
2026-07-22T22:00:00+00:00,0.715130000000001,0.7155300000000011,0.7150700000000011,0.715110000000001,773
2026-07-22T22:15:00+00:00,0.715110000000001,0.7151600000000011,0.7149900000000011,0.7150000000000011,287
2026-07-22T22:30:00+00:00,0.7150000000000011,0.715110000000001,0.7148800000000011,0.7149000000000011,277
2026-07-22T22:45:00+00:00,0.7149000000000011,0.7151400000000011,0.714890000000001,0.7150900000000011,265
2026-07-22T23:00:00+00:00,0.7150900000000011,0.7151900000000011,0.715030000000001,0.7151700000000011,672
2026-07-22T23:15:00+00:00,0.7151700000000011,0.715250000000001,0.7151400000000011,0.7151900000000011,360
2026-07-22T23:30:00+00:00,0.7151900000000011,0.715280000000001,0.7151000000000011,0.7151700000000011,431
2026-07-22T23:45:00+00:00,0.7151700000000011,0.7151900000000011,0.7150400000000011,0.7151500000000011,728
2026-07-23T00:00:00+00:00,0.7151500000000011,0.7153900000000011,0.7150700000000011,0.7151000000000011,1769
2026-07-23T00:15:00+00:00,0.7151000000000011,0.7154800000000011,0.715030000000001,0.7152900000000011,1601
2026-07-23T00:30:00+00:00,0.7152900000000011,0.715400000000001,0.715250000000001,0.715350000000001,1108
2026-07-23T00:45:00+00:00,0.715350000000001,0.715670000000001,0.7151900000000011,0.715640000000001,1367
2026-07-23T01:00:00+00:00,0.715640000000001,0.7159700000000011,0.715640000000001,0.7159000000000011,2101
2026-07-23T01:15:00+00:00,0.7159000000000011,0.7160700000000011,0.7158100000000011,0.715860000000001,1440
2026-07-23T01:30:00+00:00,0.715860000000001,0.718300000000001,0.715860000000001,0.7177500000000011,4623
2026-07-23T01:45:00+00:00,0.7177500000000011,0.7179800000000011,0.717300000000001,0.717300000000001,2863
2026-07-23T02:00:00+00:00,0.717300000000001,0.7178800000000011,0.717300000000001,0.7175600000000011,1852
2026-07-23T02:15:00+00:00,0.7175600000000011,0.717570000000001,0.7172000000000011,0.7172700000000011,1452
2026-07-23T02:30:00+00:00,0.7172700000000011,0.7178200000000011,0.7172700000000011,0.7177700000000011,1872
2026-07-23T02:45:00+00:00,0.7177700000000011,0.7179800000000011,0.7176600000000011,0.7177800000000011,1603
2026-07-23T03:00:00+00:00,0.7177800000000011,0.717860000000001,0.7173800000000011,0.7174200000000011,1669
2026-07-23T03:15:00+00:00,0.7174200000000011,0.7178800000000011,0.7173600000000011,0.7178200000000011,1395
2026-07-23T03:30:00+00:00,0.7178200000000011,0.7180300000000011,0.7177100000000011,0.7180000000000011,1470
2026-07-23T03:45:00+00:00,0.7180000000000011,0.718130000000001,0.7178300000000011,0.7180700000000011,1751
2026-07-23T04:00:00+00:00,0.7180700000000011,0.7183400000000011,0.717960000000001,0.7182400000000011,1971
2026-07-23T04:15:00+00:00,0.7182400000000011,0.7183200000000011,0.7179700000000011,0.7181700000000011,1367
2026-07-23T04:30:00+00:00,0.7181700000000011,0.7182100000000011,0.7178300000000011,0.7178700000000011,914
2026-07-23T04:45:00+00:00,0.7178700000000011,0.7179700000000011,0.7175500000000011,0.7177300000000011,1451
2026-07-23T05:00:00+00:00,0.7177300000000011,0.717940000000001,0.717620000000001,0.7176800000000011,1314
2026-07-23T05:15:00+00:00,0.7176800000000011,0.7177600000000011,0.7174100000000011,0.717740000000001,1225
2026-07-23T05:30:00+00:00,0.717740000000001,0.717740000000001,0.7174300000000011,0.7175400000000011,1456
2026-07-23T05:45:00+00:00,0.7175400000000011,0.7175900000000011,0.7174100000000011,0.7174400000000011,1163
2026-07-23T06:00:00+00:00,0.7174400000000011,0.717690000000001,0.717330000000001,0.717470000000001,1553
2026-07-23T06:15:00+00:00,0.717470000000001,0.7177000000000011,0.7174200000000011,0.717500000000001,1386
2026-07-23T06:30:00+00:00,0.717500000000001,0.7176000000000011,0.7172600000000011,0.7173800000000011,1219
2026-07-23T06:45:00+00:00,0.7173800000000011,0.7174600000000011,0.7167700000000011,0.716790000000001,1667
2026-07-23T07:00:00+00:00,0.716790000000001,0.716910000000001,0.7163400000000011,0.7169000000000011,3080
2026-07-23T07:15:00+00:00,0.7169000000000011,0.7171900000000011,0.716860000000001,0.7168800000000011,1929
2026-07-23T07:30:00+00:00,0.7168800000000011,0.7169700000000011,0.7161000000000011,0.7162000000000011,2032
2026-07-23T07:45:00+00:00,0.7162000000000011,0.7166100000000011,0.7159400000000011,0.716570000000001,2778
2026-07-23T08:00:00+00:00,0.716570000000001,0.7167000000000011,0.7162700000000011,0.7162900000000011,2232
2026-07-23T08:15:00+00:00,0.7162900000000011,0.7163100000000011,0.7159900000000011,0.7162400000000011,2175
2026-07-23T08:30:00+00:00,0.7162400000000011,0.7162900000000011,0.7159700000000011,0.716230000000001,2026
2026-07-23T08:45:00+00:00,0.716230000000001,0.7164300000000011,0.7161500000000011,0.716280000000001,2240
2026-07-23T09:00:00+00:00,0.716280000000001,0.7168200000000011,0.7162400000000011,0.716280000000001,1848
2026-07-23T09:15:00+00:00,0.716280000000001,0.7164400000000011,0.7160500000000011,0.7160900000000011,1247
2026-07-23T09:30:00+00:00,0.7160900000000011,0.716400000000001,0.7160200000000011,0.7163200000000011,1720
2026-07-23T09:45:00+00:00,0.7163200000000011,0.7163800000000011,0.7159800000000011,0.7160900000000011,1474
2026-07-23T10:00:00+00:00,0.7160900000000011,0.7161400000000011,0.7157700000000011,0.7159800000000011,1762
2026-07-23T10:15:00+00:00,0.7159800000000011,0.7160700000000011,0.7158100000000011,0.7160200000000011,1463
2026-07-23T10:30:00+00:00,0.7160200000000011,0.7162000000000011,0.7159200000000011,0.7160400000000011,1325
2026-07-23T10:45:00+00:00,0.7160400000000011,0.7162900000000011,0.7158200000000011,0.7159800000000011,1780
2026-07-23T11:00:00+00:00,0.7159800000000011,0.716060000000001,0.7158200000000011,0.7160000000000011,1708
2026-07-23T11:15:00+00:00,0.7160000000000011,0.7160400000000011,0.7156600000000011,0.7157800000000011,1601
2026-07-23T11:30:00+00:00,0.7157800000000011,0.7158300000000011,0.7146300000000011,0.7149200000000011,2897
2026-07-23T11:45:00+00:00,0.7149200000000011,0.715670000000001,0.7149200000000011,0.715520000000001,2617
2026-07-23T12:00:00+00:00,0.715520000000001,0.7156100000000011,0.7152700000000011,0.7153700000000011,2045
2026-07-23T12:15:00+00:00,0.7153700000000011,0.7153900000000011,0.714400000000001,0.7146100000000011,2682
2026-07-23T12:30:00+00:00,0.7146100000000011,0.7146100000000011,0.7136800000000011,0.7138300000000011,3137
2026-07-23T12:45:00+00:00,0.7138300000000011,0.7141900000000011,0.7137500000000011,0.714110000000001,2989
2026-07-23T13:00:00+00:00,0.714110000000001,0.7141500000000011,0.712960000000001,0.7131200000000011,4334
2026-07-23T13:15:00+00:00,0.7131200000000011,0.713520000000001,0.7130700000000011,0.713500000000001,3080
2026-07-23T13:30:00+00:00,0.713500000000001,0.7144600000000011,0.7134600000000011,0.7141000000000011,4879
2026-07-23T13:45:00+00:00,0.7141000000000011,0.7141200000000011,0.713450000000001,0.713500000000001,4317
2026-07-23T14:00:00+00:00,0.713500000000001,0.7138000000000011,0.713080000000001,0.713620000000001,5134
2026-07-23T14:15:00+00:00,0.713620000000001,0.7139000000000011,0.713300000000001,0.7138000000000011,4239
2026-07-23T14:30:00+00:00,0.7138000000000011,0.714110000000001,0.713520000000001,0.713520000000001,3859
2026-07-23T14:45:00+00:00,0.713520000000001,0.7136600000000011,0.7131400000000011,0.7135600000000011,3653
2026-07-23T15:00:00+00:00,0.7135600000000011,0.7138300000000011,0.713300000000001,0.7135100000000011,3648
2026-07-23T15:15:00+00:00,0.7135100000000011,0.713810000000001,0.7130500000000011,0.7130500000000011,3929
2026-07-23T15:30:00+00:00,0.7130500000000011,0.7137100000000011,0.712690000000001,0.7134600000000011,3998
2026-07-23T15:45:00+00:00,0.7134600000000011,0.713860000000001,0.713350000000001,0.7136500000000011,2884
2026-07-23T16:00:00+00:00,0.7136500000000011,0.714030000000001,0.7135400000000011,0.7139900000000011,2511
2026-07-23T16:15:00+00:00,0.7139900000000011,0.714080000000001,0.7136600000000011,0.7139400000000011,2262
2026-07-23T16:30:00+00:00,0.7139400000000011,0.714010000000001,0.7137100000000011,0.7139500000000011,2225
2026-07-23T16:45:00+00:00,0.7139500000000011,0.714060000000001,0.713790000000001,0.714010000000001,1726
2026-07-23T17:00:00+00:00,0.714010000000001,0.714030000000001,0.7136600000000011,0.713670000000001,2182
2026-07-23T17:15:00+00:00,0.713670000000001,0.7139000000000011,0.713620000000001,0.713670000000001,1831
2026-07-23T17:30:00+00:00,0.713670000000001,0.7136800000000011,0.7132900000000011,0.7133300000000011,1819
2026-07-23T17:45:00+00:00,0.7133300000000011,0.7134300000000011,0.7131500000000011,0.7131600000000011,1425
2026-07-23T18:00:00+00:00,0.7131600000000011,0.7132200000000011,0.7130700000000011,0.713080000000001,1494
2026-07-23T18:15:00+00:00,0.713080000000001,0.7131400000000011,0.7128500000000011,0.7129800000000011,1455
2026-07-23T18:30:00+00:00,0.7129800000000011,0.7131100000000011,0.712840000000001,0.7128800000000011,1153
2026-07-23T18:45:00+00:00,0.7128800000000011,0.7129500000000011,0.7126600000000011,0.712840000000001,1274
2026-07-23T19:00:00+00:00,0.712840000000001,0.7129500000000011,0.7125800000000011,0.7126000000000011,1133
2026-07-23T19:15:00+00:00,0.7126000000000011,0.712690000000001,0.7124400000000011,0.7126800000000011,1185
2026-07-23T19:30:00+00:00,0.7126800000000011,0.7129200000000011,0.7125500000000011,0.7125500000000011,1436
2026-07-23T19:45:00+00:00,0.7125500000000011,0.7128500000000011,0.712470000000001,0.712810000000001,1406
2026-07-23T20:00:00+00:00,0.712810000000001,0.7130500000000011,0.712810000000001,0.712910000000001,666
2026-07-23T20:15:00+00:00,0.712910000000001,0.713030000000001,0.7128700000000011,0.713030000000001,408
2026-07-23T20:30:00+00:00,0.713030000000001,0.7131000000000011,0.712890000000001,0.7129500000000011,324
2026-07-23T20:45:00+00:00,0.7129500000000011,0.7130700000000011,0.712890000000001,0.7129700000000011,548
2026-07-23T21:00:00+00:00,0.7129700000000011,0.7129700000000011,0.7123300000000011,0.712860000000001,127.70774734764372
2026-07-23T21:15:00+00:00,0.712860000000001,0.7130500000000011,0.712860000000001,0.7130200000000011,237
2026-07-23T21:30:00+00:00,0.7130200000000011,0.7130200000000011,0.7127600000000011,0.712840000000001,254
2026-07-23T21:45:00+00:00,0.712840000000001,0.7130700000000011,0.7126600000000011,0.7129400000000011,684.8151604016707
2026-07-23T22:00:00+00:00,0.7129400000000011,0.7131000000000011,0.7128800000000011,0.712960000000001,524
2026-07-23T22:15:00+00:00,0.712960000000001,0.7131000000000011,0.7129300000000011,0.7129800000000011,327
2026-07-23T22:30:00+00:00,0.7129800000000011,0.713080000000001,0.7129400000000011,0.7129700000000011,333
2026-07-23T22:45:00+00:00,0.7129700000000011,0.7130900000000011,0.7129700000000011,0.713060000000001,156
2026-07-23T23:00:00+00:00,0.713060000000001,0.7130900000000011,0.7129400000000011,0.7129800000000011,382
2026-07-23T23:15:00+00:00,0.7129800000000011,0.7131000000000011,0.7129800000000011,0.7130500000000011,299
2026-07-23T23:30:00+00:00,0.7130500000000011,0.7131900000000011,0.7129300000000011,0.7130200000000011,499
2026-07-23T23:45:00+00:00,0.7130200000000011,0.7131400000000011,0.7128000000000011,0.7129200000000011,1024
2026-07-24T00:00:00+00:00,0.7129200000000011,0.7132900000000011,0.7128200000000011,0.7131100000000011,2552
2026-07-24T00:15:00+00:00,0.7131100000000011,0.7132600000000011,0.712960000000001,0.7131100000000011,1849
2026-07-24T00:30:00+00:00,0.7131100000000011,0.713400000000001,0.7130200000000011,0.713350000000001,1444
2026-07-24T00:45:00+00:00,0.713350000000001,0.7139000000000011,0.7132900000000011,0.7138700000000011,1494
2026-07-24T01:00:00+00:00,0.7138700000000011,0.7139300000000011,0.7134900000000011,0.7136600000000011,2284
2026-07-24T01:15:00+00:00,0.7136600000000011,0.7136800000000011,0.713450000000001,0.713450000000001,1806
2026-07-24T01:30:00+00:00,0.713450000000001,0.714180000000001,0.7134100000000011,0.7141600000000011,1896
2026-07-24T01:45:00+00:00,0.7141600000000011,0.714180000000001,0.713690000000001,0.7138300000000011,1795
2026-07-24T02:00:00+00:00,0.7138300000000011,0.7139800000000011,0.7135500000000011,0.7139500000000011,2112
2026-07-24T02:15:00+00:00,0.7139500000000011,0.714180000000001,0.7138800000000011,0.7141200000000011,1429
2026-07-24T02:30:00+00:00,0.7141200000000011,0.7143100000000011,0.7139300000000011,0.713960000000001,1369
2026-07-24T02:45:00+00:00,0.713960000000001,0.7139700000000011,0.7135300000000011,0.7135300000000011,1774
2026-07-24T03:00:00+00:00,0.7135300000000011,0.7138800000000011,0.7135100000000011,0.7138700000000011,1485
2026-07-24T03:15:00+00:00,0.7138700000000011,0.7139200000000011,0.7135600000000011,0.7136300000000011,1365
2026-07-24T03:30:00+00:00,0.7136300000000011,0.713910000000001,0.7136100000000011,0.7136300000000011,1219
2026-07-24T03:45:00+00:00,0.7136300000000011,0.7137200000000011,0.713520000000001,0.7136800000000011,866
2026-07-24T04:00:00+00:00,0.7136800000000011,0.713910000000001,0.713620000000001,0.7138500000000011,1154
2026-07-24T04:15:00+00:00,0.7138500000000011,0.7139300000000011,0.7137200000000011,0.7137600000000011,1212
2026-07-24T04:30:00+00:00,0.7137600000000011,0.7137600000000011,0.7133800000000011,0.7134100000000011,1140
2026-07-24T04:45:00+00:00,0.7134100000000011,0.713570000000001,0.713350000000001,0.7135500000000011,1172
2026-07-24T05:00:00+00:00,0.7135500000000011,0.7139700000000011,0.713500000000001,0.7139300000000011,1642
2026-07-24T05:15:00+00:00,0.7139300000000011,0.714080000000001,0.7139000000000011,0.7140000000000011,1282
2026-07-24T05:30:00+00:00,0.7140000000000011,0.7142000000000011,0.713790000000001,0.7138500000000011,1834
2026-07-24T05:45:00+00:00,0.7138500000000011,0.7139800000000011,0.7135300000000011,0.7135400000000011,1425
2026-07-24T06:00:00+00:00,0.7135400000000011,0.7138800000000011,0.7135400000000011,0.7138800000000011,1637
2026-07-24T06:15:00+00:00,0.7138800000000011,0.7143200000000011,0.7137500000000011,0.714300000000001,1803
2026-07-24T06:30:00+00:00,0.714300000000001,0.7143900000000011,0.714130000000001,0.7142000000000011,1335
2026-07-24T06:45:00+00:00,0.7142000000000011,0.714570000000001,0.7140900000000011,0.714570000000001,1577
2026-07-24T07:00:00+00:00,0.714570000000001,0.7150400000000011,0.7145500000000011,0.714860000000001,2279
2026-07-24T07:15:00+00:00,0.714860000000001,0.715110000000001,0.7146500000000011,0.715010000000001,1845
2026-07-24T07:30:00+00:00,0.715010000000001,0.715180000000001,0.7144100000000011,0.7146100000000011,2055
2026-07-24T07:45:00+00:00,0.7146100000000011,0.7147600000000011,0.7144600000000011,0.7146500000000011,1360
2026-07-24T08:00:00+00:00,0.7146500000000011,0.7148800000000011,0.7144800000000011,0.7148300000000011,1643
2026-07-24T08:15:00+00:00,0.7148300000000011,0.715110000000001,0.7147000000000011,0.715080000000001,1625
2026-07-24T08:30:00+00:00,0.715080000000001,0.715130000000001,0.7148800000000011,0.7150000000000011,1467
2026-07-24T08:45:00+00:00,0.7150000000000011,0.715060000000001,0.7148200000000011,0.7149900000000011,1532
2026-07-24T09:00:00+00:00,0.7149900000000011,0.7152100000000011,0.7148500000000011,0.714910000000001,1708
2026-07-24T09:15:00+00:00,0.714910000000001,0.7151700000000011,0.714860000000001,0.7151500000000011,1350
2026-07-24T09:30:00+00:00,0.7151500000000011,0.715180000000001,0.714890000000001,0.715030000000001,1140
2026-07-24T09:45:00+00:00,0.715030000000001,0.715420000000001,0.7149500000000011,0.715420000000001,1500
2026-07-24T10:00:00+00:00,0.715420000000001,0.7154800000000011,0.7152700000000011,0.715420000000001,1420
2026-07-24T10:15:00+00:00,0.715420000000001,0.7157600000000011,0.715400000000001,0.715690000000001,1418
2026-07-24T10:30:00+00:00,0.715690000000001,0.7157700000000011,0.715450000000001,0.715470000000001,1275
2026-07-24T10:45:00+00:00,0.715470000000001,0.7155400000000011,0.7152400000000011,0.7153900000000011,1434
2026-07-24T11:00:00+00:00,0.7153900000000011,0.7155500000000011,0.7153800000000011,0.7155300000000011,1390
2026-07-24T11:15:00+00:00,0.7155300000000011,0.7155600000000011,0.7151700000000011,0.715180000000001,1045
2026-07-24T11:30:00+00:00,0.715180000000001,0.7152600000000011,0.715030000000001,0.715110000000001,1117
2026-07-24T11:45:00+00:00,0.715110000000001,0.715230000000001,0.714740000000001,0.715030000000001,1910
2026-07-24T12:00:00+00:00,0.715030000000001,0.715110000000001,0.714740000000001,0.715010000000001,1948
2026-07-24T12:15:00+00:00,0.715010000000001,0.715010000000001,0.714500000000001,0.7145400000000011,1733
2026-07-24T12:30:00+00:00,0.7145400000000011,0.7146000000000011,0.7137600000000011,0.7138500000000011,1845
2026-07-24T12:45:00+00:00,0.7138500000000011,0.714030000000001,0.7136800000000011,0.713860000000001,1727
2026-07-24T13:00:00+00:00,0.713860000000001,0.714010000000001,0.7136600000000011,0.7138500000000011,2349
2026-07-24T13:15:00+00:00,0.7138500000000011,0.713960000000001,0.7137700000000011,0.713890000000001,2309
2026-07-24T13:30:00+00:00,0.713890000000001,0.7139400000000011,0.7134900000000011,0.7138300000000011,3152
2026-07-24T13:45:00+00:00,0.7138300000000011,0.7139500000000011,0.7135900000000011,0.7139300000000011,2308
2026-07-24T14:00:00+00:00,0.7139300000000011,0.714400000000001,0.7139200000000011,0.714250000000001,3189
2026-07-24T14:15:00+00:00,0.714250000000001,0.714670000000001,0.7140400000000011,0.7143400000000011,3239
2026-07-24T14:30:00+00:00,0.7143400000000011,0.7146500000000011,0.714280000000001,0.7145500000000011,2646
2026-07-24T14:45:00+00:00,0.7145500000000011,0.7151500000000011,0.714470000000001,0.7149800000000011,2673
2026-07-24T15:00:00+00:00,0.7149800000000011,0.7160400000000011,0.7149500000000011,0.715890000000001,3481
2026-07-24T15:15:00+00:00,0.715890000000001,0.716300000000001,0.7154900000000011,0.7155100000000011,3833
2026-07-24T15:30:00+00:00,0.7155100000000011,0.7157000000000011,0.7151900000000011,0.7153100000000011,2647
2026-07-24T15:45:00+00:00,0.7153100000000011,0.715790000000001,0.7153100000000011,0.7157500000000011,2202
2026-07-24T16:00:00+00:00,0.7157500000000011,0.7158200000000011,0.7155900000000011,0.7157000000000011,1615
2026-07-24T16:15:00+00:00,0.7157000000000011,0.7157600000000011,0.7155800000000011,0.7156800000000011,1366
2026-07-24T16:30:00+00:00,0.7156800000000011,0.7157300000000011,0.7152100000000011,0.7152600000000011,1708
2026-07-24T16:45:00+00:00,0.7152600000000011,0.7153600000000011,0.715080000000001,0.7152700000000011,1354
2026-07-24T17:00:00+00:00,0.7152700000000011,0.7153200000000011,0.7147800000000011,0.7148800000000011,2214
2026-07-24T17:15:00+00:00,0.7148800000000011,0.7149500000000011,0.7147200000000011,0.7149400000000011,1318
2026-07-24T17:30:00+00:00,0.7149400000000011,0.715060000000001,0.7147300000000011,0.7147500000000011,982
2026-07-24T17:45:00+00:00,0.7147500000000011,0.714890000000001,0.7146600000000011,0.7148100000000011,918
2026-07-24T18:00:00+00:00,0.7148100000000011,0.714860000000001,0.7147300000000011,0.714790000000001,1155
2026-07-24T18:15:00+00:00,0.714790000000001,0.7148500000000011,0.7145500000000011,0.7145800000000011,1255
2026-07-24T18:30:00+00:00,0.7145800000000011,0.714620000000001,0.714350000000001,0.7143700000000011,1220
2026-07-24T18:45:00+00:00,0.7143700000000011,0.7145800000000011,0.714350000000001,0.7145100000000011,976
2026-07-24T19:00:00+00:00,0.7145100000000011,0.7145500000000011,0.714280000000001,0.7142900000000011,1133
2026-07-24T19:15:00+00:00,0.7142900000000011,0.7143800000000011,0.7141400000000011,0.7141600000000011,1116
2026-07-24T19:30:00+00:00,0.7141600000000011,0.7144400000000011,0.7141400000000011,0.714400000000001,2248
2026-07-24T19:45:00+00:00,0.714400000000001,0.7144400000000011,0.714130000000001,0.7142600000000011,1162
2026-07-24T20:00:00+00:00,0.7142600000000011,0.7142700000000011,0.714080000000001,0.7141600000000011,418
2026-07-24T20:15:00+00:00,0.7141600000000011,0.7142900000000011,0.7141200000000011,0.7142600000000011,245
2026-07-24T20:30:00+00:00,0.7142600000000011,0.714280000000001,0.7141700000000011,0.7142600000000011,312
2026-07-24T20:45:00+00:00,0.7142600000000011,0.714330000000001,0.7139300000000011,0.7140200000000011,712.9475062921157
2026-07-26T21:00:00+00:00,0.7140200000000011,0.7143300000000011,0.7139200000000011,0.7143300000000011,101.37328160972886
2026-07-26T21:15:00+00:00,0.7143300000000011,0.7147300000000011,0.7141800000000011,0.7142800000000011,250
2026-07-26T21:30:00+00:00,0.7142800000000011,0.7144200000000012,0.7142300000000011,0.7143500000000012,80.48039186543654
2026-07-26T21:45:00+00:00,0.7143500000000012,0.714420000000001,0.7135400000000011,0.7141000000000011,1051.3608476002223
2026-07-26T22:00:00+00:00,0.7141000000000011,0.714790000000001,0.713820000000001,0.713920000000001,1608
2026-07-26T22:15:00+00:00,0.713920000000001,0.714090000000001,0.713640000000001,0.7137600000000011,898
2026-07-26T22:30:00+00:00,0.7137600000000011,0.7137600000000011,0.713360000000001,0.7134900000000011,609
2026-07-26T22:45:00+00:00,0.7134900000000011,0.713500000000001,0.713210000000001,0.713310000000001,456
2026-07-26T23:00:00+00:00,0.713310000000001,0.7135100000000011,0.713280000000001,0.713420000000001,766
2026-07-26T23:15:00+00:00,0.713420000000001,0.713450000000001,0.713200000000001,0.713250000000001,463
2026-07-26T23:30:00+00:00,0.713250000000001,0.7136800000000011,0.7132400000000011,0.7135600000000011,646
2026-07-26T23:45:00+00:00,0.7135600000000011,0.713650000000001,0.7133900000000011,0.7135400000000011,1473
2026-07-27T00:00:00+00:00,0.7135400000000011,0.7142000000000011,0.713530000000001,0.714180000000001,3837
2026-07-27T00:15:00+00:00,0.714180000000001,0.714240000000001,0.713790000000001,0.7141700000000011,2991
2026-07-27T00:30:00+00:00,0.7141700000000011,0.714350000000001,0.713740000000001,0.7137800000000011,2214
2026-07-27T00:45:00+00:00,0.7137800000000011,0.714020000000001,0.713400000000001,0.713450000000001,2338
2026-07-27T01:00:00+00:00,0.713450000000001,0.7139500000000011,0.713400000000001,0.713890000000001,2668
2026-07-27T01:15:00+00:00,0.713890000000001,0.7140700000000011,0.713750000000001,0.713860000000001,1743
2026-07-27T01:30:00+00:00,0.713860000000001,0.7141200000000011,0.713550000000001,0.713790000000001,2692
2026-07-27T01:45:00+00:00,0.713790000000001,0.7146800000000011,0.713690000000001,0.7146600000000011,2339
2026-07-27T02:00:00+00:00,0.7146600000000011,0.714690000000001,0.714240000000001,0.714240000000001,2617
2026-07-27T02:15:00+00:00,0.714240000000001,0.7143200000000011,0.7139800000000011,0.714250000000001,1579
2026-07-27T02:30:00+00:00,0.714250000000001,0.7143400000000011,0.7140500000000011,0.7142200000000011,1706
2026-07-27T02:45:00+00:00,0.7142200000000011,0.714260000000001,0.7139500000000011,0.713990000000001,1322
2026-07-27T03:00:00+00:00,0.713990000000001,0.7141500000000011,0.713870000000001,0.713920000000001,1219
2026-07-27T03:15:00+00:00,0.713920000000001,0.7140500000000011,0.713810000000001,0.7138300000000011,1291
2026-07-27T03:30:00+00:00,0.7138300000000011,0.713840000000001,0.713500000000001,0.7137600000000011,1556
2026-07-27T03:45:00+00:00,0.7137600000000011,0.713990000000001,0.713740000000001,0.713970000000001,1021
2026-07-27T04:00:00+00:00,0.713970000000001,0.714110000000001,0.713810000000001,0.713940000000001,1308
2026-07-27T04:15:00+00:00,0.713940000000001,0.7139800000000011,0.713550000000001,0.713690000000001,1086
2026-07-27T04:30:00+00:00,0.713690000000001,0.713940000000001,0.713640000000001,0.7137800000000011,1050
2026-07-27T04:45:00+00:00,0.7137800000000011,0.713860000000001,0.7136800000000011,0.7137800000000011,996
2026-07-27T05:00:00+00:00,0.7137800000000011,0.7141700000000011,0.713740000000001,0.7141500000000011,1342
2026-07-27T05:15:00+00:00,0.7141500000000011,0.714280000000001,0.7140700000000011,0.714280000000001,1087
2026-07-27T05:30:00+00:00,0.714280000000001,0.7143900000000011,0.714140000000001,0.714180000000001,1109
2026-07-27T05:45:00+00:00,0.714180000000001,0.7144900000000011,0.7141700000000011,0.7143200000000011,988
2026-07-27T06:00:00+00:00,0.7143200000000011,0.714670000000001,0.714230000000001,0.7144900000000011,1830
2026-07-27T06:15:00+00:00,0.7144900000000011,0.7147800000000011,0.714250000000001,0.714770000000001,1571
2026-07-27T06:30:00+00:00,0.714770000000001,0.715260000000001,0.714690000000001,0.7151000000000011,1742
2026-07-27T06:45:00+00:00,0.7151000000000011,0.7151000000000011,0.714640000000001,0.714700000000001,1338
2026-07-27T07:00:00+00:00,0.714700000000001,0.715080000000001,0.714500000000001,0.715080000000001,2105
2026-07-27T07:15:00+00:00,0.715080000000001,0.715110000000001,0.714720000000001,0.714790000000001,2194
2026-07-27T07:30:00+00:00,0.714790000000001,0.7148100000000011,0.714190000000001,0.7143400000000011,2017
2026-07-27T07:45:00+00:00,0.7143400000000011,0.714530000000001,0.714160000000001,0.714160000000001,1674
2026-07-27T08:00:00+00:00,0.714160000000001,0.7144600000000011,0.714130000000001,0.7142200000000011,2325
2026-07-27T08:15:00+00:00,0.7142200000000011,0.714330000000001,0.7141200000000011,0.7142000000000011,1434
2026-07-27T08:30:00+00:00,0.7142000000000011,0.7144400000000011,0.714130000000001,0.714230000000001,1351
2026-07-27T08:45:00+00:00,0.714230000000001,0.714530000000001,0.7141200000000011,0.714430000000001,1412
2026-07-27T09:00:00+00:00,0.714430000000001,0.7145100000000011,0.714130000000001,0.7142000000000011,1542
2026-07-27T09:15:00+00:00,0.7142000000000011,0.714410000000001,0.714080000000001,0.714230000000001,1186
2026-07-27T09:30:00+00:00,0.714230000000001,0.714400000000001,0.714160000000001,0.714360000000001,1411
2026-07-27T09:45:00+00:00,0.714360000000001,0.7144600000000011,0.714260000000001,0.7143200000000011,1313
2026-07-27T10:00:00+00:00,0.7143200000000011,0.7145400000000011,0.7140700000000011,0.714280000000001,1601
2026-07-27T10:15:00+00:00,0.714280000000001,0.7144900000000011,0.7142700000000011,0.714350000000001,1311
2026-07-27T10:30:00+00:00,0.714350000000001,0.714700000000001,0.714310000000001,0.714600000000001,1273
2026-07-27T10:45:00+00:00,0.714600000000001,0.7146100000000011,0.7142900000000011,0.714350000000001,1558
2026-07-27T11:00:00+00:00,0.714350000000001,0.714400000000001,0.7141000000000011,0.7142700000000011,1834
2026-07-27T11:15:00+00:00,0.7142700000000011,0.714480000000001,0.714210000000001,0.714250000000001,1326
2026-07-27T11:30:00+00:00,0.714250000000001,0.7145900000000011,0.714090000000001,0.714090000000001,2014
2026-07-27T11:45:00+00:00,0.714090000000001,0.7141700000000011,0.7138500000000011,0.7139300000000011,1715
2026-07-27T12:00:00+00:00,0.7139300000000011,0.7142200000000011,0.713630000000001,0.7136600000000011,2370
2026-07-27T12:15:00+00:00,0.7136600000000011,0.713800000000001,0.713630000000001,0.7136800000000011,1611
2026-07-27T12:30:00+00:00,0.7136800000000011,0.713740000000001,0.713400000000001,0.713700000000001,1487
2026-07-27T12:45:00+00:00,0.713700000000001,0.7139300000000011,0.713620000000001,0.7137600000000011,1884
2026-07-27T13:00:00+00:00,0.7137600000000011,0.713970000000001,0.7135900000000011,0.7138300000000011,2568
2026-07-27T13:15:00+00:00,0.7138300000000011,0.713890000000001,0.7135600000000011,0.713690000000001,1552
2026-07-27T13:30:00+00:00,0.713690000000001,0.714190000000001,0.713690000000001,0.714010000000001,3360
2026-07-27T13:45:00+00:00,0.714010000000001,0.714250000000001,0.713630000000001,0.713740000000001,2906
2026-07-27T14:00:00+00:00,0.713740000000001,0.713860000000001,0.7134400000000011,0.7137800000000011,3304
2026-07-27T14:15:00+00:00,0.7137800000000011,0.7138500000000011,0.712920000000001,0.7129500000000011,2941
2026-07-27T14:30:00+00:00,0.7129500000000011,0.7130500000000011,0.7126600000000011,0.712820000000001,3468
2026-07-27T14:45:00+00:00,0.712820000000001,0.713450000000001,0.712820000000001,0.7133900000000011,3154
2026-07-27T15:00:00+00:00,0.7133900000000011,0.7135100000000011,0.7131700000000011,0.713360000000001,3137
2026-07-27T15:15:00+00:00,0.713360000000001,0.713740000000001,0.713300000000001,0.7134900000000011,2914
2026-07-27T15:30:00+00:00,0.7134900000000011,0.7134900000000011,0.7131000000000011,0.713230000000001,2407
2026-07-27T15:45:00+00:00,0.713230000000001,0.713550000000001,0.713160000000001,0.7133700000000011,2339
2026-07-27T16:00:00+00:00,0.7133700000000011,0.713500000000001,0.713190000000001,0.713350000000001,1804
2026-07-27T16:15:00+00:00,0.713350000000001,0.7139300000000011,0.713310000000001,0.713820000000001,2794
2026-07-27T16:30:00+00:00,0.713820000000001,0.714090000000001,0.713810000000001,0.713860000000001,1789
2026-07-27T16:45:00+00:00,0.713860000000001,0.713870000000001,0.7134600000000011,0.713600000000001,1624
2026-07-27T17:00:00+00:00,0.713600000000001,0.7136100000000011,0.7130000000000011,0.713140000000001,2093
2026-07-27T17:15:00+00:00,0.713140000000001,0.7131700000000011,0.712890000000001,0.7129500000000011,1777
2026-07-27T17:30:00+00:00,0.7129500000000011,0.7131500000000011,0.7128300000000011,0.7129000000000011,1608
2026-07-27T17:45:00+00:00,0.7129000000000011,0.713090000000001,0.7128500000000011,0.7130700000000011,1295
2026-07-27T18:00:00+00:00,0.7130700000000011,0.7131000000000011,0.712960000000001,0.713040000000001,1596
2026-07-27T18:15:00+00:00,0.713040000000001,0.713040000000001,0.7128500000000011,0.712960000000001,1574
2026-07-27T18:30:00+00:00,0.712960000000001,0.713090000000001,0.712750000000001,0.712890000000001,2018
2026-07-27T18:45:00+00:00,0.712890000000001,0.713020000000001,0.712740000000001,0.712990000000001,1630
2026-07-27T19:00:00+00:00,0.712990000000001,0.713190000000001,0.712910000000001,0.7130700000000011,1205
2026-07-27T19:15:00+00:00,0.7130700000000011,0.7132700000000011,0.713010000000001,0.7132700000000011,958
2026-07-27T19:30:00+00:00,0.7132700000000011,0.713500000000001,0.7132400000000011,0.7134600000000011,1315
2026-07-27T19:45:00+00:00,0.7134600000000011,0.713470000000001,0.713280000000001,0.713380000000001,995
2026-07-27T20:00:00+00:00,0.713380000000001,0.713410000000001,0.7131700000000011,0.7132700000000011,505
2026-07-27T20:15:00+00:00,0.7132700000000011,0.7132700000000011,0.7131200000000011,0.713140000000001,183
2026-07-27T20:30:00+00:00,0.713140000000001,0.713140000000001,0.713030000000001,0.713040000000001,289
2026-07-27T20:45:00+00:00,0.713040000000001,0.713200000000001,0.712970000000001,0.712970000000001,461
2026-07-27T21:00:00+00:00,0.712970000000001,0.713720000000001,0.7128300000000011,0.713080000000001,116.91740459948545
2026-07-27T21:15:00+00:00,0.713080000000001,0.713080000000001,0.713030000000001,0.7130400000000011,114
2026-07-27T21:30:00+00:00,0.7130400000000011,0.7130900000000011,0.7128700000000011,0.7129800000000011,387
2026-07-27T21:45:00+00:00,0.7129800000000011,0.7132800000000011,0.7129500000000011,0.7132400000000011,565
2026-07-27T22:00:00+00:00,0.7132400000000011,0.7132400000000011,0.7130600000000011,0.7131400000000011,402
2026-07-27T22:15:00+00:00,0.7131400000000011,0.7132100000000011,0.7131400000000011,0.7131600000000011,275
2026-07-27T22:30:00+00:00,0.7131600000000011,0.7132200000000011,0.7131100000000011,0.7131200000000011,334
2026-07-27T22:45:00+00:00,0.7131200000000011,0.7131200000000011,0.7130700000000011,0.7130700000000011,152.1321904761905
2026-07-27T23:00:00+00:00,0.7130700000000011,0.7130700000000011,0.7129000000000011,0.7130200000000011,531
2026-07-27T23:15:00+00:00,0.7130200000000011,0.7130700000000011,0.7130000000000011,0.7130700000000011,325
2026-07-27T23:30:00+00:00,0.7130700000000011,0.7130700000000011,0.7129000000000011,0.7129200000000011,327
2026-07-27T23:45:00+00:00,0.7129200000000011,0.7130500000000011,0.7128300000000011,0.7130200000000011,741
2026-07-28T00:00:00+00:00,0.7130200000000011,0.7131100000000011,0.7124900000000011,0.712570000000001,2070
2026-07-28T00:15:00+00:00,0.712570000000001,0.7128000000000011,0.7125300000000011,0.7127800000000011,1454
2026-07-28T00:30:00+00:00,0.7127800000000011,0.7133200000000011,0.7127800000000011,0.7132400000000011,1580
2026-07-28T00:45:00+00:00,0.7132400000000011,0.7132800000000011,0.7128500000000011,0.7132700000000011,1821
2026-07-28T01:00:00+00:00,0.7132700000000011,0.7135400000000011,0.7131700000000011,0.713180000000001,2192
2026-07-28T01:15:00+00:00,0.713180000000001,0.7135400000000011,0.7129400000000011,0.7134500000000011,2233
2026-07-28T01:30:00+00:00,0.7134500000000011,0.713790000000001,0.7133700000000011,0.7134800000000011,1986
2026-07-28T01:45:00+00:00,0.7134800000000011,0.7135300000000011,0.7130500000000011,0.713300000000001,1950
2026-07-28T02:00:00+00:00,0.713300000000001,0.7137500000000011,0.713200000000001,0.713740000000001,1687
2026-07-28T02:15:00+00:00,0.713740000000001,0.7140000000000011,0.713520000000001,0.7135800000000011,1916
2026-07-28T02:30:00+00:00,0.7135800000000011,0.7137200000000011,0.7134800000000011,0.7135100000000011,1849
2026-07-28T02:45:00+00:00,0.7135100000000011,0.7139200000000011,0.7134300000000011,0.7136800000000011,1982
2026-07-28T03:00:00+00:00,0.7136800000000011,0.713810000000001,0.712860000000001,0.7130500000000011,2378
2026-07-28T03:15:00+00:00,0.7130500000000011,0.7134600000000011,0.7128800000000011,0.7133300000000011,1987
2026-07-28T03:30:00+00:00,0.7133300000000011,0.7136600000000011,0.7124600000000011,0.7125500000000011,3254
2026-07-28T03:45:00+00:00,0.7125500000000011,0.7128500000000011,0.7123700000000011,0.7124600000000011,1751
2026-07-28T04:00:00+00:00,0.7124600000000011,0.7124600000000011,0.7115100000000011,0.7116300000000011,2707
2026-07-28T04:15:00+00:00,0.7116300000000011,0.711810000000001,0.7113300000000011,0.7115100000000011,1466
2026-07-28T04:30:00+00:00,0.7115100000000011,0.7116800000000011,0.711400000000001,0.7116600000000011,954
2026-07-28T04:45:00+00:00,0.7116600000000011,0.7117200000000011,0.711420000000001,0.7114600000000011,804
2026-07-28T05:00:00+00:00,0.7114600000000011,0.7115300000000011,0.7108400000000011,0.7108500000000011,1640
2026-07-28T05:15:00+00:00,0.7108500000000011,0.7109800000000011,0.7106300000000011,0.7109800000000011,1998
2026-07-28T05:30:00+00:00,0.7109800000000011,0.7112800000000011,0.7108300000000011,0.7111900000000011,2004
2026-07-28T05:45:00+00:00,0.7111900000000011,0.7112300000000011,0.7109200000000011,0.711030000000001,1287
2026-07-28T06:00:00+00:00,0.711030000000001,0.711200000000001,0.7107000000000011,0.7111200000000011,2176
2026-07-28T06:15:00+00:00,0.7111200000000011,0.7115400000000011,0.7110400000000011,0.711470000000001,1888
2026-07-28T06:30:00+00:00,0.711470000000001,0.7116700000000011,0.7113700000000011,0.7115500000000011,1505
2026-07-28T06:45:00+00:00,0.7115500000000011,0.711860000000001,0.711420000000001,0.711470000000001,1188
2026-07-28T07:00:00+00:00,0.711470000000001,0.7117300000000011,0.711250000000001,0.7117100000000011,2264
2026-07-28T07:15:00+00:00,0.7117100000000011,0.7119700000000011,0.7115600000000011,0.7116600000000011,1851
2026-07-28T07:30:00+00:00,0.7116600000000011,0.7116800000000011,0.7113100000000011,0.7114100000000011,1499
2026-07-28T07:45:00+00:00,0.7114100000000011,0.711420000000001,0.710960000000001,0.7112300000000011,1996
2026-07-28T08:00:00+00:00,0.7112300000000011,0.7115600000000011,0.7109500000000011,0.7111700000000011,2697
2026-07-28T08:15:00+00:00,0.7111700000000011,0.711590000000001,0.7111400000000011,0.7114100000000011,2495
2026-07-28T08:30:00+00:00,0.7114100000000011,0.7115600000000011,0.7112800000000011,0.7114500000000011,2012
2026-07-28T08:45:00+00:00,0.7114500000000011,0.7117100000000011,0.7113400000000011,0.7116700000000011,1869
2026-07-28T09:00:00+00:00,0.7116700000000011,0.7118300000000011,0.7114500000000011,0.7115800000000011,1197
2026-07-28T09:15:00+00:00,0.7115800000000011,0.7117300000000011,0.7115600000000011,0.7116300000000011,1220
2026-07-28T09:30:00+00:00,0.7116300000000011,0.7116300000000011,0.7113700000000011,0.711400000000001,1296
2026-07-28T09:45:00+00:00,0.711400000000001,0.7114300000000011,0.7108000000000011,0.7108500000000011,1950
2026-07-28T10:00:00+00:00,0.7108500000000011,0.710910000000001,0.7106500000000011,0.7108400000000011,1517
2026-07-28T10:15:00+00:00,0.7108400000000011,0.7109300000000011,0.7106800000000011,0.7109200000000011,1198
2026-07-28T10:30:00+00:00,0.7109200000000011,0.7110600000000011,0.7106600000000011,0.7106800000000011,1891
2026-07-28T10:45:00+00:00,0.7106800000000011,0.7110000000000011,0.7106000000000011,0.7108700000000011,1786
2026-07-28T11:00:00+00:00,0.7108700000000011,0.710960000000001,0.7106700000000011,0.710690000000001,2269
2026-07-28T11:15:00+00:00,0.710690000000001,0.7110900000000011,0.710690000000001,0.7107600000000011,2730
2026-07-28T11:30:00+00:00,0.7107600000000011,0.7110500000000011,0.7106300000000011,0.7108000000000011,2276
2026-07-28T11:45:00+00:00,0.7108000000000011,0.711010000000001,0.7107200000000011,0.7108500000000011,2241
2026-07-28T12:00:00+00:00,0.7108500000000011,0.711250000000001,0.710810000000001,0.7111700000000011,2034
2026-07-28T12:15:00+00:00,0.7111700000000011,0.7112800000000011,0.7110200000000011,0.7112200000000011,1547
2026-07-28T12:30:00+00:00,0.7112200000000011,0.7113200000000011,0.7109900000000011,0.7112800000000011,1752
2026-07-28T12:45:00+00:00,0.7112800000000011,0.7115100000000011,0.7112600000000011,0.7112600000000011,1651
2026-07-28T13:00:00+00:00,0.7112600000000011,0.7116600000000011,0.7112300000000011,0.7115000000000011,1725
2026-07-28T13:15:00+00:00,0.7115000000000011,0.7117500000000011,0.711420000000001,0.7114400000000011,1735
2026-07-28T13:30:00+00:00,0.7114400000000011,0.711520000000001,0.7109500000000011,0.7111700000000011,2772
2026-07-28T13:45:00+00:00,0.7111700000000011,0.711470000000001,0.7108800000000011,0.7114300000000011,3113
2026-07-28T14:00:00+00:00,0.7114300000000011,0.7117800000000011,0.7112400000000011,0.711300000000001,3029
2026-07-28T14:15:00+00:00,0.711300000000001,0.711400000000001,0.7106600000000011,0.711350000000001,2820
2026-07-28T14:30:00+00:00,0.711350000000001,0.7114400000000011,0.7111200000000011,0.711300000000001,2779
2026-07-28T14:45:00+00:00,0.711300000000001,0.7113800000000011,0.7109900000000011,0.7110200000000011,2938
2026-07-28T15:00:00+00:00,0.7110200000000011,0.712030000000001,0.7108900000000011,0.7119200000000011,3991
2026-07-28T15:15:00+00:00,0.7119200000000011,0.7123700000000011,0.7116600000000011,0.7122800000000011,4263
2026-07-28T15:30:00+00:00,0.7122800000000011,0.7126300000000011,0.7120600000000011,0.7125000000000011,2732
2026-07-28T15:45:00+00:00,0.7125000000000011,0.7126500000000011,0.7123100000000011,0.7126500000000011,2302
2026-07-28T16:00:00+00:00,0.7126500000000011,0.7128700000000011,0.7125500000000011,0.7128500000000011,2269
2026-07-28T16:15:00+00:00,0.7128500000000011,0.7129900000000011,0.7127700000000011,0.7129000000000011,1743
2026-07-28T16:30:00+00:00,0.7129000000000011,0.7129000000000011,0.712570000000001,0.7125800000000011,1871
2026-07-28T16:45:00+00:00,0.7125800000000011,0.7127000000000011,0.712400000000001,0.7125400000000011,1716
2026-07-28T17:00:00+00:00,0.7125400000000011,0.7127000000000011,0.7122200000000011,0.712230000000001,1697
2026-07-28T17:15:00+00:00,0.712230000000001,0.7126600000000011,0.7121600000000011,0.7121600000000011,1480
2026-07-28T17:30:00+00:00,0.7121600000000011,0.7122800000000011,0.711910000000001,0.7119300000000011,971
2026-07-28T17:45:00+00:00,0.7119300000000011,0.7120200000000011,0.711810000000001,0.7118700000000011,1153
2026-07-28T18:00:00+00:00,0.7118700000000011,0.711960000000001,0.7117500000000011,0.7118900000000011,1287
2026-07-28T18:15:00+00:00,0.7118900000000011,0.7120700000000011,0.7117100000000011,0.7117800000000011,1254
2026-07-28T18:30:00+00:00,0.7117800000000011,0.711960000000001,0.7117500000000011,0.7118900000000011,911
2026-07-28T18:45:00+00:00,0.7118900000000011,0.7119000000000011,0.7117300000000011,0.7118200000000011,996
2026-07-28T19:00:00+00:00,0.7118200000000011,0.7121000000000011,0.7118000000000011,0.7119200000000011,1089
2026-07-28T19:15:00+00:00,0.7119200000000011,0.7121200000000011,0.7118800000000011,0.712030000000001,855
2026-07-28T19:30:00+00:00,0.712030000000001,0.7121200000000011,0.7119300000000011,0.7119800000000011,983
2026-07-28T19:45:00+00:00,0.7119800000000011,0.7120400000000011,0.7117800000000011,0.7118000000000011,916
2026-07-28T20:00:00+00:00,0.7118000000000011,0.7119000000000011,0.7117500000000011,0.7118700000000011,646
2026-07-28T20:15:00+00:00,0.7118700000000011,0.7118900000000011,0.7116700000000011,0.7118200000000011,345
2026-07-28T20:30:00+00:00,0.7118200000000011,0.7118500000000011,0.7117000000000011,0.7118500000000011,396
2026-07-28T20:45:00+00:00,0.7118500000000011,0.7118500000000011,0.7116700000000011,0.7116700000000011,666
2026-07-28T21:00:00+00:00,0.7116700000000011,0.7116700000000011,0.710910000000001,0.7112700000000011,268.2037487242779
2026-07-28T21:15:00+00:00,0.7112700000000011,0.7113100000000011,0.7110800000000012,0.7110800000000012,345
2026-07-28T21:30:00+00:00,0.7110800000000012,0.7111500000000011,0.7110000000000011,0.7111500000000011,294
2026-07-28T21:45:00+00:00,0.7111500000000011,0.7113100000000011,0.7110400000000011,0.7111600000000011,4223
2026-07-28T22:00:00+00:00,0.7111600000000011,0.711590000000001,0.7111600000000011,0.711420000000001,436
2026-07-28T22:15:00+00:00,0.711420000000001,0.7114300000000011,0.7110200000000011,0.7112200000000011,434
2026-07-28T22:30:00+00:00,0.7112200000000011,0.7113300000000011,0.7109900000000011,0.7110900000000011,753
2026-07-28T22:45:00+00:00,0.7110900000000011,0.7113300000000011,0.7110500000000011,0.7112700000000011,594
2026-07-28T23:00:00+00:00,0.7112700000000011,0.7114500000000011,0.7111600000000011,0.711420000000001,802
2026-07-28T23:15:00+00:00,0.711420000000001,0.711590000000001,0.7113600000000011,0.7115400000000011,604
2026-07-28T23:30:00+00:00,0.7115400000000011,0.7117500000000011,0.7114400000000011,0.7117400000000011,483
2026-07-28T23:45:00+00:00,0.7117400000000011,0.7117400000000011,0.7113400000000011,0.7114100000000011,1410
2026-07-29T00:00:00+00:00,0.7114100000000011,0.7114600000000011,0.711030000000001,0.7110400000000011,2471
2026-07-29T00:15:00+00:00,0.7110400000000011,0.711590000000001,0.7109000000000011,0.7114300000000011,2309
2026-07-29T00:30:00+00:00,0.7114300000000011,0.7115100000000011,0.7112400000000011,0.7113900000000011,1577
2026-07-29T00:45:00+00:00,0.7113900000000011,0.7115100000000011,0.7108900000000011,0.7109600000000011,1982
2026-07-29T01:00:00+00:00,0.7109600000000011,0.7112300000000011,0.7106800000000011,0.7107200000000011,2313
2026-07-29T01:15:00+00:00,0.7107200000000011,0.7112200000000011,0.7106500000000011,0.711030000000001,2157
2026-07-29T01:30:00+00:00,0.711030000000001,0.711030000000001,0.7076900000000012,0.7087900000000011,7691
2026-07-29T01:45:00+00:00,0.7087900000000011,0.7089300000000011,0.7084500000000011,0.7086300000000011,3676
2026-07-29T02:00:00+00:00,0.7086300000000011,0.709030000000001,0.7083800000000011,0.7089600000000011,3635
2026-07-29T02:15:00+00:00,0.7089600000000011,0.7096300000000011,0.7088500000000011,0.7093400000000011,2778
2026-07-29T02:30:00+00:00,0.7093400000000011,0.709370000000001,0.7087900000000011,0.7088700000000011,1997
2026-07-29T02:45:00+00:00,0.7088700000000011,0.7089000000000011,0.7085400000000011,0.7088000000000011,2241
2026-07-29T03:00:00+00:00,0.7088000000000011,0.7090800000000012,0.7086300000000011,0.7088000000000011,2040
2026-07-29T03:15:00+00:00,0.7088000000000011,0.7088500000000011,0.7084800000000011,0.7085200000000011,1748
2026-07-29T03:30:00+00:00,0.7085200000000011,0.7088400000000011,0.708370000000001,0.7087800000000011,1875
2026-07-29T03:45:00+00:00,0.7087800000000011,0.7090200000000011,0.7085700000000011,0.7086600000000011,1774
2026-07-29T04:00:00+00:00,0.7086600000000011,0.7086900000000012,0.7083800000000011,0.7085400000000011,1805
2026-07-29T04:15:00+00:00,0.7085400000000011,0.7085600000000011,0.7082200000000011,0.7082800000000011,1868
2026-07-29T04:30:00+00:00,0.7082800000000011,0.7088200000000011,0.7082100000000011,0.7087000000000011,1913
2026-07-29T04:45:00+00:00,0.7087000000000011,0.7092600000000011,0.7086300000000011,0.709200000000001,2391
2026-07-29T05:00:00+00:00,0.709200000000001,0.7095300000000011,0.709200000000001,0.7095100000000011,1833
2026-07-29T05:15:00+00:00,0.7095100000000011,0.7095700000000011,0.7092200000000011,0.7092400000000011,1773
2026-07-29T05:30:00+00:00,0.7092400000000011,0.7097100000000011,0.7091600000000011,0.7095600000000011,2122
2026-07-29T05:45:00+00:00,0.7095600000000011,0.7097200000000011,0.709420000000001,0.7095400000000011,1619
2026-07-29T06:00:00+00:00,0.7095400000000011,0.7098000000000011,0.7094800000000011,0.7097800000000011,1996
2026-07-29T06:15:00+00:00,0.7097800000000011,0.7099200000000011,0.7092200000000011,0.709420000000001,1442
2026-07-29T06:30:00+00:00,0.709420000000001,0.7095800000000011,0.7093100000000011,0.709420000000001,1281
2026-07-29T06:45:00+00:00,0.709420000000001,0.709420000000001,0.7091100000000011,0.709200000000001,1182
2026-07-29T07:00:00+00:00,0.709200000000001,0.7096500000000011,0.709200000000001,0.7093000000000012,1927
2026-07-29T07:15:00+00:00,0.7093000000000012,0.7094300000000011,0.7091600000000011,0.7094300000000011,1304
2026-07-29T07:30:00+00:00,0.7094300000000011,0.7094500000000011,0.7090700000000011,0.7091400000000011,1086
2026-07-29T07:45:00+00:00,0.7091400000000011,0.7091500000000011,0.7086900000000012,0.7087500000000011,1396
2026-07-29T08:00:00+00:00,0.7087500000000011,0.7087800000000011,0.7083800000000011,0.7083900000000011,1641
2026-07-29T08:15:00+00:00,0.7083900000000011,0.708590000000001,0.7081600000000011,0.7083100000000011,1646
2026-07-29T08:30:00+00:00,0.7083100000000011,0.7084000000000011,0.7080700000000011,0.7083800000000011,1305
2026-07-29T08:45:00+00:00,0.7083800000000011,0.708590000000001,0.7081900000000011,0.7083000000000012,1330
2026-07-29T09:00:00+00:00,0.7083000000000012,0.7084100000000011,0.7081800000000011,0.7083800000000011,1380
2026-07-29T09:15:00+00:00,0.7083800000000011,0.708420000000001,0.7081100000000011,0.7083900000000011,1194
2026-07-29T09:30:00+00:00,0.7083900000000011,0.7084000000000011,0.7080000000000011,0.7083100000000011,1224
2026-07-29T09:45:00+00:00,0.7083100000000011,0.7084700000000012,0.7080900000000011,0.7081000000000011,1190
2026-07-29T10:00:00+00:00,0.7081000000000011,0.7083000000000012,0.7079400000000011,0.7082600000000011,1705
2026-07-29T10:15:00+00:00,0.7082600000000011,0.7083100000000011,0.7080600000000011,0.7082900000000011,1724
2026-07-29T10:30:00+00:00,0.7082900000000011,0.7083500000000011,0.7079400000000011,0.7081400000000011,1364
2026-07-29T10:45:00+00:00,0.7081400000000011,0.7081500000000011,0.7078900000000011,0.7080900000000011,1296
2026-07-29T11:00:00+00:00,0.7080900000000011,0.7082800000000011,0.7080800000000012,0.7082800000000011,1322
2026-07-29T11:15:00+00:00,0.7082800000000011,0.7085100000000011,0.7082600000000011,0.7084800000000011,1114
2026-07-29T11:30:00+00:00,0.7084800000000011,0.7084900000000011,0.707980000000001,0.708030000000001,1154
2026-07-29T11:45:00+00:00,0.708030000000001,0.7083100000000011,0.7079600000000011,0.7083100000000011,1430
2026-07-29T12:00:00+00:00,0.7083100000000011,0.7084100000000011,0.7078200000000011,0.7078600000000012,1556
2026-07-29T12:15:00+00:00,0.7078600000000012,0.708030000000001,0.7074700000000012,0.7078500000000011,3152
2026-07-29T12:30:00+00:00,0.7078500000000011,0.7081100000000011,0.7076800000000011,0.7079700000000011,1678
2026-07-29T12:45:00+00:00,0.7079700000000011,0.708200000000001,0.7078900000000011,0.708200000000001,1524
2026-07-29T13:00:00+00:00,0.708200000000001,0.7083500000000011,0.707980000000001,0.7081000000000011,1888
2026-07-29T13:15:00+00:00,0.7081000000000011,0.7086300000000011,0.7080800000000012,0.7084900000000011,1850
2026-07-29T13:30:00+00:00,0.7084900000000011,0.7086400000000012,0.7082800000000011,0.7083900000000011,2819
2026-07-29T13:45:00+00:00,0.7083900000000011,0.7089200000000011,0.7083900000000011,0.7088900000000011,2539
2026-07-29T14:00:00+00:00,0.7088900000000011,0.7091000000000011,0.7083300000000011,0.7083900000000011,2897
2026-07-29T14:15:00+00:00,0.7083900000000011,0.7087700000000011,0.7082300000000011,0.708590000000001,2479
2026-07-29T14:30:00+00:00,0.708590000000001,0.7086700000000011,0.7077800000000011,0.7078400000000011,2155
2026-07-29T14:45:00+00:00,0.7078400000000011,0.7078600000000012,0.706370000000001,0.706370000000001,4503
2026-07-29T15:00:00+00:00,0.706370000000001,0.7070100000000011,0.7062800000000011,0.7068700000000011,3395
2026-07-29T15:15:00+00:00,0.7068700000000011,0.7069900000000011,0.7064400000000011,0.706590000000001,2677
2026-07-29T15:30:00+00:00,0.706590000000001,0.7069400000000011,0.7064900000000011,0.7068500000000011,2183
2026-07-29T15:45:00+00:00,0.7068500000000011,0.7070500000000011,0.7067500000000011,0.7069100000000011,1548
2026-07-29T16:00:00+00:00,0.7069100000000011,0.7069700000000011,0.7062900000000011,0.7063000000000011,1692
2026-07-29T16:15:00+00:00,0.7063000000000011,0.7067200000000011,0.706200000000001,0.7066500000000011,1966
2026-07-29T16:30:00+00:00,0.7066500000000011,0.7066900000000012,0.7062400000000011,0.7064200000000012,1681
2026-07-29T16:45:00+00:00,0.7064200000000012,0.7069100000000011,0.7063800000000011,0.7068000000000011,1710
2026-07-29T17:00:00+00:00,0.7068000000000011,0.7071500000000011,0.7067000000000011,0.7071300000000011,1958
2026-07-29T17:15:00+00:00,0.7071300000000011,0.7074300000000011,0.7070500000000011,0.7071400000000011,1763
2026-07-29T17:30:00+00:00,0.7071400000000011,0.7074900000000011,0.7070500000000011,0.707370000000001,1718
2026-07-29T17:45:00+00:00,0.707370000000001,0.7076300000000011,0.7072900000000011,0.707370000000001,1661
2026-07-29T18:00:00+00:00,0.707370000000001,0.7100800000000012,0.7067100000000011,0.7097700000000011,10296
2026-07-29T18:15:00+00:00,0.7097700000000011,0.7100900000000011,0.7087700000000011,0.709370000000001,5855
2026-07-29T18:30:00+00:00,0.709370000000001,0.7111700000000011,0.7081500000000011,0.7110800000000012,9684
2026-07-29T18:45:00+00:00,0.7110800000000012,0.7124100000000011,0.7109500000000011,0.7123800000000011,8864
2026-07-29T19:00:00+00:00,0.7123800000000011,0.7128400000000011,0.7111700000000011,0.7121800000000011,8993
2026-07-29T19:15:00+00:00,0.7121800000000011,0.712810000000001,0.7104400000000011,0.7108300000000011,8169
2026-07-29T19:30:00+00:00,0.7108300000000011,0.7109400000000011,0.7094500000000011,0.7096700000000011,10648
2026-07-29T19:45:00+00:00,0.7096700000000011,0.7097500000000011,0.7086900000000012,0.7087800000000011,6556
2026-07-29T20:00:00+00:00,0.7087800000000011,0.7093100000000011,0.7085200000000011,0.7088600000000012,4422
2026-07-29T20:15:00+00:00,0.7088600000000012,0.7089700000000011,0.7084800000000011,0.7086900000000012,1879
2026-07-29T20:30:00+00:00,0.7086900000000012,0.7092100000000011,0.7085000000000011,0.7090500000000011,1688
2026-07-29T20:45:00+00:00,0.7090500000000011,0.7095100000000011,0.7090000000000011,0.709370000000001,1560
2026-07-29T21:00:00+00:00,0.709370000000001,0.709370000000001,0.7086000000000011,0.7088200000000011,811
2026-07-29T21:15:00+00:00,0.7088200000000011,0.709030000000001,0.7088200000000011,0.7089100000000012,244
2026-07-29T21:30:00+00:00,0.7089100000000012,0.7092100000000011,0.7086500000000011,0.7091700000000011,352
2026-07-29T21:45:00+00:00,0.7091700000000011,0.7093000000000012,0.708590000000001,0.7088300000000011,1073
2026-07-29T22:00:00+00:00,0.7088300000000011,0.7098400000000011,0.7088300000000011,0.7095800000000011,818
2026-07-29T22:15:00+00:00,0.7095800000000011,0.7097700000000011,0.7095300000000011,0.709590000000001,483
2026-07-29T22:30:00+00:00,0.709590000000001,0.709810000000001,0.709590000000001,0.7097400000000011,481
2026-07-29T22:45:00+00:00,0.7097400000000011,0.7098500000000011,0.7097100000000011,0.709810000000001,271
2026-07-29T23:00:00+00:00,0.709810000000001,0.7104000000000011,0.709810000000001,0.7099300000000011,1065
2026-07-29T23:15:00+00:00,0.7099300000000011,0.7099600000000011,0.7097700000000011,0.7097800000000011,696
2026-07-29T23:30:00+00:00,0.7097800000000011,0.7098900000000011,0.7097400000000011,0.709810000000001,653
2026-07-29T23:45:00+00:00,0.709810000000001,0.7101100000000011,0.7097700000000011,0.7098600000000012,1831
2026-07-30T00:00:00+00:00,0.7098600000000012,0.7105400000000011,0.709640000000001,0.7103700000000011,3754
2026-07-30T00:15:00+00:00,0.7103700000000011,0.7103700000000011,0.7096000000000011,0.7097400000000011,3826
2026-07-30T00:30:00+00:00,0.7097400000000011,0.709810000000001,0.7090400000000011,0.7090700000000011,2865
2026-07-30T00:45:00+00:00,0.7090700000000011,0.7096600000000011,0.7090200000000011,0.709640000000001,2972
2026-07-30T01:00:00+00:00,0.709640000000001,0.7101700000000011,0.7095500000000011,0.7098000000000011,3047
2026-07-30T01:15:00+00:00,0.7098000000000011,0.7099400000000011,0.709590000000001,0.7098200000000011,2659
2026-07-30T01:30:00+00:00,0.7098200000000011,0.7103700000000011,0.7097700000000011,0.7101700000000011,2014
2026-07-30T01:45:00+00:00,0.7101700000000011,0.7103000000000012,0.7097900000000011,0.7098400000000011,1827
2026-07-30T02:00:00+00:00,0.7098400000000011,0.7101700000000011,0.7098400000000011,0.7099000000000011,1698
2026-07-30T02:15:00+00:00,0.7099000000000011,0.7102300000000011,0.7098200000000011,0.7101100000000011,1816
2026-07-30T02:30:00+00:00,0.7101100000000011,0.7101100000000011,0.7097300000000011,0.7097600000000011,1945
2026-07-30T02:45:00+00:00,0.7097600000000011,0.7099000000000011,0.7094100000000011,0.7094100000000011,1650
2026-07-30T03:00:00+00:00,0.7094100000000011,0.7097000000000011,0.7091800000000011,0.7092500000000012,1891
2026-07-30T03:15:00+00:00,0.7092500000000012,0.7093200000000011,0.7089400000000011,0.7092500000000012,1646
2026-07-30T03:30:00+00:00,0.7092500000000012,0.7094900000000011,0.7090700000000011,0.709370000000001,2088
2026-07-30T03:45:00+00:00,0.709370000000001,0.7094100000000011,0.7090500000000011,0.7090600000000011,1557
2026-07-30T04:00:00+00:00,0.7090600000000011,0.7092800000000011,0.7090000000000011,0.7091600000000011,1320
2026-07-30T04:15:00+00:00,0.7091600000000011,0.7093600000000011,0.7091100000000011,0.7093600000000011,1608
2026-07-30T04:30:00+00:00,0.7093600000000011,0.7093600000000011,0.7090900000000011,0.7091700000000011,1149
2026-07-30T04:45:00+00:00,0.7091700000000011,0.7093000000000012,0.7089000000000011,0.7090000000000011,1371
2026-07-30T05:00:00+00:00,0.7090000000000011,0.7092900000000011,0.7088000000000011,0.7092600000000011,1771
2026-07-30T05:15:00+00:00,0.7092600000000011,0.7094300000000011,0.709200000000001,0.709370000000001,1842
2026-07-30T05:30:00+00:00,0.709370000000001,0.7094900000000011,0.7091800000000011,0.7093300000000011,2344
2026-07-30T05:45:00+00:00,0.7093300000000011,0.7096500000000011,0.7087800000000011,0.708980000000001,1833
2026-07-30T06:00:00+00:00,0.708980000000001,0.7091100000000011,0.708590000000001,0.7086400000000012,2497
2026-07-30T06:15:00+00:00,0.7086400000000012,0.7091000000000011,0.7086100000000011,0.7089100000000012,2407
2026-07-30T06:30:00+00:00,0.7089100000000012,0.7092700000000011,0.7088800000000011,0.7089900000000011,1828
2026-07-30T06:45:00+00:00,0.7089900000000011,0.7095400000000011,0.7089700000000011,0.7093000000000012,1817
2026-07-30T07:00:00+00:00,0.7093000000000012,0.7102200000000011,0.7093000000000012,0.7099700000000011,4377
2026-07-30T07:15:00+00:00,0.7099700000000011,0.7100200000000011,0.7093300000000011,0.7093900000000011,2880
2026-07-30T07:30:00+00:00,0.7093900000000011,0.7095600000000011,0.7090200000000011,0.7094500000000011,2326
2026-07-30T07:45:00+00:00,0.7094500000000011,0.7094900000000011,0.7089900000000011,0.7090200000000011,1743
2026-07-30T08:00:00+00:00,0.7090200000000011,0.7096000000000011,0.7089700000000011,0.7094800000000011,2343
2026-07-30T08:15:00+00:00,0.7094800000000011,0.710280000000001,0.7094700000000012,0.710260000000001,2304
2026-07-30T08:30:00+00:00,0.710260000000001,0.710430000000001,0.709890000000001,0.710080000000001,2247
2026-07-30T08:45:00+00:00,0.710080000000001,0.7102700000000011,0.709990000000001,0.7100700000000011,1636
2026-07-30T09:00:00+00:00,0.7100700000000011,0.7109500000000011,0.7100500000000011,0.710840000000001,2024
2026-07-30T09:15:00+00:00,0.710840000000001,0.7112200000000011,0.710750000000001,0.710940000000001,2659
2026-07-30T09:30:00+00:00,0.710940000000001,0.711260000000001,0.710820000000001,0.711180000000001,1840
2026-07-30T09:45:00+00:00,0.711180000000001,0.7116800000000011,0.711080000000001,0.7113400000000011,2243
2026-07-30T10:00:00+00:00,0.7113400000000011,0.712060000000001,0.7112200000000011,0.712010000000001,2417
2026-07-30T10:15:00+00:00,0.712010000000001,0.712420000000001,0.711530000000001,0.711620000000001,2789
2026-07-30T10:30:00+00:00,0.711620000000001,0.712130000000001,0.7116100000000011,0.711910000000001,2394
2026-07-30T10:45:00+00:00,0.711910000000001,0.7122200000000011,0.711740000000001,0.711750000000001,2260
2026-07-30T11:00:00+00:00,0.711750000000001,0.7120000000000011,0.711570000000001,0.711700000000001,2008
2026-07-30T11:15:00+00:00,0.711700000000001,0.711840000000001,0.711530000000001,0.7117800000000011,1580
2026-07-30T11:30:00+00:00,0.7117800000000011,0.7119300000000011,0.711590000000001,0.711640000000001,1418
2026-07-30T11:45:00+00:00,0.711640000000001,0.712310000000001,0.711640000000001,0.712310000000001,1649
2026-07-30T12:00:00+00:00,0.712310000000001,0.712520000000001,0.712140000000001,0.712470000000001,2276
2026-07-30T12:15:00+00:00,0.712470000000001,0.712470000000001,0.7120500000000011,0.7121200000000011,1867
2026-07-30T12:30:00+00:00,0.7121200000000011,0.7125100000000011,0.711860000000001,0.7122200000000011,3286
2026-07-30T12:45:00+00:00,0.7122200000000011,0.712280000000001,0.7115600000000011,0.7116100000000011,3248
2026-07-30T13:00:00+00:00,0.7116100000000011,0.712080000000001,0.7114400000000011,0.7119300000000011,3273
2026-07-30T13:15:00+00:00,0.7119300000000011,0.712350000000001,0.711820000000001,0.7123200000000011,2738
2026-07-30T13:30:00+00:00,0.7123200000000011,0.714770000000001,0.712230000000001,0.7145400000000011,6819
2026-07-30T13:45:00+00:00,0.7145400000000011,0.715960000000001,0.714260000000001,0.7159500000000011,6856
2026-07-30T14:00:00+00:00,0.7159500000000011,0.716350000000001,0.715250000000001,0.7159000000000011,7709
2026-07-30T14:15:00+00:00,0.7159000000000011,0.716500000000001,0.715360000000001,0.7154900000000011,6841
2026-07-30T14:30:00+00:00,0.7154900000000011,0.716010000000001,0.7153200000000011,0.715530000000001,4925
2026-07-30T14:45:00+00:00,0.715530000000001,0.715640000000001,0.714350000000001,0.714520000000001,3996
2026-07-30T15:00:00+00:00,0.714520000000001,0.715130000000001,0.714430000000001,0.714790000000001,4379
2026-07-30T15:15:00+00:00,0.714790000000001,0.715330000000001,0.7147300000000011,0.7152900000000011,3578
2026-07-30T15:30:00+00:00,0.7152900000000011,0.716190000000001,0.715180000000001,0.7160700000000011,2972
2026-07-30T15:45:00+00:00,0.7160700000000011,0.716500000000001,0.7160700000000011,0.716190000000001,2337
2026-07-30T16:00:00+00:00,0.716190000000001,0.7169000000000011,0.716190000000001,0.7167100000000011,2625
2026-07-30T16:15:00+00:00,0.7167100000000011,0.716920000000001,0.7166300000000011,0.7168300000000011,1741
2026-07-30T16:30:00+00:00,0.7168300000000011,0.716920000000001,0.716480000000001,0.716530000000001,2192
2026-07-30T16:45:00+00:00,0.716530000000001,0.7167300000000011,0.7163700000000011,0.7167300000000011,1923
2026-07-30T17:00:00+00:00,0.7167300000000011,0.7169300000000011,0.7164900000000011,0.716550000000001,1707
2026-07-30T17:15:00+00:00,0.716550000000001,0.7166800000000011,0.716350000000001,0.7163900000000011,1826
2026-07-30T17:30:00+00:00,0.7163900000000011,0.7170000000000011,0.7162900000000011,0.7169800000000011,3757
2026-07-30T17:45:00+00:00,0.7169800000000011,0.717190000000001,0.7167600000000011,0.717090000000001,2254
2026-07-30T18:00:00+00:00,0.717090000000001,0.7173900000000011,0.7170700000000011,0.717350000000001,1599
2026-07-30T18:15:00+00:00,0.717350000000001,0.717350000000001,0.7167800000000011,0.716960000000001,1479
2026-07-30T18:30:00+00:00,0.716960000000001,0.717110000000001,0.716790000000001,0.7168800000000011,1332
2026-07-30T18:45:00+00:00,0.7168800000000011,0.717030000000001,0.716820000000001,0.7170200000000011,1385
2026-07-30T19:00:00+00:00,0.7170200000000011,0.717300000000001,0.7169300000000011,0.7169500000000011,1598
2026-07-30T19:15:00+00:00,0.7169500000000011,0.717330000000001,0.716860000000001,0.717190000000001,1014
2026-07-30T19:30:00+00:00,0.717190000000001,0.7172700000000011,0.7170500000000011,0.7172700000000011,890
2026-07-30T19:45:00+00:00,0.7172700000000011,0.7173200000000011,0.716960000000001,0.717260000000001,1227
2026-07-30T20:00:00+00:00,0.717260000000001,0.717410000000001,0.7172000000000011,0.717280000000001,1494
2026-07-30T20:15:00+00:00,0.717280000000001,0.7173200000000011,0.7171000000000011,0.7171000000000011,594
2026-07-30T20:30:00+00:00,0.7171000000000011,0.7172700000000011,0.7169800000000011,0.717040000000001,866
2026-07-30T20:45:00+00:00,0.717040000000001,0.7170700000000011,0.716520000000001,0.7165600000000011,736
2026-07-30T21:00:00+00:00,0.7165600000000011,0.7167400000000009,0.7161300000000009,0.716380000000001,157.86350455572415
2026-07-30T21:15:00+00:00,0.716380000000001,0.716540000000001,0.716040000000001,0.716430000000001,228
2026-07-30T21:30:00+00:00,0.716430000000001,0.716450000000001,0.716040000000001,0.716420000000001,93
2026-07-30T21:45:00+00:00,0.716420000000001,0.716510000000001,0.716380000000001,0.716460000000001,213
2026-07-30T22:00:00+00:00,0.716460000000001,0.716970000000001,0.716460000000001,0.716840000000001,823
2026-07-30T22:15:00+00:00,0.716840000000001,0.716870000000001,0.716750000000001,0.716870000000001,263
2026-07-30T22:30:00+00:00,0.716870000000001,0.7171300000000009,0.716850000000001,0.717040000000001,501
2026-07-30T22:45:00+00:00,0.717040000000001,0.717090000000001,0.7169200000000009,0.7169700000000009,387.34141689373297
2026-07-30T23:00:00+00:00,0.7169700000000009,0.717170000000001,0.7166500000000009,0.716760000000001,829
2026-07-30T23:15:00+00:00,0.716760000000001,0.716850000000001,0.716630000000001,0.716660000000001,807
2026-07-30T23:30:00+00:00,0.716660000000001,0.7167200000000009,0.7164700000000009,0.7166200000000009,967
2026-07-30T23:45:00+00:00,0.7166200000000009,0.716780000000001,0.716410000000001,0.7165500000000009,1101
2026-07-31T00:00:00+00:00,0.7165500000000009,0.716900000000001,0.716410000000001,0.7168000000000009,2895
2026-07-31T00:15:00+00:00,0.7168000000000009,0.717220000000001,0.7167200000000009,0.7169900000000009,1962
2026-07-31T00:30:00+00:00,0.7169900000000009,0.7173000000000009,0.7168700000000009,0.717170000000001,1723
2026-07-31T00:45:00+00:00,0.717170000000001,0.717170000000001,0.716760000000001,0.7170600000000009,2016
2026-07-31T01:00:00+00:00,0.7170600000000009,0.7173800000000009,0.716950000000001,0.7170100000000009,2514
2026-07-31T01:15:00+00:00,0.7170100000000009,0.717020000000001,0.7166000000000009,0.7166400000000009,1887
2026-07-31T01:30:00+00:00,0.7166400000000009,0.7168000000000009,0.716410000000001,0.716560000000001,1895
2026-07-31T01:45:00+00:00,0.716560000000001,0.7166000000000009,0.716320000000001,0.716490000000001,1842
2026-07-31T02:00:00+00:00,0.716490000000001,0.716560000000001,0.716220000000001,0.716320000000001,1643
2026-07-31T02:15:00+00:00,0.716320000000001,0.716440000000001,0.716120000000001,0.716440000000001,1417
2026-07-31T02:30:00+00:00,0.716440000000001,0.7166400000000009,0.7163800000000009,0.7166200000000009,1185
2026-07-31T02:45:00+00:00,0.7166200000000009,0.716660000000001,0.716290000000001,0.7165700000000009,1670
2026-07-31T03:00:00+00:00,0.7165700000000009,0.7165700000000009,0.716100000000001,0.7161400000000009,1914
2026-07-31T03:15:00+00:00,0.7161400000000009,0.716440000000001,0.7160600000000009,0.716410000000001,1496
2026-07-31T03:30:00+00:00,0.716410000000001,0.7166400000000009,0.716370000000001,0.7165300000000009,1136
2026-07-31T03:45:00+00:00,0.7165300000000009,0.716680000000001,0.7164500000000009,0.716610000000001,1355
2026-07-31T04:00:00+00:00,0.716610000000001,0.7169200000000009,0.7166000000000009,0.7167400000000009,1479
2026-07-31T04:15:00+00:00,0.7167400000000009,0.7171800000000009,0.7166900000000009,0.716930000000001,967
2026-07-31T04:30:00+00:00,0.716930000000001,0.7169900000000009,0.7166900000000009,0.7168700000000009,1185
2026-07-31T04:45:00+00:00,0.7168700000000009,0.7169100000000009,0.7166900000000009,0.7168000000000009,1135
2026-07-31T05:00:00+00:00,0.7168000000000009,0.717000000000001,0.7167400000000009,0.7169400000000009,1205
2026-07-31T05:15:00+00:00,0.7169400000000009,0.7170800000000009,0.7169100000000009,0.716930000000001,741
2026-07-31T05:30:00+00:00,0.716930000000001,0.717220000000001,0.716850000000001,0.7170600000000009,1415
2026-07-31T05:45:00+00:00,0.7170600000000009,0.7171100000000009,0.7167500000000009,0.717050000000001,1201
2026-07-31T06:00:00+00:00,0.717050000000001,0.717490000000001,0.716900000000001,0.7174000000000009,1805
2026-07-31T06:15:00+00:00,0.7174000000000009,0.7179200000000009,0.7172600000000009,0.717880000000001,1972
2026-07-31T06:30:00+00:00,0.717880000000001,0.717880000000001,0.7171900000000009,0.7172500000000009,2338
2026-07-31T06:45:00+00:00,0.7172500000000009,0.717680000000001,0.7172500000000009,0.717390000000001,2560
2026-07-31T07:00:00+00:00,0.717390000000001,0.7174100000000009,0.7170600000000009,0.7173100000000009,2163
2026-07-31T07:15:00+00:00,0.7173100000000009,0.7175000000000009,0.717050000000001,0.717340000000001,2306
2026-07-31T07:30:00+00:00,0.717340000000001,0.7174700000000009,0.7169900000000009,0.717440000000001,1776
2026-07-31T07:45:00+00:00,0.717440000000001,0.7178200000000009,0.7170400000000009,0.717150000000001,1786
2026-07-31T08:00:00+00:00,0.717150000000001,0.7173100000000009,0.7166500000000009,0.7168200000000009,2232
2026-07-31T08:15:00+00:00,0.7168200000000009,0.7173600000000009,0.7168200000000009,0.717120000000001,2232
2026-07-31T08:30:00+00:00,0.717120000000001,0.7174100000000009,0.7168900000000009,0.717340000000001,2174
2026-07-31T08:45:00+00:00,0.717340000000001,0.718460000000001,0.7173300000000009,0.718240000000001,2479
2026-07-31T09:00:00+00:00,0.718240000000001,0.7185500000000009,0.717810000000001,0.717980000000001,3469
2026-07-31T09:15:00+00:00,0.717980000000001,0.7180800000000009,0.7174700000000009,0.7174700000000009,1799
2026-07-31T09:30:00+00:00,0.7174700000000009,0.7176500000000009,0.7169600000000009,0.7169900000000009,2560
2026-07-31T09:45:00+00:00,0.7169900000000009,0.717610000000001,0.7169900000000009,0.717490000000001,1623
2026-07-31T10:00:00+00:00,0.717490000000001,0.717660000000001,0.7173800000000009,0.717490000000001,1610
2026-07-31T10:15:00+00:00,0.717490000000001,0.7175000000000009,0.7170900000000009,0.717240000000001,1341
2026-07-31T10:30:00+00:00,0.717240000000001,0.717440000000001,0.7171900000000009,0.7173000000000009,924
2026-07-31T10:45:00+00:00,0.7173000000000009,0.7173600000000009,0.7170400000000009,0.7171300000000009,896
2026-07-31T11:00:00+00:00,0.7171300000000009,0.717370000000001,0.7169200000000009,0.7169900000000009,1430
2026-07-31T11:15:00+00:00,0.7169900000000009,0.7170100000000009,0.7166500000000009,0.716680000000001,1628
2026-07-31T11:30:00+00:00,0.716680000000001,0.716710000000001,0.7162100000000009,0.716290000000001,1991
2026-07-31T11:45:00+00:00,0.716290000000001,0.7163000000000009,0.715950000000001,0.715980000000001,1734
2026-07-31T12:00:00+00:00,0.715980000000001,0.7160900000000009,0.7157200000000009,0.715850000000001,1659
2026-07-31T12:15:00+00:00,0.715850000000001,0.7158900000000009,0.715540000000001,0.7155500000000009,1441
2026-07-31T12:30:00+00:00,0.7155500000000009,0.715560000000001,0.714980000000001,0.715120000000001,1320
2026-07-31T12:45:00+00:00,0.715120000000001,0.7154800000000009,0.715120000000001,0.7152800000000009,1540
2026-07-31T13:00:00+00:00,0.7152800000000009,0.715610000000001,0.715170000000001,0.715410000000001,2537
2026-07-31T13:15:00+00:00,0.715410000000001,0.7165800000000009,0.7153000000000009,0.716440000000001,3714
2026-07-31T13:30:00+00:00,0.716440000000001,0.7164700000000009,0.7148400000000009,0.7152600000000009,5195
2026-07-31T13:45:00+00:00,0.7152600000000009,0.7153800000000009,0.714290000000001,0.714320000000001,4184
2026-07-31T14:00:00+00:00,0.714320000000001,0.714490000000001,0.713220000000001,0.713730000000001,5371
2026-07-31T14:15:00+00:00,0.713730000000001,0.7145000000000009,0.7136400000000009,0.714410000000001,4499
2026-07-31T14:30:00+00:00,0.714410000000001,0.715660000000001,0.714370000000001,0.715660000000001,3615
2026-07-31T14:45:00+00:00,0.715660000000001,0.716660000000001,0.715590000000001,0.7163600000000009,4929
2026-07-31T15:00:00+00:00,0.7163600000000009,0.7166200000000009,0.715810000000001,0.7164500000000009,4578
2026-07-31T15:15:00+00:00,0.7164500000000009,0.7168000000000009,0.7158200000000009,0.7159700000000009,3729
2026-07-31T15:30:00+00:00,0.7159700000000009,0.7166400000000009,0.715830000000001,0.7163800000000009,3294
2026-07-31T15:45:00+00:00,0.7163800000000009,0.716540000000001,0.716200000000001,0.716490000000001,2296
2026-07-31T16:00:00+00:00,0.716490000000001,0.7168000000000009,0.7162800000000009,0.716660000000001,1971
2026-07-31T16:15:00+00:00,0.716660000000001,0.7167500000000009,0.7164300000000009,0.7166700000000009,2014
2026-07-31T16:30:00+00:00,0.7166700000000009,0.7169400000000009,0.716630000000001,0.716660000000001,1756
2026-07-31T16:45:00+00:00,0.716660000000001,0.7167500000000009,0.7165700000000009,0.716630000000001,1674
2026-07-31T17:00:00+00:00,0.716630000000001,0.717170000000001,0.7166200000000009,0.717120000000001,1610
2026-07-31T17:15:00+00:00,0.717120000000001,0.717610000000001,0.716930000000001,0.7175800000000009,2222
2026-07-31T17:30:00+00:00,0.7175800000000009,0.717850000000001,0.717540000000001,0.7177500000000009,3050
2026-07-31T17:45:00+00:00,0.7177500000000009,0.7179200000000009,0.717270000000001,0.7175700000000009,3608
2026-07-31T18:00:00+00:00,0.7175700000000009,0.717810000000001,0.7173600000000009,0.7174000000000009,2095
2026-07-31T18:15:00+00:00,0.7174000000000009,0.7176500000000009,0.7173600000000009,0.7175700000000009,1263
2026-07-31T18:30:00+00:00,0.7175700000000009,0.717680000000001,0.7174700000000009,0.7175300000000009,917
2026-07-31T18:45:00+00:00,0.7175300000000009,0.717780000000001,0.717370000000001,0.7177700000000009,1219
2026-07-31T19:00:00+00:00,0.7177700000000009,0.7180100000000009,0.717730000000001,0.7179400000000009,899
2026-07-31T19:15:00+00:00,0.7179400000000009,0.7180400000000009,0.717830000000001,0.7180100000000009,822
2026-07-31T19:30:00+00:00,0.7180100000000009,0.7182100000000009,0.717780000000001,0.718200000000001,966
2026-07-31T19:45:00+00:00,0.718200000000001,0.718270000000001,0.7176200000000009,0.7176200000000009,1751
2026-07-31T20:00:00+00:00,0.7176200000000009,0.717730000000001,0.7174300000000009,0.7177200000000009,1264
2026-07-31T20:15:00+00:00,0.7177200000000009,0.718050000000001,0.7176700000000009,0.717900000000001,1391
2026-07-31T20:30:00+00:00,0.717900000000001,0.7181600000000009,0.7178400000000009,0.718050000000001,1197
2026-07-31T20:45:00+00:00,0.718050000000001,0.7182800000000009,0.7165200000000009,0.7168400000000009,2148.380984209207
2026-08-02T21:00:00+00:00,0.7168400000000009,0.7168400000000009,0.715830000000001,0.7165500000000009,199.00751896453068
2026-08-02T21:15:00+00:00,0.7165500000000009,0.7166000000000009,0.715800000000001,0.7159600000000009,388.1214700145747
2026-08-02T21:30:00+00:00,0.7159600000000009,0.716240000000001,0.7159600000000009,0.716100000000001,351
2026-08-02T21:45:00+00:00,0.716100000000001,0.7162800000000009,0.7155700000000009,0.715750000000001,443
2026-08-02T22:00:00+00:00,0.715750000000001,0.7169900000000009,0.715730000000001,0.7169100000000009,2120
2026-08-02T22:15:00+00:00,0.7169100000000009,0.7169100000000009,0.716340000000001,0.716730000000001,1502
2026-08-02T22:30:00+00:00,0.716730000000001,0.717050000000001,0.7166700000000009,0.7167400000000009,1082
2026-08-02T22:45:00+00:00,0.7167400000000009,0.7169400000000009,0.716580000000001,0.7166400000000009,621
2026-08-02T23:00:00+00:00,0.7166400000000009,0.7167400000000009,0.7163000000000009,0.716420000000001,1375
2026-08-02T23:15:00+00:00,0.716420000000001,0.716560000000001,0.7162600000000009,0.716530000000001,823
2026-08-02T23:30:00+00:00,0.716530000000001,0.7166000000000009,0.7163300000000009,0.7165000000000009,791
2026-08-02T23:45:00+00:00,0.7165000000000009,0.716710000000001,0.7163000000000009,0.716590000000001,1386
2026-08-03T00:00:00+00:00,0.716590000000001,0.7166200000000009,0.716090000000001,0.7162300000000009,2959
2026-08-03T00:15:00+00:00,0.7162300000000009,0.716530000000001,0.716000000000001,0.716420000000001,2913
2026-08-03T00:30:00+00:00,0.716420000000001,0.717070000000001,0.7163500000000009,0.7169600000000009,5408
2026-08-03T00:45:00+00:00,0.7169600000000009,0.716980000000001,0.716100000000001,0.7162500000000009,4968
2026-08-03T01:00:00+00:00,0.7162500000000009,0.716340000000001,0.715560000000001,0.7155700000000009,3566
2026-08-03T01:15:00+00:00,0.7155700000000009,0.7157700000000009,0.715370000000001,0.7154500000000009,2274
2026-08-03T01:30:00+00:00,0.7154500000000009,0.715650000000001,0.7152500000000009,0.715530000000001,2022
2026-08-03T01:45:00+00:00,0.715530000000001,0.715610000000001,0.715210000000001,0.7154000000000009,1494
2026-08-03T02:00:00+00:00,0.7154000000000009,0.715460000000001,0.714980000000001,0.715020000000001,1440
2026-08-03T02:15:00+00:00,0.715020000000001,0.715260000000001,0.7148900000000009,0.714920000000001,1132
2026-08-03T02:30:00+00:00,0.714920000000001,0.715460000000001,0.7149100000000009,0.715150000000001,1568
2026-08-03T02:45:00+00:00,0.715150000000001,0.715320000000001,0.7150800000000009,0.7151300000000009,1256
2026-08-03T03:00:00+00:00,0.7151300000000009,0.7151800000000009,0.7148600000000009,0.7149400000000009,1264
2026-08-03T03:15:00+00:00,0.7149400000000009,0.715070000000001,0.714870000000001,0.715070000000001,964
2026-08-03T03:30:00+00:00,0.715070000000001,0.7150800000000009,0.714810000000001,0.7150100000000009,1187
2026-08-03T03:45:00+00:00,0.7150100000000009,0.715150000000001,0.714850000000001,0.7149600000000009,1044
2026-08-03T04:00:00+00:00,0.7149600000000009,0.715170000000001,0.7149400000000009,0.715150000000001,1043
2026-08-03T04:15:00+00:00,0.715150000000001,0.715170000000001,0.715020000000001,0.715070000000001,851
2026-08-03T04:30:00+00:00,0.715070000000001,0.715310000000001,0.715040000000001,0.7153000000000009,968
2026-08-03T04:45:00+00:00,0.7153000000000009,0.715340000000001,0.715050000000001,0.7151100000000009,871
2026-08-03T05:00:00+00:00,0.7151100000000009,0.715340000000001,0.715040000000001,0.7151800000000009,1295
2026-08-03T05:15:00+00:00,0.7151800000000009,0.715260000000001,0.715070000000001,0.7152500000000009,1069
2026-08-03T05:30:00+00:00,0.7152500000000009,0.715430000000001,0.715170000000001,0.7153800000000009,1115
2026-08-03T05:45:00+00:00,0.7153800000000009,0.715680000000001,0.715270000000001,0.715650000000001,1065
2026-08-03T06:00:00+00:00,0.715650000000001,0.715810000000001,0.715580000000001,0.715590000000001,1498
2026-08-03T06:15:00+00:00,0.715590000000001,0.7156700000000009,0.715310000000001,0.7154700000000009,1399
2026-08-03T06:30:00+00:00,0.7154700000000009,0.7155200000000009,0.714900000000001,0.714950000000001,1774
2026-08-03T06:45:00+00:00,0.714950000000001,0.714950000000001,0.714700000000001,0.714760000000001,1679
2026-08-03T07:00:00+00:00,0.714760000000001,0.714880000000001,0.7146200000000009,0.7147200000000009,2101
2026-08-03T07:15:00+00:00,0.7147200000000009,0.714820000000001,0.7140100000000009,0.7144500000000009,2985
2026-08-03T07:30:00+00:00,0.7144500000000009,0.714560000000001,0.7138100000000009,0.713920000000001,2101
2026-08-03T07:45:00+00:00,0.713920000000001,0.7139600000000009,0.7136200000000009,0.713800000000001,2002
2026-08-03T08:00:00+00:00,0.713800000000001,0.713820000000001,0.713510000000001,0.713710000000001,1580
2026-08-03T08:15:00+00:00,0.713710000000001,0.713710000000001,0.7132800000000009,0.713310000000001,1504
2026-08-03T08:30:00+00:00,0.713310000000001,0.713530000000001,0.713190000000001,0.713260000000001,1564
2026-08-03T08:45:00+00:00,0.713260000000001,0.713260000000001,0.712800000000001,0.712970000000001,1539
2026-08-03T09:00:00+00:00,0.712970000000001,0.7131300000000009,0.712760000000001,0.7129100000000009,1469
2026-08-03T09:15:00+00:00,0.7129100000000009,0.7130100000000009,0.712610000000001,0.712770000000001,1142
2026-08-03T09:30:00+00:00,0.712770000000001,0.712870000000001,0.712580000000001,0.712800000000001,1581
2026-08-03T09:45:00+00:00,0.712800000000001,0.712880000000001,0.712410000000001,0.712410000000001,1571
2026-08-03T10:00:00+00:00,0.712410000000001,0.712460000000001,0.712290000000001,0.712370000000001,1550
2026-08-03T10:15:00+00:00,0.712370000000001,0.7124200000000009,0.711920000000001,0.712120000000001,1792
2026-08-03T10:30:00+00:00,0.712120000000001,0.712270000000001,0.712000000000001,0.7120300000000009,1078
2026-08-03T10:45:00+00:00,0.7120300000000009,0.712190000000001,0.711850000000001,0.712090000000001,1262
2026-08-03T11:00:00+00:00,0.712090000000001,0.7122800000000009,0.712000000000001,0.7121800000000009,1338
2026-08-03T11:15:00+00:00,0.7121800000000009,0.712210000000001,0.711950000000001,0.7120100000000009,1306
2026-08-03T11:30:00+00:00,0.7120100000000009,0.712590000000001,0.7119600000000009,0.7125700000000009,1177
2026-08-03T11:45:00+00:00,0.7125700000000009,0.7129400000000009,0.7125200000000009,0.712870000000001,1317
2026-08-03T12:00:00+00:00,0.712870000000001,0.7129600000000009,0.7124000000000009,0.7125000000000009,1935
2026-08-03T12:15:00+00:00,0.7125000000000009,0.7125700000000009,0.712240000000001,0.712260000000001,1549
2026-08-03T12:30:00+00:00,0.712260000000001,0.712430000000001,0.711760000000001,0.711830000000001,1707
2026-08-03T12:45:00+00:00,0.711830000000001,0.711990000000001,0.7116700000000009,0.711880000000001,1612
2026-08-03T13:00:00+00:00,0.711880000000001,0.7120300000000009,0.7115700000000009,0.711610000000001,2488
2026-08-03T13:15:00+00:00,0.711610000000001,0.7117200000000009,0.711210000000001,0.7115500000000009,2935
2026-08-03T13:30:00+00:00,0.7115500000000009,0.711580000000001,0.7109100000000009,0.7110600000000009,4065
2026-08-03T13:45:00+00:00,0.7110600000000009,0.711190000000001,0.710440000000001,0.711100000000001,2826
2026-08-03T14:00:00+00:00,0.711100000000001,0.711480000000001,0.710820000000001,0.711210000000001,3055
2026-08-03T14:15:00+00:00,0.711210000000001,0.7115500000000009,0.711190000000001,0.7112800000000009,2541
2026-08-03T14:30:00+00:00,0.7112800000000009,0.711660000000001,0.711260000000001,0.7114500000000009,2429
2026-08-03T14:45:00+00:00,0.7114500000000009,0.7120300000000009,0.7113300000000009,0.711930000000001,2682
2026-08-03T15:00:00+00:00,0.711930000000001,0.712000000000001,0.7115900000000009,0.711660000000001,2297
2026-08-03T15:15:00+00:00,0.711660000000001,0.7119100000000009,0.711560000000001,0.711610000000001,1550
2026-08-03T15:30:00+00:00,0.711610000000001,0.7120100000000009,0.711540000000001,0.711750000000001,1887
2026-08-03T15:45:00+00:00,0.711750000000001,0.7121100000000009,0.711750000000001,0.7120100000000009,1916
2026-08-03T16:00:00+00:00,0.7120100000000009,0.7121100000000009,0.711850000000001,0.7120100000000009,1426
2026-08-03T16:15:00+00:00,0.7120100000000009,0.7121100000000009,0.7118100000000009,0.711900000000001,1794
2026-08-03T16:30:00+00:00,0.711900000000001,0.7119600000000009,0.711680000000001,0.711930000000001,1320
2026-08-03T16:45:00+00:00,0.711930000000001,0.711980000000001,0.7117200000000009,0.711760000000001,1326
2026-08-03T17:00:00+00:00,0.711760000000001,0.711760000000001,0.711430000000001,0.711460000000001,1261
2026-08-03T17:15:00+00:00,0.711460000000001,0.711490000000001,0.711340000000001,0.7114000000000009,789
2026-08-03T17:30:00+00:00,0.7114000000000009,0.711460000000001,0.7113300000000009,0.711390000000001,839
2026-08-03T17:45:00+00:00,0.711390000000001,0.711510000000001,0.711240000000001,0.7113000000000009,858
2026-08-03T18:00:00+00:00,0.7113000000000009,0.711530000000001,0.711210000000001,0.7114200000000009,1025
2026-08-03T18:15:00+00:00,0.7114200000000009,0.711730000000001,0.7114200000000009,0.711660000000001,1173
2026-08-03T18:30:00+00:00,0.711660000000001,0.7118100000000009,0.711560000000001,0.711800000000001,1082
2026-08-03T18:45:00+00:00,0.711800000000001,0.712020000000001,0.711760000000001,0.711980000000001,1359
2026-08-03T19:00:00+00:00,0.711980000000001,0.712190000000001,0.711930000000001,0.711980000000001,1025
2026-08-03T19:15:00+00:00,0.711980000000001,0.712020000000001,0.711900000000001,0.7119400000000009,837
2026-08-03T19:30:00+00:00,0.7119400000000009,0.712040000000001,0.711870000000001,0.712020000000001,798
2026-08-03T19:45:00+00:00,0.712020000000001,0.7120800000000009,0.711950000000001,0.712000000000001,1093
2026-08-03T20:00:00+00:00,0.712000000000001,0.712050000000001,0.711900000000001,0.711900000000001,434
2026-08-03T20:15:00+00:00,0.711900000000001,0.7120100000000009,0.711800000000001,0.7118400000000009,306
2026-08-03T20:30:00+00:00,0.7118400000000009,0.7120600000000009,0.7118400000000009,0.7120300000000009,270
2026-08-03T20:45:00+00:00,0.7120300000000009,0.712120000000001,0.711970000000001,0.711980000000001,810
2026-08-03T21:00:00+00:00,0.711980000000001,0.7121300000000009,0.711600000000001,0.7119400000000009,98
2026-08-03T21:15:00+00:00,0.7119400000000009,0.7119400000000009,0.711710000000001,0.711710000000001,222
2026-08-03T21:30:00+00:00,0.711710000000001,0.711880000000001,0.711630000000001,0.7118600000000009,175
2026-08-03T21:45:00+00:00,0.7118600000000009,0.711880000000001,0.711830000000001,0.711830000000001,124
2026-08-03T22:00:00+00:00,0.711830000000001,0.7120800000000009,0.711760000000001,0.7117900000000009,381
2026-08-03T22:15:00+00:00,0.7117900000000009,0.7119100000000009,0.711760000000001,0.7118400000000009,308
2026-08-03T22:30:00+00:00,0.7118400000000009,0.711990000000001,0.711820000000001,0.711970000000001,299
2026-08-03T22:45:00+00:00,0.711970000000001,0.712040000000001,0.711920000000001,0.711980000000001,199
2026-08-03T23:00:00+00:00,0.711980000000001,0.712000000000001,0.711850000000001,0.711920000000001,405
2026-08-03T23:15:00+00:00,0.711920000000001,0.712000000000001,0.7118400000000009,0.7118400000000009,316
2026-08-03T23:30:00+00:00,0.7118400000000009,0.711900000000001,0.7116900000000009,0.7117400000000009,370
2026-08-03T23:45:00+00:00,0.7117400000000009,0.711920000000001,0.711710000000001,0.711770000000001,736
2026-08-04T00:00:00+00:00,0.711770000000001,0.7124700000000009,0.711760000000001,0.712140000000001,1961
2026-08-04T00:15:00+00:00,0.712140000000001,0.712440000000001,0.712100000000001,0.7123500000000009,1431
2026-08-04T00:30:00+00:00,0.7123500000000009,0.712650000000001,0.7123500000000009,0.712650000000001,1358
2026-08-04T00:45:00+00:00,0.712650000000001,0.712660000000001,0.7120100000000009,0.712050000000001,2223
2026-08-04T01:00:00+00:00,0.712050000000001,0.712150000000001,0.7117400000000009,0.7120100000000009,2080
2026-08-04T01:15:00+00:00,0.7120100000000009,0.712290000000001,0.711970000000001,0.712000000000001,1590
2026-08-04T01:30:00+00:00,0.712000000000001,0.713040000000001,0.712000000000001,0.713020000000001,2336
2026-08-04T01:45:00+00:00,0.713020000000001,0.7135000000000009,0.7129400000000009,0.713390000000001,2059
2026-08-04T02:00:00+00:00,0.713390000000001,0.7137900000000009,0.712990000000001,0.7136900000000009,2346
2026-08-04T02:15:00+00:00,0.7136900000000009,0.7137200000000009,0.713310000000001,0.713490000000001,1556
2026-08-04T02:30:00+00:00,0.713490000000001,0.713870000000001,0.713460000000001,0.713800000000001,1289
2026-08-04T02:45:00+00:00,0.713800000000001,0.7138100000000009,0.713540000000001,0.713560000000001,1397
2026-08-04T03:00:00+00:00,0.713560000000001,0.713870000000001,0.713540000000001,0.7136700000000009,1528
2026-08-04T03:15:00+00:00,0.7136700000000009,0.714290000000001,0.713660000000001,0.7142500000000009,1406
2026-08-04T03:30:00+00:00,0.7142500000000009,0.714410000000001,0.7138100000000009,0.713900000000001,1542
2026-08-04T03:45:00+00:00,0.713900000000001,0.714070000000001,0.7138400000000009,0.713930000000001,1261
2026-08-04T04:00:00+00:00,0.713930000000001,0.714000000000001,0.713700000000001,0.713870000000001,961
2026-08-04T04:15:00+00:00,0.713870000000001,0.714070000000001,0.7138400000000009,0.713970000000001,753
2026-08-04T04:30:00+00:00,0.713970000000001,0.7140600000000009,0.7137900000000009,0.7137900000000009,729
2026-08-04T04:45:00+00:00,0.7137900000000009,0.714040000000001,0.713780000000001,0.713950000000001,861
2026-08-04T05:00:00+00:00,0.713950000000001,0.714050000000001,0.713780000000001,0.713870000000001,1150
2026-08-04T05:15:00+00:00,0.713870000000001,0.714040000000001,0.713700000000001,0.713970000000001,1179
2026-08-04T05:30:00+00:00,0.713970000000001,0.714200000000001,0.713610000000001,0.713650000000001,1553
2026-08-04T05:45:00+00:00,0.713650000000001,0.713970000000001,0.7135000000000009,0.713900000000001,1979
2026-08-04T06:00:00+00:00,0.713900000000001,0.714050000000001,0.713480000000001,0.7137200000000009,1922
2026-08-04T06:15:00+00:00,0.7137200000000009,0.7141600000000009,0.713590000000001,0.7138900000000009,1570
2026-08-04T06:30:00+00:00,0.7138900000000009,0.7140100000000009,0.713390000000001,0.7134500000000009,1412
2026-08-04T06:45:00+00:00,0.7134500000000009,0.7135200000000009,0.7132300000000009,0.713460000000001,1377
2026-08-04T07:00:00+00:00,0.713460000000001,0.714070000000001,0.713460000000001,0.7140100000000009,1887
2026-08-04T07:15:00+00:00,0.7140100000000009,0.714340000000001,0.713950000000001,0.7140100000000009,1776
2026-08-04T07:30:00+00:00,0.7140100000000009,0.714170000000001,0.7137900000000009,0.713800000000001,1341
2026-08-04T07:45:00+00:00,0.713800000000001,0.7140600000000009,0.713750000000001,0.7138100000000009,1152
2026-08-04T08:00:00+00:00,0.7138100000000009,0.7142800000000009,0.713800000000001,0.714040000000001,1418
2026-08-04T08:15:00+00:00,0.714040000000001,0.714370000000001,0.7140300000000009,0.714360000000001,1390
2026-08-04T08:30:00+00:00,0.714360000000001,0.7145000000000009,0.7141100000000009,0.714480000000001,1330
2026-08-04T08:45:00+00:00,0.714480000000001,0.714490000000001,0.714220000000001,0.7143300000000009,1470
2026-08-04T09:00:00+00:00,0.7143300000000009,0.714360000000001,0.714090000000001,0.714320000000001,1533
2026-08-04T09:15:00+00:00,0.714320000000001,0.7147200000000009,0.714140000000001,0.7147200000000009,1391
2026-08-04T09:30:00+00:00,0.7147200000000009,0.714760000000001,0.7145500000000009,0.7146400000000009,1123
2026-08-04T09:45:00+00:00,0.7146400000000009,0.7147700000000009,0.7144700000000009,0.714750000000001,1563
2026-08-04T10:00:00+00:00,0.714750000000001,0.714950000000001,0.7146900000000009,0.7149400000000009,1357
2026-08-04T10:15:00+00:00,0.7149400000000009,0.714950000000001,0.7146900000000009,0.7148400000000009,802
2026-08-04T10:30:00+00:00,0.7148400000000009,0.715480000000001,0.714760000000001,0.715210000000001,1447
2026-08-04T10:45:00+00:00,0.715210000000001,0.715630000000001,0.7151800000000009,0.715190000000001,3128
2026-08-04T11:00:00+00:00,0.715190000000001,0.715360000000001,0.715040000000001,0.7153000000000009,1492
2026-08-04T11:15:00+00:00,0.7153000000000009,0.7156400000000009,0.715240000000001,0.715610000000001,1456
2026-08-04T11:30:00+00:00,0.715610000000001,0.7157900000000009,0.7153300000000009,0.7157200000000009,2930
2026-08-04T11:45:00+00:00,0.7157200000000009,0.7157400000000009,0.7151800000000009,0.715290000000001,2996
2026-08-04T12:00:00+00:00,0.715290000000001,0.715440000000001,0.714900000000001,0.7150600000000009,2122
2026-08-04T12:15:00+00:00,0.7150600000000009,0.7151800000000009,0.714930000000001,0.714990000000001,1455
2026-08-04T12:30:00+00:00,0.714990000000001,0.7156700000000009,0.714990000000001,0.7155500000000009,1373
2026-08-04T12:45:00+00:00,0.7155500000000009,0.715710000000001,0.7153500000000009,0.715390000000001,1665
2026-08-04T13:00:00+00:00,0.715390000000001,0.715390000000001,0.715090000000001,0.715360000000001,1813
2026-08-04T13:15:00+00:00,0.715360000000001,0.7158400000000009,0.7150800000000009,0.7153800000000009,3743
2026-08-04T13:30:00+00:00,0.7153800000000009,0.715760000000001,0.715120000000001,0.715510000000001,3723
2026-08-04T13:45:00+00:00,0.715510000000001,0.715710000000001,0.7153800000000009,0.7156400000000009,2388
2026-08-04T14:00:00+00:00,0.7156400000000009,0.7161600000000009,0.7155500000000009,0.7161300000000009,2477
2026-08-04T14:15:00+00:00,0.7161300000000009,0.716240000000001,0.7157900000000009,0.716090000000001,2557
2026-08-04T14:30:00+00:00,0.716090000000001,0.7162500000000009,0.715710000000001,0.715800000000001,2677
2026-08-04T14:45:00+00:00,0.715800000000001,0.715970000000001,0.715540000000001,0.715880000000001,2871
2026-08-04T15:00:00+00:00,0.715880000000001,0.7159400000000009,0.7154500000000009,0.7154500000000009,2040
2026-08-04T15:15:00+00:00,0.7154500000000009,0.7154700000000009,0.715150000000001,0.7154200000000009,1562
2026-08-04T15:30:00+00:00,0.7154200000000009,0.715650000000001,0.7151600000000009,0.715540000000001,2666
2026-08-04T15:45:00+00:00,0.715540000000001,0.7157900000000009,0.7153800000000009,0.715730000000001,1871
2026-08-04T16:00:00+00:00,0.715730000000001,0.7158600000000009,0.715530000000001,0.715730000000001,1435
2026-08-04T16:15:00+00:00,0.715730000000001,0.7159400000000009,0.715610000000001,0.715820000000001,1496
2026-08-04T16:30:00+00:00,0.715820000000001,0.715870000000001,0.715660000000001,0.715870000000001,1225
2026-08-04T16:45:00+00:00,0.715870000000001,0.715970000000001,0.715810000000001,0.7158600000000009,1181
2026-08-04T17:00:00+00:00,0.7158600000000009,0.716090000000001,0.7158600000000009,0.716070000000001,1392
2026-08-04T17:15:00+00:00,0.716070000000001,0.7161300000000009,0.715930000000001,0.716000000000001,1339
2026-08-04T17:30:00+00:00,0.716000000000001,0.716240000000001,0.7159400000000009,0.716200000000001,1054
2026-08-04T17:45:00+00:00,0.716200000000001,0.716260000000001,0.716000000000001,0.716000000000001,1020
2026-08-04T18:00:00+00:00,0.716000000000001,0.716140000000001,0.715930000000001,0.7160800000000009,2473
2026-08-04T18:15:00+00:00,0.7160800000000009,0.716100000000001,0.715920000000001,0.716040000000001,1947
2026-08-04T18:30:00+00:00,0.716040000000001,0.716120000000001,0.715930000000001,0.716100000000001,1974
2026-08-04T18:45:00+00:00,0.716100000000001,0.716700000000001,0.716100000000001,0.716610000000001,2695
2026-08-04T19:00:00+00:00,0.716610000000001,0.716780000000001,0.7165000000000009,0.7166200000000009,1843
2026-08-04T19:15:00+00:00,0.7166200000000009,0.7168600000000009,0.716610000000001,0.716810000000001,854
2026-08-04T19:30:00+00:00,0.716810000000001,0.716900000000001,0.716750000000001,0.716820000000001,724
2026-08-04T19:45:00+00:00,0.716820000000001,0.716870000000001,0.716590000000001,0.716660000000001,1382
2026-08-04T20:00:00+00:00,0.716660000000001,0.7168400000000009,0.716650000000001,0.716820000000001,877
2026-08-04T20:15:00+00:00,0.716820000000001,0.7168400000000009,0.716680000000001,0.716700000000001,882
2026-08-04T20:30:00+00:00,0.716700000000001,0.7167400000000009,0.716590000000001,0.716630000000001,520
2026-08-04T20:45:00+00:00,0.716630000000001,0.7167200000000009,0.716610000000001,0.716630000000001,438
2026-08-04T21:00:00+00:00,0.716630000000001,0.716630000000001,0.7157400000000009,0.715850000000001,176.80115520957077
2026-08-04T21:15:00+00:00,0.715850000000001,0.716340000000001,0.715730000000001,0.716000000000001,348.5358528766661
2026-08-04T21:30:00+00:00,0.716000000000001,0.7163500000000009,0.716000000000001,0.7161400000000009,204
2026-08-04T21:45:00+00:00,0.7161400000000009,0.7164700000000009,0.7159600000000009,0.7164300000000009,261.40817039106145
2026-08-04T22:00:00+00:00,0.7164300000000009,0.716710000000001,0.7164300000000009,0.7166400000000009,399
2026-08-04T22:15:00+00:00,0.7166400000000009,0.716730000000001,0.7166400000000009,0.716710000000001,202
2026-08-04T22:30:00+00:00,0.716710000000001,0.7168700000000009,0.716710000000001,0.716780000000001,292
2026-08-04T22:45:00+00:00,0.716780000000001,0.7169600000000009,0.716630000000001,0.7169400000000009,520
2026-08-04T23:00:00+00:00,0.7169400000000009,0.716950000000001,0.7166700000000009,0.7168700000000009,752
2026-08-04T23:15:00+00:00,0.7168700000000009,0.7169200000000009,0.716830000000001,0.716830000000001,466
2026-08-04T23:30:00+00:00,0.716830000000001,0.7168700000000009,0.7166700000000009,0.7167400000000009,521
2026-08-04T23:45:00+00:00,0.7167400000000009,0.7168200000000009,0.7166200000000009,0.7166700000000009,734
2026-08-05T00:00:00+00:00,0.7166700000000009,0.7168400000000009,0.7165500000000009,0.7167400000000009,1732
2026-08-05T00:15:00+00:00,0.7167400000000009,0.7173600000000009,0.7167000000000009,0.7173100000000009,1508
2026-08-05T00:30:00+00:00,0.7173100000000009,0.7173100000000009,0.7166700000000009,0.7166700000000009,1319
2026-08-05T00:45:00+00:00,0.7166700000000009,0.7166900000000009,0.716290000000001,0.7163600000000009,1846
2026-08-05T01:00:00+00:00,0.7163600000000009,0.7166500000000009,0.716100000000001,0.7164300000000009,1840
2026-08-05T01:15:00+00:00,0.7164300000000009,0.7165500000000009,0.716000000000001,0.7162500000000009,1867
2026-08-05T01:30:00+00:00,0.7162500000000009,0.716320000000001,0.7160900000000009,0.716240000000001,1812
2026-08-05T01:45:00+00:00,0.716240000000001,0.716420000000001,0.716150000000001,0.7163800000000009,1531
2026-08-05T02:00:00+00:00,0.7163800000000009,0.7167500000000009,0.716150000000001,0.7161600000000009,2476
2026-08-05T02:15:00+00:00,0.7161600000000009,0.716440000000001,0.7160600000000009,0.716370000000001,1676
2026-08-05T02:30:00+00:00,0.716370000000001,0.717100000000001,0.7163600000000009,0.717100000000001,2205
2026-08-05T02:45:00+00:00,0.717100000000001,0.7171600000000009,0.7167400000000009,0.7167500000000009,1545
2026-08-05T03:00:00+00:00,0.7167500000000009,0.717290000000001,0.716680000000001,0.717240000000001,1444
2026-08-05T03:15:00+00:00,0.717240000000001,0.717270000000001,0.716900000000001,0.716950000000001,1304
2026-08-05T03:30:00+00:00,0.716950000000001,0.7170600000000009,0.7168400000000009,0.716980000000001,1271
2026-08-05T03:45:00+00:00,0.716980000000001,0.7170600000000009,0.716850000000001,0.7169100000000009,1428
2026-08-05T04:00:00+00:00,0.7169100000000009,0.717410000000001,0.7169100000000009,0.7174000000000009,1461
2026-08-05T04:15:00+00:00,0.7174000000000009,0.717630000000001,0.7173100000000009,0.717440000000001,1054
2026-08-05T04:30:00+00:00,0.717440000000001,0.717490000000001,0.717000000000001,0.717020000000001,1010
2026-08-05T04:45:00+00:00,0.717020000000001,0.717220000000001,0.7168200000000009,0.716880000000001,1130
2026-08-05T05:00:00+00:00,0.716880000000001,0.716880000000001,0.716540000000001,0.7166700000000009,1194
2026-08-05T05:15:00+00:00,0.7166700000000009,0.7167700000000009,0.716580000000001,0.7166000000000009,1084
2026-08-05T05:30:00+00:00,0.7166000000000009,0.716850000000001,0.7166000000000009,0.7168200000000009,1359
2026-08-05T05:45:00+00:00,0.7168200000000009,0.716900000000001,0.7166400000000009,0.7168200000000009,1328
2026-08-05T06:00:00+00:00,0.7168200000000009,0.7171100000000009,0.7167900000000009,0.717000000000001,1452
2026-08-05T06:15:00+00:00,0.717000000000001,0.7170100000000009,0.7163600000000009,0.7164500000000009,2415
2026-08-05T06:30:00+00:00,0.7164500000000009,0.716830000000001,0.7163300000000009,0.7167500000000009,2983
2026-08-05T06:45:00+00:00,0.7167500000000009,0.7169900000000009,0.7167400000000009,0.716950000000001,2685
2026-08-05T07:00:00+00:00,0.716950000000001,0.717120000000001,0.7164700000000009,0.7164800000000009,3706
2026-08-05T07:15:00+00:00,0.7164800000000009,0.7165500000000009,0.7160400000000009,0.7161400000000009,3019
2026-08-05T07:30:00+00:00,0.7161400000000009,0.716410000000001,0.716100000000001,0.7163000000000009,1398
2026-08-05T07:45:00+00:00,0.7163000000000009,0.716810000000001,0.7162800000000009,0.7167400000000009,2252
2026-08-05T08:00:00+00:00,0.7167400000000009,0.7168700000000009,0.716440000000001,0.716440000000001,1515
2026-08-05T08:15:00+00:00,0.716440000000001,0.716810000000001,0.716440000000001,0.7167500000000009,1775
2026-08-05T08:30:00+00:00,0.7167500000000009,0.716760000000001,0.716340000000001,0.7164500000000009,1929
2026-08-05T08:45:00+00:00,0.7164500000000009,0.7164700000000009,0.716200000000001,0.716340000000001,3026
2026-08-05T09:00:00+00:00,0.716340000000001,0.716590000000001,0.716320000000001,0.716440000000001,2430
2026-08-05T09:15:00+00:00,0.716440000000001,0.7165300000000009,0.716370000000001,0.7164000000000009,1977
2026-08-05T09:30:00+00:00,0.7164000000000009,0.716730000000001,0.716340000000001,0.7167200000000009,1224
2026-08-05T09:45:00+00:00,0.7167200000000009,0.7167700000000009,0.716610000000001,0.7166500000000009,897
2026-08-05T10:00:00+00:00,0.7166500000000009,0.7166700000000009,0.7163100000000009,0.716370000000001,1278
2026-08-05T10:15:00+00:00,0.716370000000001,0.7165700000000009,0.716220000000001,0.7162600000000009,2372
2026-08-05T10:30:00+00:00,0.7162600000000009,0.716290000000001,0.7160600000000009,0.7161800000000009,967
2026-08-05T10:45:00+00:00,0.7161800000000009,0.7163600000000009,0.7160900000000009,0.7162600000000009,1428
2026-08-05T11:00:00+00:00,0.7162600000000009,0.716630000000001,0.7162600000000009,0.716610000000001,1795
2026-08-05T11:15:00+00:00,0.716610000000001,0.716850000000001,0.716460000000001,0.7166500000000009,1385
2026-08-05T11:30:00+00:00,0.7166500000000009,0.7171100000000009,0.7166400000000009,0.7170100000000009,1648
2026-08-05T11:45:00+00:00,0.7170100000000009,0.717070000000001,0.7168900000000009,0.716950000000001,1240
2026-08-05T12:00:00+00:00,0.716950000000001,0.7173100000000009,0.716950000000001,0.717020000000001,1647
2026-08-05T12:15:00+00:00,0.717020000000001,0.7174500000000009,0.7169900000000009,0.7171600000000009,1746
2026-08-05T12:30:00+00:00,0.7171600000000009,0.717410000000001,0.7169100000000009,0.717000000000001,2117
2026-08-05T12:45:00+00:00,0.717000000000001,0.7172100000000009,0.716680000000001,0.716800000000001,2262
2026-08-05T13:00:00+00:00,0.716800000000001,0.7170100000000009,0.716680000000001,0.716900000000001,2890
2026-08-05T13:15:00+00:00,0.716900000000001,0.7170800000000009,0.7166900000000009,0.7170400000000009,2272
2026-08-05T13:30:00+00:00,0.7170400000000009,0.717200000000001,0.7165000000000009,0.717050000000001,3289
2026-08-05T13:45:00+00:00,0.717050000000001,0.7175200000000009,0.7168900000000009,0.7173000000000009,2937
2026-08-05T14:00:00+00:00,0.7173000000000009,0.7184800000000009,0.7170900000000009,0.7180800000000009,4221
2026-08-05T14:15:00+00:00,0.7180800000000009,0.7183100000000009,0.717950000000001,0.7180100000000009,2957
2026-08-05T14:30:00+00:00,0.7180100000000009,0.718170000000001,0.717780000000001,0.7180800000000009,2865
2026-08-05T14:45:00+00:00,0.7180800000000009,0.718170000000001,0.7173500000000009,0.717800000000001,3999
2026-08-05T15:00:00+00:00,0.717800000000001,0.718030000000001,0.7176500000000009,0.7177000000000009,2511
2026-08-05T15:15:00+00:00,0.7177000000000009,0.717710000000001,0.7173000000000009,0.717420000000001,2173
2026-08-05T15:30:00+00:00,0.717420000000001,0.7176400000000009,0.717220000000001,0.7174800000000009,1835
2026-08-05T15:45:00+00:00,0.7174800000000009,0.7174800000000009,0.716950000000001,0.717020000000001,2193
2026-08-05T16:00:00+00:00,0.717020000000001,0.717220000000001,0.716900000000001,0.717200000000001,2378
2026-08-05T16:15:00+00:00,0.717200000000001,0.7174700000000009,0.7171800000000009,0.7173300000000009,1671
2026-08-05T16:30:00+00:00,0.7173300000000009,0.7173600000000009,0.7172300000000009,0.717270000000001,1092
2026-08-05T16:45:00+00:00,0.717270000000001,0.7173000000000009,0.7171100000000009,0.717220000000001,1185
2026-08-05T17:00:00+00:00,0.717220000000001,0.7173500000000009,0.7170400000000009,0.7171600000000009,1138
2026-08-05T17:15:00+00:00,0.7171600000000009,0.717370000000001,0.717100000000001,0.717340000000001,1244
2026-08-05T17:30:00+00:00,0.717340000000001,0.7177700000000009,0.717220000000001,0.7177500000000009,1294
2026-08-05T17:45:00+00:00,0.7177500000000009,0.718170000000001,0.7177400000000009,0.7180900000000009,992
2026-08-05T18:00:00+00:00,0.7180900000000009,0.7183100000000009,0.718050000000001,0.7180900000000009,1135
2026-08-05T18:15:00+00:00,0.7180900000000009,0.718320000000001,0.718050000000001,0.718320000000001,969
2026-08-05T18:30:00+00:00,0.718320000000001,0.718320000000001,0.7179400000000009,0.718000000000001,1159
2026-08-05T18:45:00+00:00,0.718000000000001,0.7182500000000009,0.7179600000000009,0.7180800000000009,1043
2026-08-05T19:00:00+00:00,0.7180800000000009,0.718190000000001,0.717950000000001,0.7179700000000009,1234
2026-08-05T19:15:00+00:00,0.7179700000000009,0.7179900000000009,0.717800000000001,0.7178400000000009,1018
2026-08-05T19:30:00+00:00,0.7178400000000009,0.7179100000000009,0.717780000000001,0.717810000000001,1126
2026-08-05T19:45:00+00:00,0.717810000000001,0.7178700000000009,0.717540000000001,0.717540000000001,1182
2026-08-05T20:00:00+00:00,0.717540000000001,0.717710000000001,0.717540000000001,0.717610000000001,793
2026-08-05T20:15:00+00:00,0.717610000000001,0.7177000000000009,0.7175000000000009,0.717680000000001,378
2026-08-05T20:30:00+00:00,0.717680000000001,0.717830000000001,0.7176500000000009,0.7177500000000009,330
2026-08-05T20:45:00+00:00,0.7177500000000009,0.717780000000001,0.7176900000000009,0.7176900000000009,730
2026-08-05T21:00:00+00:00,0.7176900000000009,0.7176900000000009,0.717220000000001,0.7172600000000009,278.35154128156864
2026-08-05T21:15:00+00:00,0.7172600000000009,0.7173000000000008,0.7171700000000009,0.7172000000000007,180.47276732697344
2026-08-05T21:30:00+00:00,0.7172000000000007,0.7172600000000007,0.7170300000000007,0.7171100000000007,186
2026-08-05T21:45:00+00:00,0.7171100000000007,0.7173000000000007,0.7170000000000007,0.7171500000000007,764
2026-08-05T22:00:00+00:00,0.7171500000000007,0.7176000000000007,0.7171500000000007,0.7176000000000007,455
2026-08-05T22:15:00+00:00,0.7176000000000007,0.7176400000000007,0.7175300000000008,0.7175600000000008,301
2026-08-05T22:30:00+00:00,0.7175600000000008,0.7177900000000007,0.7175600000000008,0.7177700000000007,299
2026-08-05T22:45:00+00:00,0.7177700000000007,0.7178000000000008,0.7176100000000007,0.7177300000000008,274
2026-08-05T23:00:00+00:00,0.7177300000000008,0.7177400000000007,0.7176000000000007,0.7176600000000007,397
2026-08-05T23:15:00+00:00,0.7176600000000007,0.7177300000000008,0.7175800000000008,0.7176400000000007,363
2026-08-05T23:30:00+00:00,0.7176400000000007,0.7177200000000007,0.7174600000000008,0.7177100000000007,416
2026-08-05T23:45:00+00:00,0.7177100000000007,0.7178500000000008,0.7175500000000007,0.7176400000000007,786
2026-08-06T00:00:00+00:00,0.7176400000000007,0.7178600000000007,0.7174400000000007,0.7176600000000007,2005
2026-08-06T00:15:00+00:00,0.7176600000000007,0.7177700000000007,0.7173700000000007,0.7174100000000008,1884
2026-08-06T00:30:00+00:00,0.7174100000000008,0.7178800000000007,0.7174100000000008,0.7177300000000008,1744
2026-08-06T00:45:00+00:00,0.7177300000000008,0.7179500000000008,0.7176200000000007,0.7176600000000007,1878
2026-08-06T01:00:00+00:00,0.7176600000000007,0.7178700000000007,0.7173700000000007,0.7176000000000007,2581
2026-08-06T01:15:00+00:00,0.7176000000000007,0.7177200000000007,0.7173200000000007,0.7174100000000008,2195
2026-08-06T01:30:00+00:00,0.7174100000000008,0.7177700000000007,0.7174000000000007,0.7176100000000007,1881
2026-08-06T01:45:00+00:00,0.7176100000000007,0.7177700000000007,0.7174700000000007,0.7176100000000007,1652
2026-08-06T02:00:00+00:00,0.7176100000000007,0.7179700000000008,0.7175100000000008,0.7175700000000007,1916
2026-08-06T02:15:00+00:00,0.7175700000000007,0.7177100000000007,0.7174200000000007,0.7175600000000008,1465
2026-08-06T02:30:00+00:00,0.7175600000000008,0.7178200000000007,0.7174500000000007,0.7178200000000007,1436
2026-08-06T02:45:00+00:00,0.7178200000000007,0.7178800000000007,0.7175000000000007,0.7175300000000008,1405
2026-08-06T03:00:00+00:00,0.7175300000000008,0.7175500000000007,0.7172000000000007,0.7172100000000007,1208
2026-08-06T03:15:00+00:00,0.7172100000000007,0.7172400000000008,0.7167100000000007,0.7168000000000008,1481
2026-08-06T03:30:00+00:00,0.7168000000000008,0.7169500000000008,0.7165400000000007,0.7165500000000007,1271
2026-08-06T03:45:00+00:00,0.7165500000000007,0.7166700000000007,0.7164600000000008,0.7166600000000007,1069
2026-08-06T04:00:00+00:00,0.7166600000000007,0.7167100000000007,0.7165800000000008,0.7166100000000007,730
2026-08-06T04:15:00+00:00,0.7166100000000007,0.7166500000000007,0.7164500000000007,0.7165000000000007,674
2026-08-06T04:30:00+00:00,0.7165000000000007,0.7165900000000007,0.7163200000000007,0.7164600000000008,821
2026-08-06T04:45:00+00:00,0.7164600000000008,0.7166800000000008,0.7164000000000007,0.7166700000000007,801
2026-08-06T05:00:00+00:00,0.7166700000000007,0.7167000000000008,0.7162600000000007,0.7163700000000007,959
2026-08-06T05:15:00+00:00,0.7163700000000007,0.7164100000000008,0.7162200000000007,0.7162600000000007,864
2026-08-06T05:30:00+00:00,0.7162600000000007,0.7166200000000007,0.7161700000000008,0.7166000000000007,1637
2026-08-06T05:45:00+00:00,0.7166000000000007,0.7168000000000008,0.7165200000000007,0.7166700000000007,1059
2026-08-06T06:00:00+00:00,0.7166700000000007,0.7168200000000007,0.7162200000000007,0.7163200000000007,1385
2026-08-06T06:15:00+00:00,0.7163200000000007,0.7163500000000007,0.7161200000000008,0.7161800000000007,1585
2026-08-06T06:30:00+00:00,0.7161800000000007,0.7161900000000008,0.7158000000000008,0.7160300000000007,1709
2026-08-06T06:45:00+00:00,0.7160300000000007,0.7161900000000008,0.7159000000000008,0.7160800000000007,1048
2026-08-06T07:00:00+00:00,0.7160800000000007,0.7163700000000007,0.7160600000000007,0.7162000000000007,1495
2026-08-06T07:15:00+00:00,0.7162000000000007,0.7163500000000007,0.7161500000000007,0.7162000000000007,1375
2026-08-06T07:30:00+00:00,0.7162000000000007,0.7162100000000007,0.7157000000000008,0.7157200000000007,1619
2026-08-06T07:45:00+00:00,0.7157200000000007,0.7157900000000007,0.7155500000000007,0.7157000000000008,1774
2026-08-06T08:00:00+00:00,0.7157000000000008,0.7159400000000007,0.7155300000000008,0.7158800000000007,1536
2026-08-06T08:15:00+00:00,0.7158800000000007,0.7160000000000007,0.7158000000000008,0.7158300000000007,1327
2026-08-06T08:30:00+00:00,0.7158300000000007,0.7162200000000007,0.7158200000000007,0.7161200000000008,1622
2026-08-06T08:45:00+00:00,0.7161200000000008,0.7163800000000007,0.7160500000000007,0.7163700000000007,2054
2026-08-06T09:00:00+00:00,0.7163700000000007,0.7163700000000007,0.7160300000000007,0.7162800000000007,1620
2026-08-06T09:15:00+00:00,0.7162800000000007,0.7163100000000008,0.7161000000000007,0.7162000000000007,1709
2026-08-06T09:30:00+00:00,0.7162000000000007,0.7162600000000007,0.7158600000000007,0.7158800000000007,1620
2026-08-06T09:45:00+00:00,0.7158800000000007,0.7162500000000007,0.7158600000000007,0.7161300000000007,1279
2026-08-06T10:00:00+00:00,0.7161300000000007,0.7161600000000007,0.7158500000000008,0.7158900000000007,1531
2026-08-06T10:15:00+00:00,0.7158900000000007,0.7162000000000007,0.7158100000000007,0.7161200000000008,1220
2026-08-06T10:30:00+00:00,0.7161200000000008,0.7161800000000007,0.7159900000000007,0.7160600000000007,990
2026-08-06T10:45:00+00:00,0.7160600000000007,0.7162600000000007,0.7160600000000007,0.7161700000000008,1082
2026-08-06T11:00:00+00:00,0.7161700000000008,0.7162600000000007,0.7159600000000007,0.7160400000000007,1588
2026-08-06T11:15:00+00:00,0.7160400000000007,0.7161600000000007,0.7159400000000007,0.7159500000000008,1245
2026-08-06T11:30:00+00:00,0.7159500000000008,0.7160300000000007,0.7156500000000007,0.7157200000000007,1117
2026-08-06T11:45:00+00:00,0.7157200000000007,0.7162600000000007,0.7156000000000007,0.7162500000000007,1915
2026-08-06T12:00:00+00:00,0.7162500000000007,0.7163800000000007,0.7160100000000007,0.7160100000000007,1730
2026-08-06T12:15:00+00:00,0.7160100000000007,0.7162300000000007,0.7160000000000007,0.7161500000000007,1461
2026-08-06T12:30:00+00:00,0.7161500000000007,0.7161800000000007,0.7159500000000008,0.7160300000000007,1508
2026-08-06T12:45:00+00:00,0.7160300000000007,0.7160900000000008,0.7155800000000008,0.7157500000000008,1755
2026-08-06T13:00:00+00:00,0.7157500000000008,0.7159100000000007,0.7152400000000008,0.7153500000000007,2285
2026-08-06T13:15:00+00:00,0.7153500000000007,0.7156100000000007,0.7153200000000007,0.7155200000000007,2042
2026-08-06T13:30:00+00:00,0.7155200000000007,0.7159000000000008,0.7153700000000007,0.7158200000000007,3223
2026-08-06T13:45:00+00:00,0.7158200000000007,0.7161400000000008,0.7157200000000007,0.7159800000000007,2819
2026-08-06T14:00:00+00:00,0.7159800000000007,0.7161400000000008,0.7155700000000007,0.7158100000000007,3077
2026-08-06T14:15:00+00:00,0.7158100000000007,0.7160400000000007,0.7156600000000007,0.7158800000000007,2722
2026-08-06T14:30:00+00:00,0.7158800000000007,0.7160900000000008,0.7157100000000007,0.7159700000000008,1874
2026-08-06T14:45:00+00:00,0.7159700000000008,0.7161200000000008,0.7155600000000008,0.7161000000000007,2640
2026-08-06T15:00:00+00:00,0.7161000000000007,0.7161800000000007,0.7156600000000007,0.7157200000000007,2695
2026-08-06T15:15:00+00:00,0.7157200000000007,0.7157400000000007,0.7151600000000007,0.7153900000000007,3125
2026-08-06T15:30:00+00:00,0.7153900000000007,0.7154200000000007,0.7149800000000007,0.7150700000000008,2371
2026-08-06T15:45:00+00:00,0.7150700000000008,0.7153300000000007,0.7145800000000008,0.7146800000000008,2959
2026-08-06T16:00:00+00:00,0.7146800000000008,0.7148700000000008,0.7145200000000007,0.7145800000000008,2214
2026-08-06T16:15:00+00:00,0.7145800000000008,0.7147400000000007,0.7141800000000007,0.7147000000000008,2670
2026-08-06T16:30:00+00:00,0.7147000000000008,0.7149100000000007,0.7145700000000007,0.7146400000000007,1768
2026-08-06T16:45:00+00:00,0.7146400000000007,0.7150700000000008,0.7146300000000008,0.7150700000000008,1659
2026-08-06T17:00:00+00:00,0.7150700000000008,0.7151900000000008,0.7149700000000008,0.7149900000000007,1509
2026-08-06T17:15:00+00:00,0.7149900000000007,0.7151200000000008,0.7149100000000007,0.7150400000000007,1513
2026-08-06T17:30:00+00:00,0.7150400000000007,0.7151400000000008,0.7149200000000008,0.7150500000000007,1157
2026-08-06T17:45:00+00:00,0.7150500000000007,0.7153200000000007,0.7150400000000007,0.7152300000000007,1064
2026-08-06T18:00:00+00:00,0.7152300000000007,0.7154000000000007,0.7152000000000007,0.7153600000000008,1040
2026-08-06T18:15:00+00:00,0.7153600000000008,0.7154700000000007,0.7152500000000007,0.7153100000000008,1140
2026-08-06T18:30:00+00:00,0.7153100000000008,0.7153300000000007,0.7151400000000008,0.7152000000000007,1081
2026-08-06T18:45:00+00:00,0.7152000000000007,0.7152700000000007,0.7150900000000008,0.7152600000000007,1213
2026-08-06T19:00:00+00:00,0.7152600000000007,0.7154800000000008,0.7152500000000007,0.7153600000000008,958
2026-08-06T19:15:00+00:00,0.7153600000000008,0.7154300000000007,0.7149600000000007,0.7151200000000008,1848
2026-08-06T19:30:00+00:00,0.7151200000000008,0.7151800000000007,0.7148700000000008,0.7149100000000007,1349
2026-08-06T19:45:00+00:00,0.7149100000000007,0.7153700000000007,0.7149000000000008,0.7152500000000007,1801
2026-08-06T20:00:00+00:00,0.7152500000000007,0.7153200000000007,0.7151500000000007,0.7151700000000007,980
2026-08-06T20:15:00+00:00,0.7151700000000007,0.7151700000000007,0.7149500000000008,0.7150100000000007,571
2026-08-06T20:30:00+00:00,0.7150100000000007,0.7150400000000007,0.7149100000000007,0.7149800000000007,526
2026-08-06T20:45:00+00:00,0.7149800000000007,0.7151600000000007,0.7149600000000007,0.7150800000000007,1004
2026-08-06T21:00:00+00:00,0.7150800000000007,0.7150800000000007,0.7144600000000007,0.7147900000000007,115.34707037329207
2026-08-06T21:15:00+00:00,0.7147900000000007,0.7150500000000007,0.7147600000000007,0.7147600000000007,558
2026-08-06T21:30:00+00:00,0.7147600000000007,0.7148300000000007,0.7145100000000006,0.7145400000000007,172
2026-08-06T21:45:00+00:00,0.7145400000000007,0.7146300000000007,0.7145200000000007,0.7146300000000007,130
2026-08-06T22:00:00+00:00,0.7146300000000007,0.7151200000000006,0.7146300000000007,0.7150300000000007,445
2026-08-06T22:15:00+00:00,0.7150300000000007,0.7150300000000007,0.7148800000000007,0.7149700000000008,211.19468334636434
2026-08-06T22:30:00+00:00,0.7149700000000008,0.7149900000000007,0.7148800000000007,0.7149200000000008,254
2026-08-06T22:45:00+00:00,0.7149200000000008,0.7149400000000007,0.7148300000000007,0.7148300000000007,192
2026-08-06T23:00:00+00:00,0.7148300000000007,0.7149700000000008,0.7148300000000007,0.7149400000000007,333
2026-08-06T23:15:00+00:00,0.7149400000000007,0.7149800000000007,0.7149200000000008,0.7149400000000007,304
2026-08-06T23:30:00+00:00,0.7149400000000007,0.7151200000000008,0.7149300000000007,0.7151000000000007,279
2026-08-06T23:45:00+00:00,0.7151000000000007,0.7152500000000007,0.7150900000000008,0.7151800000000007,543
2026-08-07T00:00:00+00:00,0.7151800000000007,0.7152400000000008,0.7148000000000008,0.7148100000000007,1641
2026-08-07T00:15:00+00:00,0.7148100000000007,0.7148600000000007,0.7145800000000008,0.7147600000000007,1258
2026-08-07T00:30:00+00:00,0.7147600000000007,0.7149200000000008,0.7146300000000008,0.7146900000000007,1449
2026-08-07T00:45:00+00:00,0.7146900000000007,0.7147600000000007,0.7144500000000007,0.7147400000000007,1460
2026-08-07T01:00:00+00:00,0.7147400000000007,0.7150500000000007,0.7146900000000007,0.7149100000000007,1771
2026-08-07T01:15:00+00:00,0.7149100000000007,0.7149100000000007,0.7146100000000007,0.7147600000000007,1650
2026-08-07T01:30:00+00:00,0.7147600000000007,0.7149000000000008,0.7144700000000007,0.7147900000000007,2008
2026-08-07T01:45:00+00:00,0.7147900000000007,0.7148900000000007,0.7146300000000008,0.7147400000000007,1302
2026-08-07T02:00:00+00:00,0.7147400000000007,0.7148700000000008,0.7144700000000007,0.7145400000000007,1276
2026-08-07T02:15:00+00:00,0.7145400000000007,0.7145500000000007,0.7143900000000007,0.7144700000000007,770
2026-08-07T02:30:00+00:00,0.7144700000000007,0.7145000000000007,0.7141200000000008,0.7141900000000008,1115
2026-08-07T02:45:00+00:00,0.7141900000000008,0.7146000000000007,0.7141600000000007,0.7142700000000007,1099
2026-08-07T03:00:00+00:00,0.7142700000000007,0.7144200000000007,0.7142300000000007,0.7143200000000007,1075
2026-08-07T03:15:00+00:00,0.7143200000000007,0.7143200000000007,0.7141600000000007,0.7142100000000008,882
2026-08-07T03:30:00+00:00,0.7142100000000008,0.7144000000000007,0.7142000000000007,0.7142700000000007,896
2026-08-07T03:45:00+00:00,0.7142700000000007,0.7144100000000008,0.7142500000000007,0.7143800000000007,836
2026-08-07T04:00:00+00:00,0.7143800000000007,0.7145200000000007,0.7143000000000007,0.7144300000000008,785
2026-08-07T04:15:00+00:00,0.7144300000000008,0.7146700000000007,0.7144000000000007,0.7146600000000007,894
2026-08-07T04:30:00+00:00,0.7146600000000007,0.7148200000000008,0.7144400000000007,0.7145300000000008,1069
2026-08-07T04:45:00+00:00,0.7145300000000008,0.7146000000000007,0.7144700000000007,0.7145200000000007,628
2026-08-07T05:00:00+00:00,0.7145200000000007,0.7147000000000008,0.7145000000000007,0.7146400000000007,706
2026-08-07T05:15:00+00:00,0.7146400000000007,0.7147100000000007,0.7144000000000007,0.7144700000000007,767
2026-08-07T05:30:00+00:00,0.7144700000000007,0.7147000000000008,0.7144300000000008,0.7146100000000007,1139
2026-08-07T05:45:00+00:00,0.7146100000000007,0.7149300000000007,0.7146100000000007,0.7147100000000007,1020
2026-08-07T06:00:00+00:00,0.7147100000000007,0.7148900000000007,0.7146000000000007,0.7148600000000007,1144
2026-08-07T06:15:00+00:00,0.7148600000000007,0.7150800000000007,0.7147000000000008,0.7150700000000008,1331
2026-08-07T06:30:00+00:00,0.7150700000000008,0.7152200000000007,0.7149500000000008,0.7151100000000007,1055
2026-08-07T06:45:00+00:00,0.7151100000000007,0.7152800000000007,0.7150000000000007,0.7151700000000007,862
2026-08-07T07:00:00+00:00,0.7151700000000007,0.7155200000000007,0.7151100000000007,0.7154700000000007,1144
2026-08-07T07:15:00+00:00,0.7154700000000007,0.7155100000000008,0.7151500000000007,0.7152600000000008,1286
2026-08-07T07:30:00+00:00,0.7152600000000008,0.7154000000000007,0.7152000000000007,0.7153500000000007,1248
2026-08-07T07:45:00+00:00,0.7153500000000007,0.7154700000000007,0.7152400000000008,0.7154200000000007,988
2026-08-07T08:00:00+00:00,0.7154200000000007,0.7155900000000007,0.7153500000000007,0.7154800000000008,909
2026-08-07T08:15:00+00:00,0.7154800000000008,0.7155700000000007,0.7152800000000007,0.7152900000000008,896
2026-08-07T08:30:00+00:00,0.7152900000000008,0.7156300000000008,0.7152000000000007,0.7156100000000007,1628
2026-08-07T08:45:00+00:00,0.7156100000000007,0.7157400000000007,0.7155500000000007,0.7155800000000008,1472
2026-08-07T09:00:00+00:00,0.7155800000000008,0.7158200000000007,0.7155200000000007,0.7157700000000007,1391
2026-08-07T09:15:00+00:00,0.7157700000000007,0.7160300000000007,0.7157400000000007,0.7158600000000007,1093
2026-08-07T09:30:00+00:00,0.7158600000000007,0.7159700000000008,0.7157700000000007,0.7159600000000007,1131
2026-08-07T09:45:00+00:00,0.7159600000000007,0.7161200000000008,0.7158900000000007,0.7159500000000008,989
2026-08-07T10:00:00+00:00,0.7159500000000008,0.7160500000000007,0.7157500000000008,0.7158000000000008,1166
2026-08-07T10:15:00+00:00,0.7158000000000008,0.7158700000000008,0.7156300000000008,0.7157000000000008,1161
2026-08-07T10:30:00+00:00,0.7157000000000008,0.7157200000000007,0.7155100000000008,0.7155500000000007,1316
2026-08-07T10:45:00+00:00,0.7155500000000007,0.7156300000000008,0.7154500000000007,0.7154900000000007,1176
2026-08-07T11:00:00+00:00,0.7154900000000007,0.7157800000000007,0.7154900000000007,0.7156100000000007,1443
2026-08-07T11:15:00+00:00,0.7156100000000007,0.7156400000000007,0.7154900000000007,0.7154900000000007,932
2026-08-07T11:30:00+00:00,0.7154900000000007,0.7160100000000007,0.7154900000000007,0.7159400000000007,1101
2026-08-07T11:45:00+00:00,0.7159400000000007,0.7159700000000008,0.7158100000000007,0.7159200000000008,1354
2026-08-07T12:00:00+00:00,0.7159200000000008,0.7161400000000008,0.7158400000000007,0.7159600000000007,1501
2026-08-07T12:15:00+00:00,0.7159600000000007,0.7160100000000007,0.7154600000000008,0.7155200000000007,1925
2026-08-07T12:30:00+00:00,0.7155200000000007,0.7193800000000007,0.7155200000000007,0.7190600000000007,8931
2026-08-07T12:45:00+00:00,0.7190600000000007,0.7196700000000007,0.7184900000000007,0.7186600000000007,4782
2026-08-07T13:00:00+00:00,0.7186600000000007,0.7188300000000007,0.7182600000000008,0.7187800000000008,3856
2026-08-07T13:15:00+00:00,0.7187800000000008,0.7187800000000008,0.7181700000000008,0.7184900000000007,3275
2026-08-07T13:30:00+00:00,0.7184900000000007,0.7188700000000008,0.7180600000000007,0.7187600000000007,4661
2026-08-07T13:45:00+00:00,0.7187600000000007,0.7188000000000008,0.7177200000000007,0.7178600000000007,3441
2026-08-07T14:00:00+00:00,0.7178600000000007,0.7181200000000008,0.7176100000000007,0.7179000000000008,3967
2026-08-07T14:15:00+00:00,0.7179000000000008,0.7187700000000007,0.7178000000000008,0.7185500000000007,2756
2026-08-07T14:30:00+00:00,0.7185500000000007,0.7186000000000007,0.7177800000000008,0.7179000000000008,2811
2026-08-07T14:45:00+00:00,0.7179000000000008,0.7181500000000007,0.7177200000000007,0.7178700000000008,3594
2026-08-07T15:00:00+00:00,0.7178700000000008,0.7182200000000007,0.7174800000000008,0.7181900000000008,3345
2026-08-07T15:15:00+00:00,0.7181900000000008,0.7184100000000008,0.7180900000000008,0.7181000000000007,2305
2026-08-07T15:30:00+00:00,0.7181000000000007,0.7183100000000008,0.7179600000000007,0.7181400000000008,1920
2026-08-07T15:45:00+00:00,0.7181400000000008,0.7182800000000007,0.7178900000000007,0.7181700000000008,1928
2026-08-07T16:00:00+00:00,0.7181700000000008,0.7187300000000008,0.7181200000000008,0.7187300000000008,1494
2026-08-07T16:15:00+00:00,0.7187300000000008,0.7188200000000007,0.7182600000000008,0.7183500000000007,2313
2026-08-07T16:30:00+00:00,0.7183500000000007,0.7185800000000008,0.7182500000000007,0.7184700000000007,1580
2026-08-07T16:45:00+00:00,0.7184700000000007,0.7187500000000008,0.7183100000000008,0.7184100000000008,1628
2026-08-07T17:00:00+00:00,0.7184100000000008,0.7186300000000008,0.7182800000000007,0.7185100000000008,1190
2026-08-07T17:15:00+00:00,0.7185100000000008,0.7187000000000008,0.7184100000000008,0.7186100000000007,1002
2026-08-07T17:30:00+00:00,0.7186100000000007,0.7187900000000007,0.7184500000000007,0.7187300000000008,1053
2026-08-07T17:45:00+00:00,0.7187300000000008,0.7187400000000007,0.7185600000000008,0.7185700000000007,548
2026-08-07T18:00:00+00:00,0.7185700000000007,0.7186400000000007,0.7184400000000007,0.7184800000000008,970
2026-08-07T18:15:00+00:00,0.7184800000000008,0.7185700000000007,0.7184100000000008,0.7185300000000007,940
2026-08-07T18:30:00+00:00,0.7185300000000007,0.7186500000000007,0.7185200000000007,0.7186400000000007,801
2026-08-07T18:45:00+00:00,0.7186400000000007,0.7188100000000007,0.7186400000000007,0.7187600000000007,1014
2026-08-07T19:00:00+00:00,0.7187600000000007,0.7190600000000007,0.7187500000000007,0.7189100000000007,1348
2026-08-07T19:15:00+00:00,0.7189100000000007,0.7193900000000006,0.7188600000000007,0.7193800000000007,1571
2026-08-07T19:30:00+00:00,0.7193800000000007,0.7193900000000006,0.7191000000000007,0.7191200000000006,1297
2026-08-07T19:45:00+00:00,0.7191200000000006,0.7191800000000007,0.7188200000000007,0.7188700000000007,970
2026-08-07T20:00:00+00:00,0.7188700000000007,0.7189400000000007,0.7185900000000007,0.7186200000000007,615
2026-08-07T20:15:00+00:00,0.7186200000000007,0.7186200000000007,0.7184000000000007,0.7184000000000007,332
2026-08-07T20:30:00+00:00,0.7184000000000007,0.7184500000000007,0.7182900000000007,0.7183500000000007,380
2026-08-07T20:45:00+00:00,0.7183500000000007,0.7185100000000006,0.7181200000000006,0.7182600000000007,1147.3070077864295
2026-08-09T21:00:00+00:00,0.7182600000000007,0.7183400000000008,0.7180400000000007,0.7183000000000008,165.9395147085594
2026-08-09T21:15:00+00:00,0.7183000000000008,0.7185400000000008,0.7179300000000008,0.7180600000000009,262.6871084068198
2026-08-09T21:30:00+00:00,0.7180600000000009,0.7184300000000009,0.717930000000001,0.7181900000000009,280.94460466882117
2026-08-09T21:45:00+00:00,0.7181900000000009,0.7187500000000008,0.7181800000000009,0.7186300000000008,154.9576065988914
2026-08-09T22:00:00+00:00,0.7186300000000008,0.7191300000000008,0.7184800000000008,0.7190000000000007,618
2026-08-09T22:15:00+00:00,0.7190000000000007,0.7190100000000008,0.7188800000000007,0.7189000000000008,258
2026-08-09T22:30:00+00:00,0.7189000000000008,0.7190100000000008,0.7188400000000008,0.7188600000000007,270
2026-08-09T22:45:00+00:00,0.7188600000000007,0.7188800000000007,0.7187600000000007,0.7187700000000008,210
2026-08-09T23:00:00+00:00,0.7187700000000008,0.7189200000000008,0.7187300000000008,0.7188700000000008,457
2026-08-09T23:15:00+00:00,0.7188700000000008,0.7190100000000008,0.7188600000000007,0.7188700000000008,195
2026-08-09T23:30:00+00:00,0.7188700000000008,0.7189000000000008,0.7186600000000007,0.7188400000000008,476
2026-08-09T23:45:00+00:00,0.7188400000000008,0.7188900000000008,0.7184400000000007,0.7184600000000008,908
2026-08-10T00:00:00+00:00,0.7184600000000008,0.7192900000000008,0.7184600000000008,0.7192200000000007,2191
2026-08-10T00:15:00+00:00,0.7192200000000007,0.7192500000000007,0.7187200000000008,0.7187800000000008,1982
2026-08-10T00:30:00+00:00,0.7187800000000008,0.7188800000000007,0.7184200000000007,0.7184700000000007,1619
2026-08-10T00:45:00+00:00,0.7184700000000007,0.7187400000000008,0.7183900000000008,0.7184600000000008,1701
2026-08-10T01:00:00+00:00,0.7184600000000008,0.7184800000000008,0.7179600000000008,0.7183500000000008,2585
2026-08-10T01:15:00+00:00,0.7183500000000008,0.7187300000000008,0.7183000000000007,0.7185400000000007,1782
2026-08-10T01:30:00+00:00,0.7185400000000007,0.7185400000000007,0.7182700000000007,0.7184700000000007,1770
2026-08-10T01:45:00+00:00,0.7184700000000007,0.7187600000000007,0.7184200000000007,0.7186700000000008,1768
2026-08-10T02:00:00+00:00,0.7186700000000008,0.7188100000000007,0.7185700000000008,0.7186800000000008,1721
2026-08-10T02:15:00+00:00,0.7186800000000008,0.7186900000000007,0.7184800000000008,0.7186100000000007,969
2026-08-10T02:30:00+00:00,0.7186100000000007,0.7187100000000007,0.7183700000000007,0.7183800000000008,1073
2026-08-10T02:45:00+00:00,0.7183800000000008,0.7184900000000007,0.7183200000000007,0.7183600000000008,884
2026-08-10T03:00:00+00:00,0.7183600000000008,0.7184200000000007,0.7180100000000008,0.7180800000000007,1243
2026-08-10T03:15:00+00:00,0.7180800000000007,0.7183300000000008,0.7180400000000008,0.7181800000000008,1189
2026-08-10T03:30:00+00:00,0.7181800000000008,0.7183000000000007,0.7180700000000008,0.7182100000000008,722
2026-08-10T03:45:00+00:00,0.7182100000000008,0.7183300000000008,0.7181400000000008,0.7181400000000008,751
2026-08-10T04:00:00+00:00,0.7181400000000008,0.7182000000000007,0.7179200000000008,0.7180700000000008,848
2026-08-10T04:15:00+00:00,0.7180700000000008,0.7180900000000008,0.7179600000000008,0.7180700000000008,555
2026-08-10T04:30:00+00:00,0.7180700000000008,0.7181900000000008,0.7180000000000007,0.7181900000000008,765
2026-08-10T04:45:00+00:00,0.7181900000000008,0.7184400000000007,0.7181800000000008,0.7183200000000007,840
2026-08-10T05:00:00+00:00,0.7183200000000007,0.7186000000000008,0.7182800000000008,0.7184800000000008,1119
2026-08-10T05:15:00+00:00,0.7184800000000008,0.7185300000000008,0.7183900000000008,0.7184800000000008,811
2026-08-10T05:30:00+00:00,0.7184800000000008,0.7189200000000008,0.7184000000000008,0.7187800000000008,1245
2026-08-10T05:45:00+00:00,0.7187800000000008,0.7191500000000007,0.7187300000000008,0.7191200000000008,1319
2026-08-10T06:00:00+00:00,0.7191200000000008,0.7191800000000008,0.7188200000000008,0.7189000000000008,1411
2026-08-10T06:15:00+00:00,0.7189000000000008,0.7192000000000007,0.7189000000000008,0.7191700000000008,1856
2026-08-10T06:30:00+00:00,0.7191700000000008,0.7191800000000008,0.7188400000000008,0.7189100000000007,1489
2026-08-10T06:45:00+00:00,0.7189100000000007,0.7190300000000007,0.7187200000000008,0.7189200000000008,1135
2026-08-10T07:00:00+00:00,0.7189200000000008,0.7189800000000007,0.7187100000000007,0.7187100000000007,1532
2026-08-10T07:15:00+00:00,0.7187100000000007,0.7190900000000008,0.7186700000000008,0.7189400000000008,1202
2026-08-10T07:30:00+00:00,0.7189400000000008,0.7193800000000008,0.7189000000000008,0.7192100000000008,1608
2026-08-10T07:45:00+00:00,0.7192100000000008,0.7194400000000007,0.7191000000000007,0.7193100000000008,2099
2026-08-10T08:00:00+00:00,0.7193100000000008,0.7196700000000008,0.7192200000000007,0.7196700000000008,1624
2026-08-10T08:15:00+00:00,0.7196700000000008,0.7196800000000008,0.7195100000000008,0.7196200000000008,1240
2026-08-10T08:30:00+00:00,0.7196200000000008,0.7196700000000008,0.7192500000000007,0.7192500000000007,1069
2026-08-10T08:45:00+00:00,0.7192500000000007,0.7193800000000008,0.7191300000000008,0.7192300000000008,1273
2026-08-10T09:00:00+00:00,0.7192300000000008,0.7192700000000007,0.7189600000000008,0.7192600000000008,1278
2026-08-10T09:15:00+00:00,0.7192600000000008,0.7193300000000008,0.7190400000000008,0.7192700000000007,978
2026-08-10T09:30:00+00:00,0.7192700000000007,0.7192700000000007,0.7188200000000008,0.7190100000000008,1084
2026-08-10T09:45:00+00:00,0.7190100000000008,0.7190100000000008,0.7187100000000007,0.7187100000000007,1301
2026-08-10T10:00:00+00:00,0.7187100000000007,0.7187800000000008,0.7185300000000008,0.7186600000000007,1533
2026-08-10T10:15:00+00:00,0.7186600000000007,0.7187800000000008,0.7185600000000008,0.7186900000000007,967
2026-08-10T10:30:00+00:00,0.7186900000000007,0.7188900000000008,0.7185300000000008,0.7188800000000007,1156
2026-08-10T10:45:00+00:00,0.7188800000000007,0.7190400000000008,0.7188600000000007,0.7189400000000008,976
2026-08-10T11:00:00+00:00,0.7189400000000008,0.7190400000000008,0.7184900000000007,0.7186200000000008,1055
2026-08-10T11:15:00+00:00,0.7186200000000008,0.7187100000000007,0.7185500000000008,0.7186200000000008,1227
2026-08-10T11:30:00+00:00,0.7186200000000008,0.7188200000000008,0.7185600000000008,0.7186200000000008,1179
2026-08-10T11:45:00+00:00,0.7186200000000008,0.7186700000000008,0.7184000000000008,0.7185900000000007,1259
2026-08-10T12:00:00+00:00,0.7185900000000007,0.7186300000000008,0.7183200000000007,0.7183700000000007,1921
2026-08-10T12:15:00+00:00,0.7183700000000007,0.7183900000000008,0.7180200000000008,0.7181600000000008,1332
2026-08-10T12:30:00+00:00,0.7181600000000008,0.7182300000000008,0.7179200000000008,0.7180000000000007,1093
2026-08-10T12:45:00+00:00,0.7180000000000007,0.7180500000000007,0.7178200000000008,0.7179400000000008,993
2026-08-10T13:00:00+00:00,0.7179400000000008,0.7182100000000008,0.7178700000000008,0.7181700000000008,1301
2026-08-10T13:15:00+00:00,0.7181700000000008,0.7181700000000008,0.7177700000000008,0.7180100000000008,1274
2026-08-10T13:30:00+00:00,0.7180100000000008,0.7181000000000007,0.7177400000000008,0.7178100000000007,1918
2026-08-10T13:45:00+00:00,0.7178100000000007,0.7179800000000007,0.7175700000000008,0.7179400000000008,2815
2026-08-10T14:00:00+00:00,0.7179400000000008,0.7185300000000008,0.7178800000000007,0.7185100000000008,2233
2026-08-10T14:15:00+00:00,0.7185100000000008,0.7187800000000008,0.7183300000000008,0.7187200000000008,1820
2026-08-10T14:30:00+00:00,0.7187200000000008,0.7188200000000008,0.7185200000000008,0.7187200000000008,1630
2026-08-10T14:45:00+00:00,0.7187200000000008,0.7188700000000008,0.7184600000000008,0.7185300000000008,2625
2026-08-10T15:00:00+00:00,0.7185300000000008,0.7187100000000007,0.7183000000000007,0.7187100000000007,2172
2026-08-10T15:15:00+00:00,0.7187100000000007,0.7189100000000007,0.7185200000000008,0.7186800000000008,1698
2026-08-10T15:30:00+00:00,0.7186800000000008,0.7187400000000008,0.7184600000000008,0.7186100000000007,1604
2026-08-10T15:45:00+00:00,0.7186100000000007,0.7187800000000008,0.7184500000000008,0.7187700000000008,1490
2026-08-10T16:00:00+00:00,0.7187700000000008,0.7188700000000008,0.7186600000000007,0.7187200000000008,1207
2026-08-10T16:15:00+00:00,0.7187200000000008,0.7187900000000008,0.7186100000000007,0.7187800000000008,866
2026-08-10T16:30:00+00:00,0.7187800000000008,0.7188300000000007,0.7183100000000008,0.7183400000000008,2056
2026-08-10T16:45:00+00:00,0.7183400000000008,0.7184500000000008,0.7182400000000008,0.7183500000000008,1248
2026-08-10T17:00:00+00:00,0.7183500000000008,0.7184000000000008,0.7180300000000007,0.7181700000000008,1175
2026-08-10T17:15:00+00:00,0.7181700000000008,0.7182300000000008,0.7179000000000008,0.7179400000000008,1219
2026-08-10T17:30:00+00:00,0.7179400000000008,0.7181200000000008,0.7178600000000007,0.7178700000000008,913
2026-08-10T17:45:00+00:00,0.7178700000000008,0.7178700000000008,0.7176900000000007,0.7177400000000008,968
2026-08-10T18:00:00+00:00,0.7177400000000008,0.7178800000000007,0.7177400000000008,0.7178200000000008,815
2026-08-10T18:15:00+00:00,0.7178200000000008,0.7178900000000008,0.7177000000000008,0.7177900000000008,820
2026-08-10T18:30:00+00:00,0.7177900000000008,0.7181300000000008,0.7177300000000008,0.7180900000000008,1188
2026-08-10T18:45:00+00:00,0.7180900000000008,0.7180900000000008,0.7177600000000007,0.7179100000000007,1401
2026-08-10T19:00:00+00:00,0.7179100000000007,0.7179300000000007,0.7177700000000008,0.7178600000000007,840
2026-08-10T19:15:00+00:00,0.7178600000000007,0.7179600000000008,0.7178000000000008,0.7178600000000007,628
2026-08-10T19:30:00+00:00,0.7178600000000007,0.7179800000000007,0.7177500000000008,0.7179500000000008,880
2026-08-10T19:45:00+00:00,0.7179500000000008,0.7179900000000008,0.7176700000000008,0.7177100000000007,1083
2026-08-10T20:00:00+00:00,0.7177100000000007,0.7178000000000008,0.7176600000000007,0.7176900000000007,582
2026-08-10T20:15:00+00:00,0.7176900000000007,0.7177200000000008,0.7176000000000008,0.7176100000000007,319
2026-08-10T20:30:00+00:00,0.7176100000000007,0.7176800000000008,0.7176000000000008,0.7176600000000007,148.75613275613276
2026-08-10T20:45:00+00:00,0.7176600000000007,0.7177000000000008,0.7176100000000007,0.7176200000000008,256
2026-08-10T21:00:00+00:00,0.7176200000000008,0.7176700000000007,0.7172300000000008,0.717440000000001,422.1686471118703
2026-08-10T21:15:00+00:00,0.717440000000001,0.7175200000000009,0.7172500000000009,0.7173000000000009,1475
2026-08-10T21:30:00+00:00,0.7173000000000009,0.7173800000000009,0.7172500000000009,0.7173500000000009,426
2026-08-10T21:45:00+00:00,0.7173500000000009,0.7174600000000009,0.717320000000001,0.717340000000001,221
2026-08-10T22:00:00+00:00,0.717340000000001,0.7175700000000009,0.717270000000001,0.7175700000000009,627
2026-08-10T22:15:00+00:00,0.7175700000000009,0.7175700000000009,0.717440000000001,0.717510000000001,257
2026-08-10T22:30:00+00:00,0.717510000000001,0.717590000000001,0.717490000000001,0.717560000000001,189
2026-08-10T22:45:00+00:00,0.717560000000001,0.717660000000001,0.717560000000001,0.7176500000000009,128.93999770020707
2026-08-10T23:00:00+00:00,0.7176500000000009,0.7177700000000009,0.7175500000000009,0.7176000000000009,321
2026-08-10T23:15:00+00:00,0.7176000000000009,0.717660000000001,0.7175200000000009,0.7176000000000009,197
2026-08-10T23:30:00+00:00,0.7176000000000009,0.7176200000000009,0.7174500000000009,0.7175500000000009,304
2026-08-10T23:45:00+00:00,0.7175500000000009,0.7177400000000009,0.717340000000001,0.717540000000001,1077
2026-08-11T00:00:00+00:00,0.717540000000001,0.717710000000001,0.7174700000000009,0.717660000000001,1329
2026-08-11T00:15:00+00:00,0.717660000000001,0.7178200000000009,0.7175700000000009,0.7178200000000009,1130
2026-08-11T00:30:00+00:00,0.7178200000000009,0.7178600000000009,0.7176200000000009,0.7178000000000009,1065
2026-08-11T00:45:00+00:00,0.7178000000000009,0.7178400000000009,0.7175500000000009,0.7175700000000009,1054
2026-08-11T01:00:00+00:00,0.7175700000000009,0.7179100000000009,0.717150000000001,0.7179100000000009,1744
2026-08-11T01:15:00+00:00,0.7179100000000009,0.7181300000000009,0.717810000000001,0.7181100000000009,1710
2026-08-11T01:30:00+00:00,0.7181100000000009,0.7182800000000009,0.7178700000000009,0.7178900000000009,1485
2026-08-11T01:45:00+00:00,0.7178900000000009,0.7181300000000009,0.7178600000000009,0.7178600000000009,1360
2026-08-11T02:00:00+00:00,0.7178600000000009,0.7180400000000009,0.717760000000001,0.7179600000000009,1535
2026-08-11T02:15:00+00:00,0.7179600000000009,0.7179900000000009,0.7175300000000009,0.717610000000001,1222
2026-08-11T02:30:00+00:00,0.717610000000001,0.7177500000000009,0.717560000000001,0.7176900000000009,1158
2026-08-11T02:45:00+00:00,0.7176900000000009,0.7176900000000009,0.717320000000001,0.717370000000001,1124
2026-08-11T03:00:00+00:00,0.717370000000001,0.7176700000000009,0.717370000000001,0.7176000000000009,1244
2026-08-11T03:15:00+00:00,0.7176000000000009,0.7179900000000009,0.7175700000000009,0.717930000000001,933
2026-08-11T03:30:00+00:00,0.717930000000001,0.7179600000000009,0.717810000000001,0.717830000000001,848
2026-08-11T03:45:00+00:00,0.717830000000001,0.717880000000001,0.717710000000001,0.717780000000001,837
2026-08-11T04:00:00+00:00,0.717780000000001,0.7179400000000009,0.7177200000000009,0.7179200000000009,1045
2026-08-11T04:15:00+00:00,0.7179200000000009,0.718150000000001,0.7179100000000009,0.7181400000000009,671
2026-08-11T04:30:00+00:00,0.7181400000000009,0.7181400000000009,0.7159900000000009,0.7165700000000009,4377
2026-08-11T04:45:00+00:00,0.7165700000000009,0.7170600000000009,0.7161900000000009,0.717050000000001,2309
2026-08-11T05:00:00+00:00,0.717050000000001,0.717050000000001,0.7164300000000009,0.7165300000000009,1480
2026-08-11T05:15:00+00:00,0.7165300000000009,0.7165800000000009,0.716200000000001,0.7163500000000009,1496
2026-08-11T05:30:00+00:00,0.7163500000000009,0.717170000000001,0.7162100000000009,0.7170300000000009,2644
2026-08-11T05:45:00+00:00,0.7170300000000009,0.717730000000001,0.7169400000000009,0.7175200000000009,2357
2026-08-11T06:00:00+00:00,0.7175200000000009,0.717900000000001,0.7175000000000009,0.7175800000000009,1896
2026-08-11T06:15:00+00:00,0.7175800000000009,0.7176700000000009,0.717150000000001,0.7173000000000009,2192
2026-08-11T06:30:00+00:00,0.7173000000000009,0.7175200000000009,0.7170400000000009,0.7172500000000009,1728
2026-08-11T06:45:00+00:00,0.7172500000000009,0.7174300000000009,0.7170600000000009,0.7172600000000009,1370
2026-08-11T07:00:00+00:00,0.7172600000000009,0.7176000000000009,0.7171800000000009,0.7175200000000009,1784
2026-08-11T07:15:00+00:00,0.7175200000000009,0.7175300000000009,0.7171900000000009,0.717490000000001,1245
2026-08-11T07:30:00+00:00,0.717490000000001,0.717560000000001,0.7169200000000009,0.716950000000001,1354
2026-08-11T07:45:00+00:00,0.716950000000001,0.717000000000001,0.7167000000000009,0.7167700000000009,1534
2026-08-11T08:00:00+00:00,0.7167700000000009,0.7170400000000009,0.7167200000000009,0.716980000000001,1472
2026-08-11T08:15:00+00:00,0.716980000000001,0.7173100000000009,0.716980000000001,0.7172100000000009,1289
2026-08-11T08:30:00+00:00,0.7172100000000009,0.7174500000000009,0.7170400000000009,0.7173100000000009,1303
2026-08-11T08:45:00+00:00,0.7173100000000009,0.717490000000001,0.717200000000001,0.7172600000000009,1157
2026-08-11T09:00:00+00:00,0.7172600000000009,0.717320000000001,0.717120000000001,0.717120000000001,1253
2026-08-11T09:15:00+00:00,0.717120000000001,0.717370000000001,0.7171100000000009,0.7171800000000009,1201
2026-08-11T09:30:00+00:00,0.7171800000000009,0.7174300000000009,0.717170000000001,0.7173300000000009,1313
2026-08-11T09:45:00+00:00,0.7173300000000009,0.7177200000000009,0.7173100000000009,0.717710000000001,1034
2026-08-11T10:00:00+00:00,0.717710000000001,0.717930000000001,0.717560000000001,0.7178200000000009,1425
2026-08-11T10:15:00+00:00,0.7178200000000009,0.7181600000000009,0.717660000000001,0.718030000000001,2175
2026-08-11T10:30:00+00:00,0.718030000000001,0.718120000000001,0.7178600000000009,0.7180700000000009,1219
2026-08-11T10:45:00+00:00,0.7180700000000009,0.7181600000000009,0.7180100000000009,0.7181600000000009,1141
2026-08-11T11:00:00+00:00,0.7181600000000009,0.7189100000000009,0.7180200000000009,0.718510000000001,4096
2026-08-11T11:15:00+00:00,0.718510000000001,0.718610000000001,0.718270000000001,0.718420000000001,1637
2026-08-11T11:30:00+00:00,0.718420000000001,0.7184300000000009,0.7181300000000009,0.7181400000000009,1311
2026-08-11T11:45:00+00:00,0.7181400000000009,0.7182300000000009,0.7180100000000009,0.7181100000000009,1212
2026-08-11T12:00:00+00:00,0.7181100000000009,0.7185500000000009,0.7180200000000009,0.7182600000000009,1847
2026-08-11T12:15:00+00:00,0.7182600000000009,0.7184300000000009,0.7179700000000009,0.7183600000000009,2322
2026-08-11T12:30:00+00:00,0.7183600000000009,0.7187200000000009,0.7183000000000009,0.7185800000000009,1807
2026-08-11T12:45:00+00:00,0.7185800000000009,0.7186200000000009,0.7184000000000009,0.7184100000000009,1094
2026-08-11T13:00:00+00:00,0.7184100000000009,0.7187500000000009,0.7184100000000009,0.7185500000000009,1655
2026-08-11T13:15:00+00:00,0.7185500000000009,0.7187000000000009,0.718440000000001,0.718590000000001,1925
2026-08-11T13:30:00+00:00,0.718590000000001,0.7188700000000009,0.718440000000001,0.7188400000000009,2342
2026-08-11T13:45:00+00:00,0.7188400000000009,0.7189700000000009,0.7186300000000009,0.7187500000000009,2239
2026-08-11T14:00:00+00:00,0.7187500000000009,0.7188400000000009,0.7185200000000009,0.7186500000000009,2185
2026-08-11T14:15:00+00:00,0.7186500000000009,0.7189400000000009,0.718640000000001,0.7188000000000009,1780
2026-08-11T14:30:00+00:00,0.7188000000000009,0.718950000000001,0.7186800000000009,0.7188500000000009,1563
2026-08-11T14:45:00+00:00,0.7188500000000009,0.718900000000001,0.7183600000000009,0.7184100000000009,2086
2026-08-11T15:00:00+00:00,0.7184100000000009,0.7185000000000009,0.717830000000001,0.7178400000000009,1838
2026-08-11T15:15:00+00:00,0.7178400000000009,0.718170000000001,0.717780000000001,0.7180200000000009,1471
2026-08-11T15:30:00+00:00,0.7180200000000009,0.7180800000000009,0.7176500000000009,0.7177700000000009,2661
2026-08-11T15:45:00+00:00,0.7177700000000009,0.718150000000001,0.717730000000001,0.718150000000001,1452
2026-08-11T16:00:00+00:00,0.718150000000001,0.718200000000001,0.7180400000000009,0.7181100000000009,1129
2026-08-11T16:15:00+00:00,0.7181100000000009,0.718270000000001,0.7180600000000009,0.718200000000001,1104
2026-08-11T16:30:00+00:00,0.718200000000001,0.7183000000000009,0.718120000000001,0.718200000000001,927
2026-08-11T16:45:00+00:00,0.718200000000001,0.7182500000000009,0.7181100000000009,0.7181900000000009,1005
2026-08-11T17:00:00+00:00,0.7181900000000009,0.7182800000000009,0.717880000000001,0.717880000000001,1313
2026-08-11T17:15:00+00:00,0.717880000000001,0.7179900000000009,0.717780000000001,0.7178700000000009,1039
2026-08-11T17:30:00+00:00,0.7178700000000009,0.718000000000001,0.7177700000000009,0.717950000000001,715
2026-08-11T17:45:00+00:00,0.717950000000001,0.718100000000001,0.7179100000000009,0.717930000000001,661
2026-08-11T18:00:00+00:00,0.717930000000001,0.7179700000000009,0.7177500000000009,0.7178200000000009,921
2026-08-11T18:15:00+00:00,0.7178200000000009,0.7178200000000009,0.7174500000000009,0.7174600000000009,1183
2026-08-11T18:30:00+00:00,0.7174600000000009,0.7178000000000009,0.717420000000001,0.7176900000000009,1187
2026-08-11T18:45:00+00:00,0.7176900000000009,0.717930000000001,0.7176700000000009,0.717900000000001,1176
2026-08-11T19:00:00+00:00,0.717900000000001,0.7180600000000009,0.7178200000000009,0.7180100000000009,1197
2026-08-11T19:15:00+00:00,0.7180100000000009,0.718100000000001,0.7179100000000009,0.7180800000000009,814
2026-08-11T19:30:00+00:00,0.7180800000000009,0.7182100000000009,0.718030000000001,0.7181300000000009,771
2026-08-11T19:45:00+00:00,0.7181300000000009,0.7181800000000009,0.7180600000000009,0.7181300000000009,981
2026-08-11T20:00:00+00:00,0.7181300000000009,0.718270000000001,0.718100000000001,0.7181800000000009,501
2026-08-11T20:15:00+00:00,0.7181800000000009,0.7182100000000009,0.7181400000000009,0.718150000000001,242
2026-08-11T20:30:00+00:00,0.718150000000001,0.718200000000001,0.7180600000000009,0.7180800000000009,230
2026-08-11T20:45:00+00:00,0.7180800000000009,0.7182400000000009,0.7180600000000009,0.7180600000000009,440
2026-08-11T21:00:00+00:00,0.7180600000000009,0.7180600000000009,0.717530000000001,0.717610000000001,110.28891517607003
2026-08-11T21:15:00+00:00,0.717610000000001,0.717960000000001,0.7173700000000011,0.717960000000001,580
2026-08-11T21:30:00+00:00,0.717960000000001,0.718120000000001,0.717750000000001,0.717780000000001,277
2026-08-11T21:45:00+00:00,0.717780000000001,0.7178100000000011,0.717720000000001,0.717790000000001,279
2026-08-11T22:00:00+00:00,0.717790000000001,0.718250000000001,0.717790000000001,0.718170000000001,544
2026-08-11T22:15:00+00:00,0.718170000000001,0.7183200000000011,0.718170000000001,0.7183200000000011,220
2026-08-11T22:30:00+00:00,0.7183200000000011,0.7184100000000011,0.7182600000000011,0.7182700000000011,375.2005303957568
2026-08-11T22:45:00+00:00,0.7182700000000011,0.7184100000000011,0.7182700000000011,0.7183700000000011,201.9496967534784
2026-08-11T23:00:00+00:00,0.7183700000000011,0.718450000000001,0.7182600000000011,0.718400000000001,343
2026-08-11T23:15:00+00:00,0.718400000000001,0.7184600000000011,0.7183700000000011,0.7183700000000011,221
2026-08-11T23:30:00+00:00,0.7183700000000011,0.718430000000001,0.718330000000001,0.718380000000001,172
2026-08-11T23:45:00+00:00,0.718380000000001,0.718450000000001,0.7182700000000011,0.7183600000000011,464
2026-08-12T00:00:00+00:00,0.7183600000000011,0.7186100000000011,0.7183100000000011,0.718520000000001,1454
2026-08-12T00:15:00+00:00,0.718520000000001,0.7188300000000011,0.7184400000000011,0.7187000000000011,1173
2026-08-12T00:30:00+00:00,0.7187000000000011,0.7188700000000011,0.7186400000000011,0.718670000000001,1003
2026-08-12T00:45:00+00:00,0.718670000000001,0.7186800000000011,0.718300000000001,0.7184600000000011,1212
2026-08-12T01:00:00+00:00,0.7184600000000011,0.7184800000000011,0.7181900000000011,0.718300000000001,1375
2026-08-12T01:15:00+00:00,0.718300000000001,0.7184100000000011,0.7180700000000011,0.7181500000000011,1170
2026-08-12T01:30:00+00:00,0.7181500000000011,0.718250000000001,0.7180900000000011,0.7182400000000011,1104
2026-08-12T01:45:00+00:00,0.7182400000000011,0.718250000000001,0.7177100000000011,0.7178800000000011,1142
2026-08-12T02:00:00+00:00,0.7178800000000011,0.717890000000001,0.7175400000000011,0.7176300000000011,1202
2026-08-12T02:15:00+00:00,0.7176300000000011,0.7177300000000011,0.717430000000001,0.7177000000000011,1133
2026-08-12T02:30:00+00:00,0.7177000000000011,0.7179300000000011,0.717640000000001,0.717890000000001,1234
2026-08-12T02:45:00+00:00,0.717890000000001,0.717940000000001,0.7176800000000011,0.717820000000001,869
2026-08-12T03:00:00+00:00,0.717820000000001,0.717940000000001,0.7177100000000011,0.7179000000000011,710
2026-08-12T03:15:00+00:00,0.7179000000000011,0.7179000000000011,0.717740000000001,0.7178000000000011,614
2026-08-12T03:30:00+00:00,0.7178000000000011,0.7179200000000011,0.7176300000000011,0.7176600000000011,829
2026-08-12T03:45:00+00:00,0.7176600000000011,0.717740000000001,0.7175100000000011,0.717690000000001,906
2026-08-12T04:00:00+00:00,0.717690000000001,0.7177500000000011,0.717620000000001,0.717640000000001,642
2026-08-12T04:15:00+00:00,0.717640000000001,0.7177000000000011,0.717520000000001,0.717620000000001,791
2026-08-12T04:30:00+00:00,0.717620000000001,0.717720000000001,0.7175300000000011,0.7176300000000011,720
2026-08-12T04:45:00+00:00,0.7176300000000011,0.717670000000001,0.717550000000001,0.7176300000000011,862
2026-08-12T05:00:00+00:00,0.7176300000000011,0.717640000000001,0.717470000000001,0.717470000000001,688
2026-08-12T05:15:00+00:00,0.717470000000001,0.717550000000001,0.7174100000000011,0.717520000000001,688
2026-08-12T05:30:00+00:00,0.717520000000001,0.7177500000000011,0.7174900000000011,0.7177000000000011,1027
2026-08-12T05:45:00+00:00,0.7177000000000011,0.7180000000000011,0.717620000000001,0.7179700000000011,692
2026-08-12T06:00:00+00:00,0.7179700000000011,0.7181000000000011,0.7178100000000011,0.7178700000000011,1126
2026-08-12T06:15:00+00:00,0.7178700000000011,0.717890000000001,0.717650000000001,0.7177100000000011,1423
2026-08-12T06:30:00+00:00,0.7177100000000011,0.7179300000000011,0.7175800000000011,0.7177600000000011,1388
2026-08-12T06:45:00+00:00,0.7177600000000011,0.7180000000000011,0.7176800000000011,0.717990000000001,1288
2026-08-12T07:00:00+00:00,0.717990000000001,0.718210000000001,0.7179500000000011,0.718160000000001,1301
2026-08-12T07:15:00+00:00,0.718160000000001,0.7182400000000011,0.7179300000000011,0.7180300000000011,964
2026-08-12T07:30:00+00:00,0.7180300000000011,0.7180500000000011,0.7176600000000011,0.717840000000001,1215
2026-08-12T07:45:00+00:00,0.717840000000001,0.7178800000000011,0.7176600000000011,0.717770000000001,1110
2026-08-12T08:00:00+00:00,0.717770000000001,0.717840000000001,0.7176100000000011,0.717790000000001,1117
2026-08-12T08:15:00+00:00,0.717790000000001,0.717960000000001,0.717720000000001,0.717860000000001,1088
2026-08-12T08:30:00+00:00,0.717860000000001,0.7178700000000011,0.7177300000000011,0.7178100000000011,861
2026-08-12T08:45:00+00:00,0.7178100000000011,0.7180300000000011,0.717790000000001,0.7179500000000011,922
2026-08-12T09:00:00+00:00,0.7179500000000011,0.718350000000001,0.7179500000000011,0.7183400000000011,1039
2026-08-12T09:15:00+00:00,0.7183400000000011,0.719180000000001,0.7183200000000011,0.7185300000000011,3113
2026-08-12T09:30:00+00:00,0.7185300000000011,0.7187500000000011,0.7184200000000011,0.7185100000000011,1976
2026-08-12T09:45:00+00:00,0.7185100000000011,0.7187600000000011,0.7182700000000011,0.718450000000001,2166
2026-08-12T10:00:00+00:00,0.718450000000001,0.718860000000001,0.7183900000000011,0.7187600000000011,1560
2026-08-12T10:15:00+00:00,0.7187600000000011,0.7189300000000011,0.7186800000000011,0.7187600000000011,1039
2026-08-12T10:30:00+00:00,0.7187600000000011,0.7188000000000011,0.7185800000000011,0.7186600000000011,1140
2026-08-12T10:45:00+00:00,0.7186600000000011,0.718720000000001,0.7182000000000011,0.7185300000000011,2228
2026-08-12T11:00:00+00:00,0.7185300000000011,0.7186800000000011,0.7183900000000011,0.718400000000001,986
2026-08-12T11:15:00+00:00,0.718400000000001,0.7188500000000011,0.718380000000001,0.718790000000001,1127
2026-08-12T11:30:00+00:00,0.718790000000001,0.718990000000001,0.7187300000000011,0.7189500000000011,1083
2026-08-12T11:45:00+00:00,0.7189500000000011,0.7191700000000011,0.718940000000001,0.7190500000000011,980
2026-08-12T12:00:00+00:00,0.7190500000000011,0.7191700000000011,0.7189300000000011,0.7191000000000011,1431
2026-08-12T12:15:00+00:00,0.7191000000000011,0.7196300000000011,0.7189700000000011,0.7196300000000011,1620
2026-08-12T12:30:00+00:00,0.7196300000000011,0.720890000000001,0.7179300000000011,0.7207000000000011,10374
2026-08-12T12:45:00+00:00,0.7207000000000011,0.7208300000000011,0.7200700000000011,0.720790000000001,4834
2026-08-12T13:00:00+00:00,0.720790000000001,0.7211200000000011,0.7202200000000011,0.7202500000000011,4964
2026-08-12T13:15:00+00:00,0.7202500000000011,0.720520000000001,0.719960000000001,0.720350000000001,3596
2026-08-12T13:30:00+00:00,0.720350000000001,0.7207300000000011,0.7199700000000011,0.720160000000001,4224
2026-08-12T13:45:00+00:00,0.720160000000001,0.7207300000000011,0.720040000000001,0.720450000000001,3569
2026-08-12T14:00:00+00:00,0.720450000000001,0.7206600000000011,0.7203100000000011,0.7204100000000011,2744
2026-08-12T14:15:00+00:00,0.7204100000000011,0.7207000000000011,0.7202000000000011,0.7202500000000011,2755
2026-08-12T14:30:00+00:00,0.7202500000000011,0.720450000000001,0.719520000000001,0.7196400000000011,4304
2026-08-12T14:45:00+00:00,0.7196400000000011,0.7198300000000011,0.7189700000000011,0.719260000000001,3360
2026-08-12T15:00:00+00:00,0.719260000000001,0.719500000000001,0.7187800000000011,0.7194600000000011,2660
2026-08-12T15:15:00+00:00,0.7194600000000011,0.719600000000001,0.719230000000001,0.719260000000001,1957
2026-08-12T15:30:00+00:00,0.719260000000001,0.719330000000001,0.718690000000001,0.7187800000000011,1773
2026-08-12T15:45:00+00:00,0.7187800000000011,0.718990000000001,0.718650000000001,0.7189300000000011,1776
2026-08-12T16:00:00+00:00,0.7189300000000011,0.719130000000001,0.7186300000000011,0.7188000000000011,1573
2026-08-12T16:15:00+00:00,0.7188000000000011,0.7188100000000011,0.7185400000000011,0.7185600000000011,1490
2026-08-12T16:30:00+00:00,0.7185600000000011,0.7185800000000011,0.7183400000000011,0.7185100000000011,1512
2026-08-12T16:45:00+00:00,0.7185100000000011,0.7185600000000011,0.718130000000001,0.718330000000001,1365
2026-08-12T17:00:00+00:00,0.718330000000001,0.718550000000001,0.718300000000001,0.718380000000001,1627
2026-08-12T17:15:00+00:00,0.718380000000001,0.718450000000001,0.718280000000001,0.7183400000000011,1144
2026-08-12T17:30:00+00:00,0.7183400000000011,0.718430000000001,0.7181200000000011,0.718130000000001,1155
2026-08-12T17:45:00+00:00,0.718130000000001,0.718300000000001,0.718110000000001,0.7181500000000011,1318
2026-08-12T18:00:00+00:00,0.7181500000000011,0.7184200000000011,0.7180900000000011,0.718350000000001,1265
2026-08-12T18:15:00+00:00,0.718350000000001,0.7184800000000011,0.7182700000000011,0.718350000000001,987
2026-08-12T18:30:00+00:00,0.718350000000001,0.7184400000000011,0.718250000000001,0.718300000000001,613
2026-08-12T18:45:00+00:00,0.718300000000001,0.718400000000001,0.7180700000000011,0.7181500000000011,890
2026-08-12T19:00:00+00:00,0.7181500000000011,0.7182900000000011,0.7181000000000011,0.7182600000000011,1034
2026-08-12T19:15:00+00:00,0.7182600000000011,0.7183400000000011,0.718180000000001,0.7182600000000011,824
2026-08-12T19:30:00+00:00,0.7182600000000011,0.718280000000001,0.718080000000001,0.7181200000000011,736
2026-08-12T19:45:00+00:00,0.7181200000000011,0.7183600000000011,0.7180200000000011,0.718350000000001,1248
2026-08-12T20:00:00+00:00,0.718350000000001,0.718380000000001,0.718130000000001,0.718130000000001,668
2026-08-12T20:15:00+00:00,0.718130000000001,0.7181500000000011,0.7180700000000011,0.718130000000001,373
2026-08-12T20:30:00+00:00,0.718130000000001,0.7182400000000011,0.718110000000001,0.7182200000000011,282
2026-08-12T20:45:00+00:00,0.7182200000000011,0.718350000000001,0.718160000000001,0.718160000000001,788
2026-08-12T21:00:00+00:00,0.718160000000001,0.718160000000001,0.7176000000000011,0.717790000000001,134.38879542974001
2026-08-12T21:15:00+00:00,0.717790000000001,0.717860000000001,0.717650000000001,0.717780000000001,344.0922894019666
2026-08-12T21:30:00+00:00,0.717780000000001,0.7178600000000009,0.717710000000001,0.7178400000000009,286.9629098385037
2026-08-12T21:45:00+00:00,0.7178400000000009,0.7179500000000009,0.7176500000000009,0.7177900000000009,569.6457905544148
2026-08-12T22:00:00+00:00,0.7177900000000009,0.7182600000000009,0.7177900000000009,0.7182300000000009,423
2026-08-12T22:15:00+00:00,0.7182300000000009,0.7182800000000009,0.7181500000000008,0.7182600000000009,265
2026-08-12T22:30:00+00:00,0.7182600000000009,0.7183500000000009,0.718200000000001,0.7182700000000009,344.48576329331047
2026-08-12T22:45:00+00:00,0.7182700000000009,0.7183600000000009,0.7182500000000009,0.7183400000000009,276.44316546762593
2026-08-12T23:00:00+00:00,0.7183400000000009,0.7184100000000009,0.7183300000000009,0.7183500000000009,319
2026-08-12T23:15:00+00:00,0.7183500000000009,0.7184500000000008,0.7183500000000009,0.7184000000000008,435.5172692769644
2026-08-12T23:30:00+00:00,0.7184000000000008,0.7184500000000008,0.7183700000000007,0.7184400000000007,358.6280744429403
2026-08-12T23:45:00+00:00,0.7184400000000007,0.7184900000000007,0.7183200000000007,0.7184500000000008,646
2026-08-13T00:00:00+00:00,0.7184500000000008,0.7187700000000008,0.7183300000000008,0.7185800000000008,1563
2026-08-13T00:15:00+00:00,0.7185800000000008,0.7187400000000007,0.7183900000000008,0.7184300000000008,1314
2026-08-13T00:30:00+00:00,0.7184300000000008,0.7185500000000008,0.7183300000000008,0.7184500000000008,1442
2026-08-13T00:45:00+00:00,0.7184500000000008,0.7184500000000008,0.7180200000000008,0.7182200000000007,1620
2026-08-13T01:00:00+00:00,0.7182200000000007,0.7182800000000008,0.7180200000000008,0.7181100000000008,1934
2026-08-13T01:15:00+00:00,0.7181100000000008,0.7182000000000007,0.7178400000000008,0.7179500000000008,1070
2026-08-13T01:30:00+00:00,0.7179500000000008,0.7182400000000008,0.7179400000000008,0.7179500000000008,1392
2026-08-13T01:45:00+00:00,0.7179500000000008,0.7180300000000007,0.7176600000000007,0.7177300000000008,1499
2026-08-13T02:00:00+00:00,0.7177300000000008,0.7177600000000007,0.7174400000000007,0.7174900000000007,1200
2026-08-13T02:15:00+00:00,0.7174900000000007,0.7176200000000008,0.7174100000000008,0.7174400000000007,1185
2026-08-13T02:30:00+00:00,0.7174400000000007,0.7175100000000008,0.7171300000000007,0.7173600000000008,1592
2026-08-13T02:45:00+00:00,0.7173600000000008,0.7174600000000008,0.7172900000000008,0.7173700000000007,775
2026-08-13T03:00:00+00:00,0.7173700000000007,0.7174500000000008,0.7168000000000008,0.7169600000000008,1874
2026-08-13T03:15:00+00:00,0.7169600000000008,0.7170300000000007,0.7167800000000007,0.7169400000000008,1197
2026-08-13T03:30:00+00:00,0.7169400000000008,0.7171000000000007,0.7169400000000008,0.7170000000000007,870
2026-08-13T03:45:00+00:00,0.7170000000000007,0.7171300000000007,0.7168700000000008,0.7168900000000008,855
2026-08-13T04:00:00+00:00,0.7168900000000008,0.7170100000000008,0.7167500000000008,0.7167700000000008,899
2026-08-13T04:15:00+00:00,0.7167700000000008,0.7168600000000007,0.7165900000000007,0.7168500000000008,913
2026-08-13T04:30:00+00:00,0.7168500000000008,0.7168500000000008,0.7167100000000007,0.7167400000000008,687
2026-08-13T04:45:00+00:00,0.7167400000000008,0.7171300000000007,0.7167400000000008,0.7170200000000008,1522
2026-08-13T05:00:00+00:00,0.7170200000000008,0.7172600000000008,0.7169700000000008,0.7172300000000008,1079
2026-08-13T05:15:00+00:00,0.7172300000000008,0.7173000000000007,0.7170800000000007,0.7170900000000008,897
2026-08-13T05:30:00+00:00,0.7170900000000008,0.7171200000000008,0.7167400000000008,0.7167900000000008,1242
2026-08-13T05:45:00+00:00,0.7167900000000008,0.7171200000000008,0.7167500000000008,0.7170400000000008,1064
2026-08-13T06:00:00+00:00,0.7170400000000008,0.7172400000000008,0.7169800000000007,0.7170600000000008,1391
2026-08-13T06:15:00+00:00,0.7170600000000008,0.7171900000000008,0.7168900000000008,0.7169700000000008,1447
2026-08-13T06:30:00+00:00,0.7169700000000008,0.7169700000000008,0.7164600000000008,0.7167400000000008,1886
2026-08-13T06:45:00+00:00,0.7167400000000008,0.7170600000000008,0.7166600000000007,0.7169700000000008,1261
2026-08-13T07:00:00+00:00,0.7169700000000008,0.7171500000000007,0.7167000000000008,0.7168500000000008,1787
2026-08-13T07:15:00+00:00,0.7168500000000008,0.7171100000000008,0.7167400000000008,0.7170400000000008,1186
2026-08-13T07:30:00+00:00,0.7170400000000008,0.7170800000000007,0.7167900000000008,0.7170800000000007,1333
2026-08-13T07:45:00+00:00,0.7170800000000007,0.7171000000000007,0.7168800000000007,0.7169600000000008,1425
2026-08-13T08:00:00+00:00,0.7169600000000008,0.7170500000000007,0.7167300000000008,0.7168000000000008,1713
2026-08-13T08:15:00+00:00,0.7168000000000008,0.7168800000000007,0.7167200000000008,0.7168300000000007,1079
2026-08-13T08:30:00+00:00,0.7168300000000007,0.7170200000000008,0.7168200000000008,0.7169500000000008,1069
2026-08-13T08:45:00+00:00,0.7169500000000008,0.7170300000000007,0.7168500000000008,0.7169000000000008,893
2026-08-13T09:00:00+00:00,0.7169000000000008,0.7170600000000008,0.7167500000000008,0.7170400000000008,1239
2026-08-13T09:15:00+00:00,0.7170400000000008,0.7173700000000007,0.7169900000000008,0.7173400000000008,1106
2026-08-13T09:30:00+00:00,0.7173400000000008,0.7174800000000008,0.7172700000000007,0.7174800000000008,812
2026-08-13T09:45:00+00:00,0.7174800000000008,0.7179100000000007,0.7174400000000007,0.7178700000000008,1203
2026-08-13T10:00:00+00:00,0.7178700000000008,0.7178800000000007,0.7176700000000008,0.7177100000000007,1186
2026-08-13T10:15:00+00:00,0.7177100000000007,0.7178600000000007,0.7175900000000007,0.7176500000000008,1349
2026-08-13T10:30:00+00:00,0.7176500000000008,0.7177500000000008,0.7175800000000008,0.7175900000000007,952
2026-08-13T10:45:00+00:00,0.7175900000000007,0.7176300000000008,0.7174400000000007,0.7175500000000008,1144
2026-08-13T11:00:00+00:00,0.7175500000000008,0.7176600000000007,0.7173100000000008,0.7176300000000008,1092
2026-08-13T11:15:00+00:00,0.7176300000000008,0.7176500000000008,0.7174600000000008,0.7174700000000007,1084
2026-08-13T11:30:00+00:00,0.7174700000000007,0.7175500000000008,0.7173800000000008,0.7174900000000007,859
2026-08-13T11:45:00+00:00,0.7174900000000007,0.7175700000000008,0.7173200000000007,0.7173700000000007,1134
2026-08-13T12:00:00+00:00,0.7173700000000007,0.7173800000000008,0.7171200000000008,0.7171700000000008,1357
2026-08-13T12:15:00+00:00,0.7171700000000008,0.7172100000000008,0.7169500000000008,0.7172100000000008,1416
2026-08-13T12:30:00+00:00,0.7172100000000008,0.7179500000000008,0.7167300000000008,0.7177500000000008,4003
2026-08-13T12:45:00+00:00,0.7177500000000008,0.7185900000000007,0.7177300000000008,0.7185800000000008,2901
2026-08-13T13:00:00+00:00,0.7185800000000008,0.7186800000000008,0.7182800000000008,0.7185600000000008,3139
2026-08-13T13:15:00+00:00,0.7185600000000008,0.7186400000000007,0.7180200000000008,0.7180200000000008,2393
2026-08-13T13:30:00+00:00,0.7180200000000008,0.7181700000000008,0.7176900000000007,0.7180400000000008,2860
2026-08-13T13:45:00+00:00,0.7180400000000008,0.7182100000000008,0.7177600000000007,0.7177800000000008,3057
2026-08-13T14:00:00+00:00,0.7177800000000008,0.7184900000000007,0.7177800000000008,0.7184600000000008,3776
2026-08-13T14:15:00+00:00,0.7184600000000008,0.7187500000000008,0.7182900000000008,0.7183800000000008,2981
2026-08-13T14:30:00+00:00,0.7183800000000008,0.7186500000000008,0.7181400000000008,0.7185800000000008,2388
2026-08-13T14:45:00+00:00,0.7185800000000008,0.7188100000000007,0.7184000000000008,0.7185500000000008,2015
2026-08-13T15:00:00+00:00,0.7185500000000008,0.7187300000000008,0.7180900000000008,0.7181200000000008,2662
2026-08-13T15:15:00+00:00,0.7181200000000008,0.7182800000000008,0.7176800000000008,0.7177900000000008,2772
2026-08-13T15:30:00+00:00,0.7177900000000008,0.7180900000000008,0.7176500000000008,0.7179200000000008,2484
2026-08-13T15:45:00+00:00,0.7179200000000008,0.7180100000000008,0.7177200000000008,0.7178000000000008,1636
2026-08-13T16:00:00+00:00,0.7178000000000008,0.7179500000000008,0.7175300000000008,0.7176000000000008,1546
2026-08-13T16:15:00+00:00,0.7176000000000008,0.7176900000000007,0.7174300000000008,0.7176400000000007,1683
2026-08-13T16:30:00+00:00,0.7176400000000007,0.7179600000000008,0.7176400000000007,0.7179000000000008,1350
2026-08-13T16:45:00+00:00,0.7179000000000008,0.7181200000000008,0.7178800000000007,0.7180400000000008,1289
2026-08-13T17:00:00+00:00,0.7180400000000008,0.7182300000000008,0.7179200000000008,0.7179900000000008,1421
2026-08-13T17:15:00+00:00,0.7179900000000008,0.7181000000000007,0.7177700000000008,0.7177900000000008,1285
2026-08-13T17:30:00+00:00,0.7177900000000008,0.7179600000000008,0.7177200000000008,0.7179300000000007,1140
2026-08-13T17:45:00+00:00,0.7179300000000007,0.7180000000000007,0.7177200000000008,0.7177400000000007,1183
2026-08-13T18:00:00+00:00,0.7177400000000007,0.7179900000000008,0.7175700000000008,0.7179100000000007,1309
2026-08-13T18:15:00+00:00,0.7179100000000007,0.7179200000000008,0.7177600000000007,0.7178300000000007,1078
2026-08-13T18:30:00+00:00,0.7178300000000007,0.7179600000000008,0.7176900000000007,0.7178800000000007,972
2026-08-13T18:45:00+00:00,0.7178800000000007,0.7179400000000008,0.7177800000000008,0.7178300000000007,972
2026-08-13T19:00:00+00:00,0.7178300000000007,0.7180400000000008,0.7177700000000008,0.7179800000000007,1118
2026-08-13T19:15:00+00:00,0.7179800000000007,0.7181500000000007,0.7179400000000008,0.7181100000000008,946
2026-08-13T19:30:00+00:00,0.7181100000000008,0.7181300000000007,0.7179200000000008,0.7179200000000008,865
2026-08-13T19:45:00+00:00,0.7179200000000008,0.7181000000000007,0.7178600000000007,0.7180700000000008,1045
2026-08-13T20:00:00+00:00,0.7180700000000008,0.7181400000000008,0.7179200000000008,0.7179700000000008,568
2026-08-13T20:15:00+00:00,0.7179700000000008,0.7180700000000008,0.7179100000000007,0.7180100000000008,354
2026-08-13T20:30:00+00:00,0.7180100000000008,0.7180700000000008,0.7179400000000008,0.7180200000000008,241
2026-08-13T20:45:00+00:00,0.7180200000000008,0.7181000000000007,0.7180000000000007,0.7180100000000008,445
2026-08-13T21:00:00+00:00,0.7180100000000008,0.7180100000000008,0.7173800000000008,0.7174300000000008,308.4267292463546
2026-08-13T21:15:00+00:00,0.7174300000000008,0.7178200000000008,0.7172800000000008,0.7178100000000007,321
2026-08-13T21:30:00+00:00,0.7178100000000007,0.7179400000000008,0.7177000000000008,0.7178900000000008,2004
2026-08-13T21:45:00+00:00,0.7178900000000008,0.7178900000000008,0.7175600000000008,0.7175900000000007,347
2026-08-13T22:00:00+00:00,0.7175900000000007,0.7182000000000007,0.7175900000000007,0.7180400000000008,460
2026-08-13T22:15:00+00:00,0.7180400000000008,0.7181900000000008,0.7179800000000007,0.7181800000000008,246.31601731601734
2026-08-13T22:30:00+00:00,0.7181800000000008,0.7182300000000008,0.7181100000000008,0.7182200000000009,316
2026-08-13T22:45:00+00:00,0.7182200000000009,0.7183200000000008,0.7182200000000009,0.7182700000000009,141
2026-08-13T23:00:00+00:00,0.7182700000000009,0.7184400000000009,0.7182600000000008,0.7183400000000009,582
2026-08-13T23:15:00+00:00,0.7183400000000009,0.7183600000000008,0.7182400000000008,0.7182900000000008,367
2026-08-13T23:30:00+00:00,0.7182900000000008,0.7183700000000008,0.7182400000000008,0.7182900000000008,391
2026-08-13T23:45:00+00:00,0.7182900000000008,0.7184800000000008,0.7182800000000008,0.7184100000000008,578
2026-08-14T00:00:00+00:00,0.7184100000000008,0.7187100000000008,0.7183900000000009,0.7184500000000008,1581
2026-08-14T00:15:00+00:00,0.7184500000000008,0.7186800000000008,0.7183900000000009,0.7185600000000009,1081
2026-08-14T00:30:00+00:00,0.7185600000000009,0.7185600000000009,0.7182100000000008,0.7182700000000009,910
2026-08-14T00:45:00+00:00,0.7182700000000009,0.7183700000000008,0.7180700000000008,0.7182300000000008,1567
2026-08-14T01:00:00+00:00,0.7182300000000008,0.7182600000000008,0.7176800000000008,0.7177700000000008,1822
2026-08-14T01:15:00+00:00,0.7177700000000008,0.7181600000000008,0.7177700000000008,0.7180600000000008,1648
2026-08-14T01:30:00+00:00,0.7180600000000008,0.7180600000000008,0.7178500000000008,0.7179700000000008,1295
2026-08-14T01:45:00+00:00,0.7179700000000008,0.7181100000000008,0.7177600000000008,0.7177700000000008,1200
2026-08-14T02:00:00+00:00,0.7177700000000008,0.7180000000000009,0.7177100000000008,0.7179000000000008,1175
2026-08-14T02:15:00+00:00,0.7179000000000008,0.7179600000000008,0.7177400000000008,0.7177500000000008,977
2026-08-14T02:30:00+00:00,0.7177500000000008,0.7180800000000008,0.7177000000000008,0.7180200000000008,1222
2026-08-14T02:45:00+00:00,0.7180200000000008,0.7180400000000008,0.7176200000000008,0.7177200000000008,1066
2026-08-14T03:00:00+00:00,0.7177200000000008,0.7179200000000008,0.7176400000000008,0.7179000000000008,1060
2026-08-14T03:15:00+00:00,0.7179000000000008,0.7182200000000009,0.7178000000000008,0.7182100000000008,940
2026-08-14T03:30:00+00:00,0.7182100000000008,0.7182600000000008,0.7180600000000008,0.7182100000000008,1045
2026-08-14T03:45:00+00:00,0.7182100000000008,0.7182600000000008,0.7180400000000008,0.7181900000000008,869
2026-08-14T04:00:00+00:00,0.7181900000000008,0.7184200000000008,0.7181400000000008,0.7182600000000008,1014
2026-08-14T04:15:00+00:00,0.7182600000000008,0.7183500000000008,0.7182000000000008,0.7183000000000008,562
2026-08-14T04:30:00+00:00,0.7183000000000008,0.7184100000000008,0.7182500000000008,0.7182600000000008,717
2026-08-14T04:45:00+00:00,0.7182600000000008,0.7183500000000008,0.7182500000000008,0.7183200000000008,580
2026-08-14T05:00:00+00:00,0.7183200000000008,0.7183900000000009,0.7182600000000008,0.7183200000000008,717
2026-08-14T05:15:00+00:00,0.7183200000000008,0.7185400000000008,0.7182700000000009,0.7185200000000008,644
2026-08-14T05:30:00+00:00,0.7185200000000008,0.7186700000000008,0.7184200000000008,0.7185600000000009,1291
2026-08-14T05:45:00+00:00,0.7185600000000009,0.7188600000000008,0.7185500000000008,0.7188600000000008,1046
2026-08-14T06:00:00+00:00,0.7188600000000008,0.7189200000000008,0.7186500000000008,0.7186900000000008,1067
2026-08-14T06:15:00+00:00,0.7186900000000008,0.7187800000000009,0.7183800000000008,0.7185500000000008,1286
2026-08-14T06:30:00+00:00,0.7185500000000008,0.7188000000000008,0.7185400000000008,0.7187500000000008,1315
2026-08-14T06:45:00+00:00,0.7187500000000008,0.7189500000000009,0.7187500000000008,0.7189100000000008,1051
2026-08-14T07:00:00+00:00,0.7189100000000008,0.7190200000000008,0.7188000000000008,0.7189500000000009,1363
2026-08-14T07:15:00+00:00,0.7189500000000009,0.7191000000000008,0.7187900000000008,0.7188000000000008,956
2026-08-14T07:30:00+00:00,0.7188000000000008,0.7192600000000008,0.7187900000000008,0.7191600000000008,1018
2026-08-14T07:45:00+00:00,0.7191600000000008,0.7194100000000008,0.7191600000000008,0.7193000000000008,1140
2026-08-14T08:00:00+00:00,0.7193000000000008,0.7195000000000008,0.7192400000000008,0.7193200000000008,1261
2026-08-14T08:15:00+00:00,0.7193200000000008,0.7193600000000008,0.7189900000000008,0.7191800000000008,1306
2026-08-14T08:30:00+00:00,0.7191800000000008,0.7195900000000008,0.7191400000000008,0.7193200000000008,1172
2026-08-14T08:45:00+00:00,0.7193200000000008,0.7194600000000008,0.7192000000000008,0.7193600000000008,1287
2026-08-14T09:00:00+00:00,0.7193600000000008,0.7195100000000008,0.7193100000000008,0.7195100000000008,1034
2026-08-14T09:15:00+00:00,0.7195100000000008,0.7196100000000009,0.7194000000000008,0.7195500000000008,1001
2026-08-14T09:30:00+00:00,0.7195500000000008,0.7195700000000008,0.7192800000000008,0.7194300000000008,966
2026-08-14T09:45:00+00:00,0.7194300000000008,0.7196000000000008,0.7194100000000008,0.7196000000000008,938
2026-08-14T10:00:00+00:00,0.7196000000000008,0.7198600000000008,0.7195100000000008,0.7197000000000008,970
2026-08-14T10:15:00+00:00,0.7197000000000008,0.7197200000000008,0.7195100000000008,0.7196400000000008,778
2026-08-14T10:30:00+00:00,0.7196400000000008,0.7196700000000008,0.7195300000000008,0.7195500000000008,802
2026-08-14T10:45:00+00:00,0.7195500000000008,0.7197000000000008,0.7195300000000008,0.7196500000000008,582
2026-08-14T11:00:00+00:00,0.7196500000000008,0.7198000000000008,0.7196400000000008,0.7198000000000008,924
2026-08-14T11:15:00+00:00,0.7198000000000008,0.7201800000000008,0.7197900000000008,0.7201300000000008,1179
2026-08-14T11:30:00+00:00,0.7201300000000008,0.7204600000000008,0.7200400000000008,0.7203200000000008,1372
2026-08-14T11:45:00+00:00,0.7203200000000008,0.7203300000000008,0.7200800000000008,0.7201800000000008,1247
2026-08-14T12:00:00+00:00,0.7201800000000008,0.7205100000000008,0.7198100000000008,0.7199900000000008,1754
2026-08-14T12:15:00+00:00,0.7199900000000008,0.7206600000000009,0.7199900000000008,0.7206300000000008,1294
2026-08-14T12:30:00+00:00,0.7206300000000008,0.7210500000000009,0.7199700000000008,0.7199700000000008,2573
2026-08-14T12:45:00+00:00,0.7199700000000008,0.7203700000000008,0.7199500000000008,0.7201600000000008,1996
2026-08-14T13:00:00+00:00,0.7201600000000008,0.7202200000000009,0.7199500000000008,0.7199700000000008,1896
2026-08-14T13:15:00+00:00,0.7199700000000008,0.7205700000000008,0.7199500000000008,0.7204600000000008,1828
2026-08-14T13:30:00+00:00,0.7204600000000008,0.7211900000000008,0.7202600000000008,0.7211800000000008,2981
2026-08-14T13:45:00+00:00,0.7211800000000008,0.7213800000000008,0.7207900000000008,0.7211600000000008,2273
2026-08-14T14:00:00+00:00,0.7211600000000008,0.7213600000000008,0.7209900000000008,0.7210400000000008,2387
2026-08-14T14:15:00+00:00,0.7210400000000008,0.7213400000000008,0.7208800000000009,0.7212400000000008,2095
2026-08-14T14:30:00+00:00,0.7212400000000008,0.7213000000000008,0.7206700000000008,0.7209300000000008,2471
2026-08-14T14:45:00+00:00,0.7209300000000008,0.7213100000000008,0.7206400000000008,0.7212200000000009,2711
2026-08-14T15:00:00+00:00,0.7212200000000009,0.7216700000000008,0.7211300000000008,0.7213400000000008,2255
2026-08-14T15:15:00+00:00,0.7213400000000008,0.7214300000000008,0.7209500000000008,0.7211900000000008,1665
2026-08-14T15:30:00+00:00,0.7211900000000008,0.7213500000000008,0.7209500000000008,0.7210900000000008,1663
2026-08-14T15:45:00+00:00,0.7210900000000008,0.7213800000000008,0.7210600000000008,0.7210900000000008,1653
2026-08-14T16:00:00+00:00,0.7210900000000008,0.7212700000000009,0.7208800000000009,0.7208900000000008,1778
2026-08-14T16:15:00+00:00,0.7208900000000008,0.7210700000000008,0.7207800000000009,0.7208000000000008,1264
2026-08-14T16:30:00+00:00,0.7208000000000008,0.7210500000000009,0.7206000000000008,0.7206200000000008,1184
2026-08-14T16:45:00+00:00,0.7206200000000008,0.7206600000000009,0.7204000000000008,0.7204600000000008,881
2026-08-14T17:00:00+00:00,0.7204600000000008,0.7204800000000008,0.7201400000000008,0.7202100000000008,977
2026-08-14T17:15:00+00:00,0.7202100000000008,0.7203300000000008,0.7200900000000008,0.7202500000000008,775
2026-08-14T17:30:00+00:00,0.7202500000000008,0.7202600000000008,0.7200100000000008,0.7200100000000008,670
2026-08-14T17:45:00+00:00,0.7200100000000008,0.7201700000000009,0.7199900000000008,0.7201600000000008,677
2026-08-14T18:00:00+00:00,0.7201600000000008,0.7201600000000008,0.7199600000000008,0.7199800000000008,631
2026-08-14T18:15:00+00:00,0.7199800000000008,0.7202200000000009,0.7199600000000008,0.7202100000000008,610
2026-08-14T18:30:00+00:00,0.7202100000000008,0.7202600000000008,0.7200900000000008,0.7202000000000008,490
2026-08-14T18:45:00+00:00,0.7202000000000008,0.7203500000000008,0.7201100000000008,0.7202600000000008,621
2026-08-14T19:00:00+00:00,0.7202600000000008,0.7204500000000008,0.7201900000000008,0.7203400000000008,605
2026-08-14T19:15:00+00:00,0.7203400000000008,0.7204900000000009,0.7202200000000009,0.7204400000000009,492
2026-08-14T19:30:00+00:00,0.7204400000000009,0.7204900000000009,0.7202700000000009,0.7203600000000008,523
2026-08-14T19:45:00+00:00,0.7203600000000008,0.7205000000000008,0.7203500000000008,0.7204900000000009,599
2026-08-14T20:00:00+00:00,0.7204900000000009,0.7205100000000008,0.7203300000000008,0.7204500000000008,402
2026-08-14T20:15:00+00:00,0.7204500000000008,0.7204700000000008,0.7204100000000008,0.7204200000000008,232
2026-08-14T20:30:00+00:00,0.7204200000000008,0.7204400000000009,0.7202800000000008,0.7203300000000008,398
2026-08-14T20:45:00+00:00,0.7203300000000008,0.7205100000000008,0.7200600000000008,0.7203200000000008,642.241355177333
2026-08-16T21:00:00+00:00,0.7203200000000008,0.7204700000000008,0.7198200000000008,0.7200100000000008,89.08304657824398
2026-08-16T21:15:00+00:00,0.7200100000000008,0.7201400000000009,0.7196800000000011,0.7196800000000011,258.70723107608495
2026-08-16T21:30:00+00:00,0.7196800000000011,0.7197000000000011,0.7194300000000008,0.7194600000000009,206.919209067195
2026-08-16T21:45:00+00:00,0.7194600000000009,0.7197000000000009,0.7193100000000009,0.7193900000000009,428
2026-08-16T22:00:00+00:00,0.7193900000000009,0.7201400000000009,0.7193900000000009,0.7199900000000008,611
2026-08-16T22:15:00+00:00,0.7199900000000008,0.7201500000000008,0.7199500000000009,0.7201300000000008,287
2026-08-16T22:30:00+00:00,0.7201300000000008,0.7202800000000008,0.7201300000000008,0.7202500000000008,244
2026-08-16T22:45:00+00:00,0.7202500000000008,0.7204300000000008,0.7201800000000008,0.7204100000000009,206
2026-08-16T23:00:00+00:00,0.7204100000000009,0.7205100000000009,0.7203800000000008,0.7204200000000008,336
2026-08-16T23:15:00+00:00,0.7204200000000008,0.7204300000000009,0.7203500000000009,0.7203700000000008,262.28545996423384
2026-08-16T23:30:00+00:00,0.7203700000000008,0.7204200000000008,0.7202600000000009,0.7204000000000008,431.39691714836226
2026-08-16T23:45:00+00:00,0.7204000000000008,0.7204400000000009,0.7200600000000008,0.7201100000000008,638
2026-08-17T00:00:00+00:00,0.7201100000000008,0.7208200000000008,0.7201100000000008,0.7208200000000008,1400
2026-08-17T00:15:00+00:00,0.7208200000000008,0.7210300000000008,0.7207000000000009,0.7209700000000009,1231
2026-08-17T00:30:00+00:00,0.7209700000000009,0.7211600000000008,0.7208700000000008,0.7209200000000009,1294
2026-08-17T00:45:00+00:00,0.7209200000000009,0.7209200000000009,0.7206300000000009,0.7208300000000009,1679
2026-08-17T01:00:00+00:00,0.7208300000000009,0.7209200000000009,0.7204800000000008,0.7205900000000008,1659
2026-08-17T01:15:00+00:00,0.7205900000000008,0.7211100000000008,0.7205700000000008,0.7209800000000008,1548
2026-08-17T01:30:00+00:00,0.7209800000000008,0.7211800000000008,0.7207200000000008,0.7211800000000008,1651
2026-08-17T01:45:00+00:00,0.7211800000000008,0.7214000000000008,0.7211400000000009,0.7212500000000008,1183
2026-08-17T02:00:00+00:00,0.7212500000000008,0.7213400000000009,0.7209900000000008,0.7211100000000008,1327
2026-08-17T02:15:00+00:00,0.7211100000000008,0.7212300000000008,0.7209700000000009,0.7211700000000009,904
2026-08-17T02:30:00+00:00,0.7211700000000009,0.7212200000000009,0.7208900000000008,0.7208900000000008,1217
2026-08-17T02:45:00+00:00,0.7208900000000008,0.7209500000000009,0.7207400000000008,0.7208000000000009,823
2026-08-17T03:00:00+00:00,0.7208000000000009,0.7209700000000009,0.7207400000000008,0.7208700000000008,910
2026-08-17T03:15:00+00:00,0.7208700000000008,0.7211600000000008,0.7208700000000008,0.7211500000000008,950
2026-08-17T03:30:00+00:00,0.7211500000000008,0.7212700000000009,0.7209600000000008,0.7212200000000009,1117
2026-08-17T03:45:00+00:00,0.7212200000000009,0.7216900000000008,0.7211900000000009,0.7216400000000008,1101
2026-08-17T04:00:00+00:00,0.7216400000000008,0.7220700000000009,0.7215700000000008,0.7219600000000008,1097
2026-08-17T04:15:00+00:00,0.7219600000000008,0.7222100000000008,0.7218900000000008,0.7219700000000009,982
2026-08-17T04:30:00+00:00,0.7219700000000009,0.7220100000000008,0.7218000000000009,0.7220000000000009,822
2026-08-17T04:45:00+00:00,0.7220000000000009,0.7220300000000008,0.7217600000000008,0.7217600000000008,727
2026-08-17T05:00:00+00:00,0.7217600000000008,0.7219300000000008,0.7216800000000009,0.7217700000000008,796
2026-08-17T05:15:00+00:00,0.7217700000000008,0.7222000000000008,0.7217400000000008,0.7221900000000009,850
2026-08-17T05:30:00+00:00,0.7221900000000009,0.7229700000000009,0.7221400000000009,0.7228300000000009,1778
2026-08-17T05:45:00+00:00,0.7228300000000009,0.7231600000000008,0.7226200000000008,0.7228700000000008,1913
2026-08-17T06:00:00+00:00,0.7228700000000008,0.7231700000000009,0.7226400000000008,0.7226500000000008,2302
2026-08-17T06:15:00+00:00,0.7226500000000008,0.7232800000000008,0.7225800000000009,0.7232500000000008,1546
2026-08-17T06:30:00+00:00,0.7232500000000008,0.7233300000000008,0.7230900000000008,0.7232700000000009,1365
2026-08-17T06:45:00+00:00,0.7232700000000009,0.7238800000000009,0.7232700000000009,0.7238200000000008,1553
2026-08-17T07:00:00+00:00,0.7238200000000008,0.7240100000000008,0.7235900000000008,0.7236400000000008,1979
2026-08-17T07:15:00+00:00,0.7236400000000008,0.7239200000000009,0.7236300000000009,0.7239200000000009,1601
2026-08-17T07:30:00+00:00,0.7239200000000009,0.7240400000000008,0.7236500000000008,0.7238300000000009,2011
2026-08-17T07:45:00+00:00,0.7238300000000009,0.7238800000000009,0.7235800000000009,0.7236700000000008,1140
2026-08-17T08:00:00+00:00,0.7236700000000008,0.7236800000000009,0.7232000000000008,0.7234500000000008,1364
2026-08-17T08:15:00+00:00,0.7234500000000008,0.7238300000000009,0.7233900000000009,0.7238200000000008,1070
2026-08-17T08:30:00+00:00,0.7238200000000008,0.7240200000000009,0.7237700000000008,0.7237800000000009,1363
2026-08-17T08:45:00+00:00,0.7237800000000009,0.7239800000000008,0.7233900000000009,0.7236100000000009,1920
2026-08-17T09:00:00+00:00,0.7236100000000009,0.7239400000000008,0.7235000000000008,0.7238700000000008,1396
2026-08-17T09:15:00+00:00,0.7238700000000008,0.7240700000000009,0.7237100000000009,0.7237900000000008,971
2026-08-17T09:30:00+00:00,0.7237900000000008,0.7243500000000008,0.7237900000000008,0.7243100000000008,1364
2026-08-17T09:45:00+00:00,0.7243100000000008,0.7243700000000008,0.7241200000000009,0.7241800000000008,1179
2026-08-17T10:00:00+00:00,0.7241800000000008,0.7242500000000008,0.7239900000000008,0.7241600000000008,1371
2026-08-17T10:15:00+00:00,0.7241600000000008,0.7245600000000009,0.7240500000000009,0.7244800000000008,1997
2026-08-17T10:30:00+00:00,0.7244800000000008,0.7245400000000009,0.7240700000000009,0.7241600000000008,2456
2026-08-17T10:45:00+00:00,0.7241600000000008,0.7242100000000008,0.7239200000000009,0.7240600000000008,1189
2026-08-17T11:00:00+00:00,0.7240600000000008,0.7245100000000009,0.7240400000000008,0.7242100000000008,1332
2026-08-17T11:15:00+00:00,0.7242100000000008,0.7243200000000009,0.7240900000000008,0.7241800000000008,1411
2026-08-17T11:30:00+00:00,0.7241800000000008,0.7242300000000008,0.7238900000000008,0.7239100000000008,1176
2026-08-17T11:45:00+00:00,0.7239100000000008,0.7241500000000008,0.7238400000000008,0.7241200000000009,1160
2026-08-17T12:00:00+00:00,0.7241200000000009,0.7242600000000008,0.7240200000000009,0.7240300000000008,1641
2026-08-17T12:15:00+00:00,0.7240300000000008,0.7240800000000008,0.7235100000000009,0.7237100000000009,2250
2026-08-17T12:30:00+00:00,0.7237100000000009,0.7238300000000009,0.7232800000000008,0.7235900000000008,1750
2026-08-17T12:45:00+00:00,0.7235900000000008,0.7238000000000009,0.7232800000000008,0.7237900000000008,1862
2026-08-17T13:00:00+00:00,0.7237900000000008,0.7238900000000008,0.7233400000000009,0.7233600000000009,2143
2026-08-17T13:15:00+00:00,0.7233600000000009,0.7235500000000008,0.7231300000000008,0.7231900000000009,1657
2026-08-17T13:30:00+00:00,0.7231900000000009,0.7234000000000008,0.7226700000000008,0.7226700000000008,2405
2026-08-17T13:45:00+00:00,0.7226700000000008,0.7232100000000008,0.7224500000000008,0.7231600000000008,2214
2026-08-17T14:00:00+00:00,0.7231600000000008,0.7236700000000008,0.7230800000000008,0.7236700000000008,1915
2026-08-17T14:15:00+00:00,0.7236700000000008,0.7240700000000009,0.7234800000000008,0.7236200000000008,2401
2026-08-17T14:30:00+00:00,0.7236200000000008,0.7237900000000008,0.7233500000000008,0.7234400000000009,1759
2026-08-17T14:45:00+00:00,0.7234400000000009,0.7234900000000009,0.7226400000000008,0.7227900000000008,3396
2026-08-17T15:00:00+00:00,0.7227900000000008,0.7229100000000008,0.7226700000000008,0.7228000000000009,2277
2026-08-17T15:15:00+00:00,0.7228000000000009,0.7228700000000008,0.7226000000000008,0.7228200000000008,1325
2026-08-17T15:30:00+00:00,0.7228200000000008,0.7229200000000009,0.7223400000000009,0.7223800000000008,1347
2026-08-17T15:45:00+00:00,0.7223800000000008,0.7228500000000009,0.7223700000000008,0.7228400000000008,1348
2026-08-17T16:00:00+00:00,0.7228400000000008,0.7228700000000008,0.7226600000000009,0.7227900000000008,1178
2026-08-17T16:15:00+00:00,0.7227900000000008,0.7230300000000008,0.7227800000000009,0.7229400000000008,1056
2026-08-17T16:30:00+00:00,0.7229400000000008,0.7231100000000008,0.7229000000000009,0.7230000000000009,711
2026-08-17T16:45:00+00:00,0.7230000000000009,0.7230400000000008,0.7227900000000008,0.7228000000000009,694
2026-08-17T17:00:00+00:00,0.7228000000000009,0.7228700000000008,0.7227100000000009,0.7227300000000009,922
2026-08-17T17:15:00+00:00,0.7227300000000009,0.7227700000000008,0.7223500000000008,0.7225000000000008,1254
2026-08-17T17:30:00+00:00,0.7225000000000008,0.7225500000000008,0.7219500000000009,0.7222000000000008,1408
2026-08-17T17:45:00+00:00,0.7222000000000008,0.7223000000000008,0.7220500000000009,0.7220800000000008,860
2026-08-17T18:00:00+00:00,0.7220800000000008,0.7221300000000008,0.7219200000000009,0.7221300000000008,1154
2026-08-17T18:15:00+00:00,0.7221300000000008,0.7221800000000008,0.7217300000000009,0.7219200000000009,1053
2026-08-17T18:30:00+00:00,0.7219200000000009,0.7219200000000009,0.7216900000000008,0.7217600000000008,1095
2026-08-17T18:45:00+00:00,0.7217600000000008,0.7219700000000009,0.7216900000000008,0.7217900000000008,944
2026-08-17T19:00:00+00:00,0.7217900000000008,0.7219500000000009,0.7217100000000009,0.7219300000000008,996
2026-08-17T19:15:00+00:00,0.7219300000000008,0.7222100000000008,0.7219300000000008,0.7221900000000009,947
2026-08-17T19:30:00+00:00,0.7221900000000009,0.7222000000000008,0.7220200000000009,0.7222000000000008,762
2026-08-17T19:45:00+00:00,0.7222000000000008,0.7222100000000008,0.7220200000000009,0.7220800000000008,589
2026-08-17T20:00:00+00:00,0.7220800000000008,0.7221200000000009,0.7219800000000008,0.7219900000000008,494
2026-08-17T20:15:00+00:00,0.7219900000000008,0.7220900000000008,0.7219900000000008,0.7220000000000009,329
2026-08-17T20:30:00+00:00,0.7220000000000009,0.7220400000000008,0.7219600000000008,0.7219800000000008,291
2026-08-17T20:45:00+00:00,0.7219800000000008,0.7220800000000008,0.7219100000000008,0.7220200000000009,617
2026-08-17T21:00:00+00:00,0.7220200000000009,0.7221600000000009,0.7217400000000009,0.7219100000000009,132.61526054738354
2026-08-17T21:15:00+00:00,0.7219100000000009,0.7219600000000009,0.721730000000001,0.7219600000000009,234
2026-08-17T21:30:00+00:00,0.7219600000000009,0.7219600000000009,0.7217900000000009,0.721800000000001,126
2026-08-17T21:45:00+00:00,0.721800000000001,0.721820000000001,0.721590000000001,0.721760000000001,165.07874894203212
2026-08-17T22:00:00+00:00,0.721760000000001,0.722040000000001,0.721760000000001,0.721990000000001,307
2026-08-17T22:15:00+00:00,0.721990000000001,0.722110000000001,0.7219100000000009,0.722100000000001,207
2026-08-17T22:30:00+00:00,0.722100000000001,0.722140000000001,0.722050000000001,0.722120000000001,254
2026-08-17T22:45:00+00:00,0.722120000000001,0.722120000000001,0.722000000000001,0.722100000000001,273
2026-08-17T23:00:00+00:00,0.722100000000001,0.722240000000001,0.7220100000000009,0.722190000000001,252
2026-08-17T23:15:00+00:00,0.722190000000001,0.7222400000000009,0.722110000000001,0.7222300000000009,295.51583166332665
2026-08-17T23:30:00+00:00,0.7222300000000009,0.7222900000000009,0.7221900000000009,0.722250000000001,447
2026-08-17T23:45:00+00:00,0.722250000000001,0.7223600000000009,0.7222400000000009,0.7223500000000009,516
2026-08-18T00:00:00+00:00,0.7223500000000009,0.7225200000000009,0.722270000000001,0.7223800000000009,1216
2026-08-18T00:15:00+00:00,0.7223800000000009,0.7225500000000009,0.722250000000001,0.7223000000000009,1082
2026-08-18T00:30:00+00:00,0.7223000000000009,0.7226100000000009,0.722150000000001,0.722590000000001,1050
2026-08-18T00:45:00+00:00,0.722590000000001,0.722590000000001,0.7223400000000009,0.7224500000000009,1165
2026-08-18T01:00:00+00:00,0.7224500000000009,0.7228700000000009,0.722420000000001,0.722860000000001,1593
2026-08-18T01:15:00+00:00,0.722860000000001,0.722880000000001,0.7223300000000009,0.7225100000000009,1330
2026-08-18T01:30:00+00:00,0.7225100000000009,0.7227300000000009,0.7223800000000009,0.7223900000000009,886
2026-08-18T01:45:00+00:00,0.7223900000000009,0.7224300000000009,0.7221600000000009,0.7222100000000009,1455
2026-08-18T02:00:00+00:00,0.7222100000000009,0.7222900000000009,0.7220100000000009,0.722050000000001,1407
2026-08-18T02:15:00+00:00,0.722050000000001,0.722270000000001,0.7220100000000009,0.722250000000001,1291
2026-08-18T02:30:00+00:00,0.722250000000001,0.7224600000000009,0.7221400000000009,0.7223600000000009,1076
2026-08-18T02:45:00+00:00,0.7223600000000009,0.7226700000000009,0.7223400000000009,0.7226300000000009,966
2026-08-18T03:00:00+00:00,0.7226300000000009,0.722640000000001,0.722440000000001,0.722490000000001,930
2026-08-18T03:15:00+00:00,0.722490000000001,0.7225000000000009,0.7220900000000009,0.7221600000000009,1090
2026-08-18T03:30:00+00:00,0.7221600000000009,0.7221600000000009,0.7218000000000009,0.721830000000001,1207
2026-08-18T03:45:00+00:00,0.721830000000001,0.7218400000000009,0.721640000000001,0.7217900000000009,884
2026-08-18T04:00:00+00:00,0.7217900000000009,0.721880000000001,0.7216700000000009,0.721710000000001,1136
2026-08-18T04:15:00+00:00,0.721710000000001,0.7217400000000009,0.721490000000001,0.7217000000000009,1006
2026-08-18T04:30:00+00:00,0.7217000000000009,0.721760000000001,0.721590000000001,0.7217000000000009,669
2026-08-18T04:45:00+00:00,0.7217000000000009,0.721710000000001,0.7214500000000009,0.7215500000000009,915
2026-08-18T05:00:00+00:00,0.7215500000000009,0.7215500000000009,0.7210900000000009,0.7211300000000009,690
2026-08-18T05:15:00+00:00,0.7211300000000009,0.7214100000000009,0.7210900000000009,0.721250000000001,812
2026-08-18T05:30:00+00:00,0.721250000000001,0.7214100000000009,0.7212400000000009,0.721370000000001,846
2026-08-18T05:45:00+00:00,0.721370000000001,0.7216500000000009,0.7213600000000009,0.7215500000000009,769
2026-08-18T06:00:00+00:00,0.7215500000000009,0.7216300000000009,0.721050000000001,0.7215000000000009,1871
2026-08-18T06:15:00+00:00,0.7215000000000009,0.7215100000000009,0.7211600000000009,0.7213800000000009,1484
2026-08-18T06:30:00+00:00,0.7213800000000009,0.721660000000001,0.7212300000000009,0.7213800000000009,1623
2026-08-18T06:45:00+00:00,0.7213800000000009,0.721590000000001,0.7210200000000009,0.721590000000001,1462
2026-08-18T07:00:00+00:00,0.721590000000001,0.7218700000000009,0.7214800000000009,0.7215800000000009,2038
2026-08-18T07:15:00+00:00,0.7215800000000009,0.721860000000001,0.7213900000000009,0.7216900000000009,1762
2026-08-18T07:30:00+00:00,0.7216900000000009,0.721860000000001,0.7214700000000009,0.7218500000000009,1472
2026-08-18T07:45:00+00:00,0.7218500000000009,0.7220000000000009,0.7217400000000009,0.7217500000000009,1127
2026-08-18T08:00:00+00:00,0.7217500000000009,0.721860000000001,0.721420000000001,0.7218000000000009,1816
2026-08-18T08:15:00+00:00,0.7218000000000009,0.7218200000000009,0.7214700000000009,0.7216800000000009,938
2026-08-18T08:30:00+00:00,0.7216800000000009,0.7219500000000009,0.7216200000000009,0.7219500000000009,1121
2026-08-18T08:45:00+00:00,0.7219500000000009,0.7219600000000009,0.721660000000001,0.7218900000000009,1024
2026-08-18T09:00:00+00:00,0.7218900000000009,0.7219100000000009,0.7217400000000009,0.721760000000001,1306
2026-08-18T09:15:00+00:00,0.721760000000001,0.7221600000000009,0.721640000000001,0.7221300000000009,1193
2026-08-18T09:30:00+00:00,0.7221300000000009,0.7223900000000009,0.7218700000000009,0.7220600000000009,1348
2026-08-18T09:45:00+00:00,0.7220600000000009,0.7225100000000009,0.722050000000001,0.7224300000000009,1224
2026-08-18T10:00:00+00:00,0.7224300000000009,0.7225200000000009,0.7221900000000009,0.7222400000000009,1301
2026-08-18T10:15:00+00:00,0.7222400000000009,0.7223000000000009,0.722100000000001,0.722250000000001,914
2026-08-18T10:30:00+00:00,0.722250000000001,0.7222900000000009,0.7221400000000009,0.7222100000000009,1031
2026-08-18T10:45:00+00:00,0.7222100000000009,0.7222400000000009,0.7220900000000009,0.7221800000000009,974
2026-08-18T11:00:00+00:00,0.7221800000000009,0.7222600000000009,0.7220400000000009,0.722150000000001,902
2026-08-18T11:15:00+00:00,0.722150000000001,0.722270000000001,0.7220400000000009,0.7220700000000009,923
2026-08-18T11:30:00+00:00,0.7220700000000009,0.7223100000000009,0.722050000000001,0.7222300000000009,1331
2026-08-18T11:45:00+00:00,0.7222300000000009,0.7225800000000009,0.722200000000001,0.7225600000000009,1039
2026-08-18T12:00:00+00:00,0.7225600000000009,0.7228700000000009,0.7224500000000009,0.7227300000000009,1656
2026-08-18T12:15:00+00:00,0.7227300000000009,0.7229100000000009,0.722590000000001,0.722640000000001,1713
2026-08-18T12:30:00+00:00,0.722640000000001,0.7227700000000009,0.7224000000000009,0.722640000000001,1394
2026-08-18T12:45:00+00:00,0.722640000000001,0.722860000000001,0.7225300000000009,0.7226000000000009,1143
2026-08-18T13:00:00+00:00,0.7226000000000009,0.722980000000001,0.7225800000000009,0.7229700000000009,1729
2026-08-18T13:15:00+00:00,0.7229700000000009,0.7229700000000009,0.7226100000000009,0.722640000000001,1797
2026-08-18T13:30:00+00:00,0.722640000000001,0.7235000000000009,0.722220000000001,0.7230200000000009,3658
2026-08-18T13:45:00+00:00,0.7230200000000009,0.723050000000001,0.7226000000000009,0.7229900000000009,2450
2026-08-18T14:00:00+00:00,0.7229900000000009,0.7231200000000009,0.7226200000000009,0.722660000000001,2585
2026-08-18T14:15:00+00:00,0.722660000000001,0.722880000000001,0.7224000000000009,0.7224500000000009,2428
2026-08-18T14:30:00+00:00,0.7224500000000009,0.7224500000000009,0.7219200000000009,0.7219600000000009,2400
2026-08-18T14:45:00+00:00,0.7219600000000009,0.7221400000000009,0.721370000000001,0.7214100000000009,3197
2026-08-18T15:00:00+00:00,0.7214100000000009,0.721860000000001,0.7210600000000009,0.7210800000000009,2879
2026-08-18T15:15:00+00:00,0.7210800000000009,0.721250000000001,0.7209500000000009,0.721100000000001,2355
2026-08-18T15:30:00+00:00,0.721100000000001,0.7212600000000009,0.7209900000000009,0.7211200000000009,2424
2026-08-18T15:45:00+00:00,0.7211200000000009,0.7213900000000009,0.7210600000000009,0.7211100000000009,1766
2026-08-18T16:00:00+00:00,0.7211100000000009,0.7213100000000009,0.7209900000000009,0.7210400000000009,1523
2026-08-18T16:15:00+00:00,0.7210400000000009,0.7211700000000009,0.7206900000000009,0.7207300000000009,1430
2026-08-18T16:30:00+00:00,0.7207300000000009,0.7208000000000009,0.720540000000001,0.720660000000001,1201
2026-08-18T16:45:00+00:00,0.720660000000001,0.7208700000000009,0.7206000000000009,0.7207700000000009,1061
2026-08-18T17:00:00+00:00,0.7207700000000009,0.7207800000000009,0.7203500000000009,0.7205600000000009,1367
2026-08-18T17:15:00+00:00,0.7205600000000009,0.7206200000000009,0.7203500000000009,0.720420000000001,1137
2026-08-18T17:30:00+00:00,0.720420000000001,0.7204300000000009,0.720150000000001,0.7203100000000009,1195
2026-08-18T17:45:00+00:00,0.7203100000000009,0.7203600000000009,0.7201700000000009,0.720200000000001,815
2026-08-18T18:00:00+00:00,0.720200000000001,0.720200000000001,0.7199100000000009,0.720100000000001,846
2026-08-18T18:15:00+00:00,0.720100000000001,0.720220000000001,0.7198500000000009,0.719980000000001,1162
2026-08-18T18:30:00+00:00,0.719980000000001,0.7200900000000009,0.719810000000001,0.7198600000000009,733
2026-08-18T18:45:00+00:00,0.7198600000000009,0.719980000000001,0.7197900000000009,0.7199700000000009,932
2026-08-18T19:00:00+00:00,0.7199700000000009,0.7202300000000009,0.7198400000000009,0.720150000000001,1234
2026-08-18T19:15:00+00:00,0.720150000000001,0.7201800000000009,0.7199900000000009,0.720100000000001,943
2026-08-18T19:30:00+00:00,0.720100000000001,0.7204000000000009,0.7200600000000009,0.720220000000001,962
2026-08-18T19:45:00+00:00,0.720220000000001,0.7202600000000009,0.7199000000000009,0.7199500000000009,1152
2026-08-18T20:00:00+00:00,0.7199500000000009,0.7200100000000009,0.719760000000001,0.7199000000000009,528
2026-08-18T20:15:00+00:00,0.7199000000000009,0.7199200000000009,0.7197900000000009,0.719880000000001,354
2026-08-18T20:30:00+00:00,0.719880000000001,0.720030000000001,0.7198500000000009,0.7199500000000009,368
2026-08-18T20:45:00+00:00,0.7199500000000009,0.7201900000000009,0.7198700000000009,0.7201300000000008,539.055229032559
2026-08-18T21:00:00+00:00,0.7201300000000008,0.7201300000000008,0.7193900000000009,0.7197300000000009,93.71485735651565
2026-08-18T21:15:00+00:00,0.7197300000000009,0.7199000000000009,0.7196400000000008,0.7199000000000009,147.13434452871073
2026-08-18T21:30:00+00:00,0.7199000000000009,0.7202300000000008,0.7197900000000008,0.7198000000000009,252
2026-08-18T21:45:00+00:00,0.7198000000000009,0.7198400000000008,0.7197000000000009,0.7197800000000009,155.24818481848183
2026-08-18T22:00:00+00:00,0.7197800000000009,0.7202600000000009,0.7197800000000009,0.7200200000000009,406
2026-08-18T22:15:00+00:00,0.7200200000000009,0.7201600000000008,0.7200100000000008,0.7200500000000009,324
2026-08-18T22:30:00+00:00,0.7200500000000009,0.7201000000000009,0.7198500000000009,0.7199400000000008,408
2026-08-18T22:45:00+00:00,0.7199400000000008,0.7200700000000009,0.7199200000000009,0.7199200000000009,226
2026-08-18T23:00:00+00:00,0.7199200000000009,0.7200200000000009,0.7197600000000008,0.7197700000000008,328
2026-08-18T23:15:00+00:00,0.7197700000000008,0.7198100000000008,0.7195900000000008,0.7196200000000008,459
2026-08-18T23:30:00+00:00,0.7196200000000008,0.7197800000000009,0.7195100000000009,0.7195300000000009,598
2026-08-18T23:45:00+00:00,0.7195300000000009,0.7197000000000009,0.7194900000000009,0.7196700000000008,720
2026-08-19T00:00:00+00:00,0.7196700000000008,0.7200700000000009,0.7193700000000008,0.7199100000000008,2305
2026-08-19T00:15:00+00:00,0.7199100000000008,0.7201500000000008,0.7198100000000008,0.7200400000000009,1676
2026-08-19T00:30:00+00:00,0.7200400000000009,0.7200500000000009,0.7195300000000009,0.7196100000000009,1798
2026-08-19T00:45:00+00:00,0.7196100000000009,0.7196300000000009,0.7189600000000008,0.7189800000000008,2099
2026-08-19T01:00:00+00:00,0.7189800000000008,0.7193400000000009,0.7189400000000008,0.7190300000000008,2235
2026-08-19T01:15:00+00:00,0.7190300000000008,0.7190700000000009,0.7184700000000008,0.7190200000000009,2643
2026-08-19T01:30:00+00:00,0.7190200000000009,0.7192800000000008,0.7189000000000009,0.7191900000000009,1454
2026-08-19T01:45:00+00:00,0.7191900000000009,0.7193000000000008,0.7188900000000008,0.7191300000000008,1550
2026-08-19T02:00:00+00:00,0.7191300000000008,0.7193300000000008,0.7190400000000009,0.7192600000000009,1398
2026-08-19T02:15:00+00:00,0.7192600000000009,0.7196200000000008,0.7191100000000008,0.7192700000000009,3045
2026-08-19T02:30:00+00:00,0.7192700000000009,0.7196500000000009,0.7190500000000009,0.7196300000000009,1571
2026-08-19T02:45:00+00:00,0.7196300000000009,0.7200700000000009,0.7193300000000008,0.7194400000000009,2005
2026-08-19T03:00:00+00:00,0.7194400000000009,0.7195300000000009,0.7190500000000009,0.7192300000000008,1455
2026-08-19T03:15:00+00:00,0.7192300000000008,0.7192900000000009,0.7190900000000009,0.7191300000000008,841
2026-08-19T03:30:00+00:00,0.7191300000000008,0.7192400000000009,0.7189500000000009,0.7190200000000009,1041
2026-08-19T03:45:00+00:00,0.7190200000000009,0.7190600000000008,0.7188300000000009,0.7188300000000009,793
2026-08-19T04:00:00+00:00,0.7188300000000009,0.7189900000000008,0.7186600000000009,0.7188800000000009,946
2026-08-19T04:15:00+00:00,0.7188800000000009,0.7189300000000008,0.7186700000000008,0.7187400000000008,1075
2026-08-19T04:30:00+00:00,0.7187400000000008,0.7189400000000008,0.7184100000000009,0.7184600000000009,1096
2026-08-19T04:45:00+00:00,0.7184600000000009,0.7188400000000008,0.7182400000000009,0.7188300000000009,1340
2026-08-19T05:00:00+00:00,0.7188300000000009,0.7190100000000008,0.7184300000000009,0.7184500000000008,1513
2026-08-19T05:15:00+00:00,0.7184500000000008,0.7186800000000009,0.7183900000000009,0.7186600000000009,1407
2026-08-19T05:30:00+00:00,0.7186600000000009,0.7186900000000008,0.7183600000000009,0.7184700000000008,1552
2026-08-19T05:45:00+00:00,0.7184700000000008,0.7186300000000009,0.7183200000000008,0.7184500000000008,1491
2026-08-19T06:00:00+00:00,0.7184500000000008,0.7186300000000009,0.7182500000000008,0.7182900000000009,1894
2026-08-19T06:15:00+00:00,0.7182900000000009,0.7193400000000009,0.7182700000000009,0.7192400000000009,2210
2026-08-19T06:30:00+00:00,0.7192400000000009,0.7193700000000008,0.7187800000000009,0.7189000000000009,1741
2026-08-19T06:45:00+00:00,0.7189000000000009,0.7190000000000009,0.7185700000000008,0.7189700000000009,1956
2026-08-19T07:00:00+00:00,0.7189700000000009,0.7193300000000008,0.7187000000000009,0.7187200000000008,2578
2026-08-19T07:15:00+00:00,0.7187200000000008,0.7187300000000009,0.7184600000000009,0.7185700000000008,1761
2026-08-19T07:30:00+00:00,0.7185700000000008,0.7188500000000009,0.7184700000000008,0.7185400000000008,1481
2026-08-19T07:45:00+00:00,0.7185400000000008,0.7187700000000008,0.7185100000000009,0.7186300000000009,1562
2026-08-19T08:00:00+00:00,0.7186300000000009,0.7195800000000009,0.7184700000000008,0.7195100000000009,2886
2026-08-19T08:15:00+00:00,0.7195100000000009,0.7197400000000008,0.7192500000000008,0.7194300000000008,1736
2026-08-19T08:30:00+00:00,0.7194300000000008,0.7195700000000008,0.7191500000000008,0.7195100000000009,1408
2026-08-19T08:45:00+00:00,0.7195100000000009,0.7195700000000008,0.7191800000000008,0.7193100000000009,1195
2026-08-19T09:00:00+00:00,0.7193100000000009,0.7197500000000009,0.7191900000000009,0.7195700000000008,1707
2026-08-19T09:15:00+00:00,0.7195700000000008,0.7197900000000008,0.7194200000000008,0.7195900000000008,2027
2026-08-19T09:30:00+00:00,0.7195900000000008,0.7197100000000008,0.7194500000000008,0.7195300000000009,1494
2026-08-19T09:45:00+00:00,0.7195300000000009,0.7196600000000009,0.7194600000000009,0.7194900000000009,1566
2026-08-19T10:00:00+00:00,0.7194900000000009,0.7196300000000009,0.7191700000000009,0.7195800000000009,1528
2026-08-19T10:15:00+00:00,0.7195800000000009,0.7195800000000009,0.7191900000000009,0.7194400000000009,1166
2026-08-19T10:30:00+00:00,0.7194400000000009,0.7195200000000008,0.7193200000000008,0.7194700000000008,1435
2026-08-19T10:45:00+00:00,0.7194700000000008,0.7195900000000008,0.7191400000000009,0.7191700000000009,1348
2026-08-19T11:00:00+00:00,0.7191700000000009,0.7193000000000008,0.7188900000000008,0.7192300000000008,1549
2026-08-19T11:15:00+00:00,0.7192300000000008,0.7192700000000009,0.7189200000000009,0.7189400000000008,1217
2026-08-19T11:30:00+00:00,0.7189400000000008,0.7190400000000009,0.7185800000000009,0.7186300000000009,1448
2026-08-19T11:45:00+00:00,0.7186300000000009,0.7190700000000009,0.7185700000000008,0.7189600000000008,1588
2026-08-19T12:00:00+00:00,0.7189600000000008,0.7192900000000009,0.7188600000000008,0.7192900000000009,1885
2026-08-19T12:15:00+00:00,0.7192900000000009,0.7198000000000009,0.7192900000000009,0.7196000000000008,2162
2026-08-19T12:30:00+00:00,0.7196000000000008,0.7212300000000008,0.7195800000000009,0.7210600000000008,7812
2026-08-19T12:45:00+00:00,0.7210600000000008,0.7217700000000008,0.7209200000000009,0.7214700000000008,5929
2026-08-19T13:00:00+00:00,0.7214700000000008,0.7237100000000009,0.7214600000000009,0.7235400000000008,5619
2026-08-19T13:15:00+00:00,0.7235400000000008,0.7236300000000009,0.7229900000000008,0.7236000000000008,4839
2026-08-19T13:30:00+00:00,0.7236000000000008,0.7240700000000009,0.7231600000000008,0.7237600000000008,6223
2026-08-19T13:45:00+00:00,0.7237600000000008,0.7239300000000009,0.7230700000000009,0.7233900000000009,6088
2026-08-19T14:00:00+00:00,0.7233900000000009,0.7243400000000009,0.7232100000000008,0.7239100000000008,4752
2026-08-19T14:15:00+00:00,0.7239100000000008,0.7241800000000008,0.7232400000000009,0.7241500000000008,4386
2026-08-19T14:30:00+00:00,0.7241500000000008,0.7244500000000008,0.7239100000000008,0.7243800000000008,4040
2026-08-19T14:45:00+00:00,0.7243800000000008,0.7243800000000008,0.7233900000000009,0.7235800000000009,4880
2026-08-19T15:00:00+00:00,0.7235800000000009,0.7241300000000008,0.7232900000000009,0.7239400000000008,3935
2026-08-19T15:15:00+00:00,0.7239400000000008,0.7240900000000009,0.7233700000000008,0.7238000000000009,3700
2026-08-19T15:30:00+00:00,0.7238000000000009,0.7241600000000008,0.7237400000000008,0.7241100000000008,2568
2026-08-19T15:45:00+00:00,0.7241100000000008,0.7241500000000008,0.7234300000000008,0.7237300000000009,2455
2026-08-19T16:00:00+00:00,0.7237300000000009,0.7243200000000009,0.7236900000000008,0.7242100000000008,2477
2026-08-19T16:15:00+00:00,0.7242100000000008,0.7242500000000008,0.7238600000000008,0.7239300000000009,1875
2026-08-19T16:30:00+00:00,0.7239300000000009,0.7241100000000008,0.7238600000000008,0.7239800000000008,1723
2026-08-19T16:45:00+00:00,0.7239800000000008,0.7241200000000009,0.7238300000000009,0.7238400000000008,2009
2026-08-19T17:00:00+00:00,0.7238400000000008,0.7242400000000009,0.7234100000000009,0.7235400000000008,2944
2026-08-19T17:15:00+00:00,0.7235400000000008,0.7235500000000008,0.7232200000000009,0.7233600000000009,2082
2026-08-19T17:30:00+00:00,0.7233600000000009,0.7233900000000009,0.7231200000000009,0.7231500000000008,1786
2026-08-19T17:45:00+00:00,0.7231500000000008,0.7232500000000008,0.7228500000000009,0.7228800000000009,1641
2026-08-19T18:00:00+00:00,0.7228800000000009,0.7236800000000009,0.7228500000000009,0.7233400000000009,3220
2026-08-19T18:15:00+00:00,0.7233400000000009,0.7233900000000009,0.7227700000000008,0.7229100000000008,1924
2026-08-19T18:30:00+00:00,0.7229100000000008,0.7236600000000009,0.7229100000000008,0.7235400000000008,2191
2026-08-19T18:45:00+00:00,0.7235400000000008,0.7240300000000008,0.7235200000000008,0.7237800000000009,2050
2026-08-19T19:00:00+00:00,0.7237800000000009,0.7241300000000008,0.7236900000000008,0.7238400000000008,2028
2026-08-19T19:15:00+00:00,0.7238400000000008,0.7241900000000009,0.7238100000000008,0.7241400000000009,1792
2026-08-19T19:30:00+00:00,0.7241400000000009,0.7242500000000008,0.7238500000000009,0.7241100000000008,2234
2026-08-19T19:45:00+00:00,0.7241100000000008,0.7242200000000009,0.7238300000000009,0.7239600000000008,2309
2026-08-19T20:00:00+00:00,0.7239600000000008,0.7240800000000008,0.7238000000000009,0.7238200000000008,836
2026-08-19T20:15:00+00:00,0.7238200000000008,0.7239400000000008,0.7237300000000009,0.7238600000000008,526
2026-08-19T20:30:00+00:00,0.7238600000000008,0.7240800000000008,0.7238600000000008,0.7240400000000008,549
2026-08-19T20:45:00+00:00,0.7240400000000008,0.7241200000000009,0.7240000000000009,0.7240300000000008,1221
2026-08-19T21:00:00+00:00,0.7240300000000008,0.7240300000000008,0.7231000000000009,0.7236600000000009,281.2081371022896
2026-08-19T21:15:00+00:00,0.7236600000000009,0.7237200000000008,0.7231100000000008,0.7231800000000008,336
2026-08-19T21:30:00+00:00,0.7231800000000008,0.7236400000000008,0.7231200000000009,0.7236400000000008,226
2026-08-19T21:45:00+00:00,0.7236400000000008,0.7239000000000009,0.7235400000000008,0.7236100000000009,311
2026-08-19T22:00:00+00:00,0.7236100000000009,0.7240200000000009,0.7236100000000009,0.7239500000000009,619
2026-08-19T22:15:00+00:00,0.7239500000000009,0.7240300000000008,0.7239300000000009,0.7240300000000008,243
2026-08-19T22:30:00+00:00,0.7240300000000008,0.7241500000000008,0.7240100000000008,0.7240300000000007,408.1060100166945
2026-08-19T22:45:00+00:00,0.7240300000000007,0.7240900000000008,0.7238300000000008,0.7238700000000008,362
2026-08-19T23:00:00+00:00,0.7238700000000008,0.7242800000000009,0.7238200000000008,0.7241100000000009,973
2026-08-19T23:15:00+00:00,0.7241100000000009,0.7241100000000009,0.7239000000000009,0.7239400000000009,530
2026-08-19T23:30:00+00:00,0.7239400000000009,0.7240200000000009,0.7237400000000009,0.7237900000000009,715
2026-08-19T23:45:00+00:00,0.7237900000000009,0.7238200000000009,0.7236100000000009,0.7237100000000009,677
2026-08-20T00:00:00+00:00,0.7237100000000009,0.7241200000000009,0.7236000000000009,0.7239300000000009,2017
2026-08-20T00:15:00+00:00,0.7239300000000009,0.7240600000000009,0.7236800000000009,0.7237800000000009,1711
2026-08-20T00:30:00+00:00,0.7237800000000009,0.7238800000000009,0.7235600000000009,0.7236100000000009,1443
2026-08-20T00:45:00+00:00,0.7236100000000009,0.7236100000000009,0.7229800000000008,0.7231200000000009,2187
2026-08-20T01:00:00+00:00,0.7231200000000009,0.7232500000000008,0.7228800000000009,0.7231800000000009,2484
2026-08-20T01:15:00+00:00,0.7231800000000009,0.7240500000000009,0.7231500000000008,0.7239400000000009,2387
2026-08-20T01:30:00+00:00,0.7239400000000009,0.7239400000000009,0.7216700000000009,0.7227500000000009,6485
2026-08-20T01:45:00+00:00,0.7227500000000009,0.7229400000000009,0.7223000000000008,0.7229100000000008,3103
2026-08-20T02:00:00+00:00,0.7229100000000008,0.7234500000000009,0.7227500000000009,0.7227700000000009,2892
2026-08-20T02:15:00+00:00,0.7227700000000009,0.7228000000000009,0.7224200000000008,0.7226700000000009,2085
2026-08-20T02:30:00+00:00,0.7226700000000009,0.7229000000000009,0.7225900000000008,0.7227400000000009,1882
2026-08-20T02:45:00+00:00,0.7227400000000009,0.7229400000000009,0.7226300000000009,0.7228300000000009,1314
2026-08-20T03:00:00+00:00,0.7228300000000009,0.7231000000000009,0.7226700000000009,0.7230300000000008,1348
2026-08-20T03:15:00+00:00,0.7230300000000008,0.7233700000000008,0.7228900000000009,0.7231700000000009,1515
2026-08-20T03:30:00+00:00,0.7231700000000009,0.7231800000000009,0.7229400000000009,0.7231600000000009,1232
2026-08-20T03:45:00+00:00,0.7231600000000009,0.7234400000000009,0.7231400000000009,0.7233500000000009,883
2026-08-20T04:00:00+00:00,0.7233500000000009,0.7238400000000009,0.7233200000000009,0.7237200000000009,998
2026-08-20T04:15:00+00:00,0.7237200000000009,0.7237300000000009,0.7233900000000009,0.7234100000000009,1014
2026-08-20T04:30:00+00:00,0.7234100000000009,0.7234300000000009,0.7230600000000009,0.7230700000000009,960
2026-08-20T04:45:00+00:00,0.7230700000000009,0.7231300000000009,0.7227200000000009,0.7228100000000008,1057
2026-08-20T05:00:00+00:00,0.7228100000000008,0.7230400000000009,0.7227500000000009,0.7228500000000009,1510
2026-08-20T05:15:00+00:00,0.7228500000000009,0.7230400000000009,0.7227200000000009,0.7227500000000009,1266
2026-08-20T05:30:00+00:00,0.7227500000000009,0.7229900000000009,0.7226100000000009,0.7227300000000009,1466
2026-08-20T05:45:00+00:00,0.7227300000000009,0.7230400000000009,0.722640000000001,0.7229200000000009,1459
2026-08-20T06:00:00+00:00,0.7229200000000009,0.7232400000000009,0.722860000000001,0.7231500000000008,1637
2026-08-20T06:15:00+00:00,0.7231500000000008,0.7232300000000009,0.7229300000000008,0.7231300000000009,1644
2026-08-20T06:30:00+00:00,0.7231300000000009,0.7233600000000009,0.7229900000000009,0.7232700000000009,1490
2026-08-20T06:45:00+00:00,0.7232700000000009,0.7237500000000009,0.7232700000000009,0.7236800000000009,2114
2026-08-20T07:00:00+00:00,0.7236800000000009,0.7236800000000009,0.7232000000000008,0.7235400000000008,1847
2026-08-20T07:15:00+00:00,0.7235400000000008,0.7235900000000008,0.7231300000000009,0.7234300000000009,1648
2026-08-20T07:30:00+00:00,0.7234300000000009,0.7239400000000009,0.7233300000000009,0.7236700000000009,2074
2026-08-20T07:45:00+00:00,0.7236700000000009,0.7238900000000009,0.7234500000000009,0.7237800000000009,2348
2026-08-20T08:00:00+00:00,0.7237800000000009,0.7240000000000009,0.7236500000000009,0.7239900000000009,2475
2026-08-20T08:15:00+00:00,0.7239900000000009,0.7241500000000008,0.7238100000000008,0.7239000000000009,1878
2026-08-20T08:30:00+00:00,0.7239000000000009,0.7242700000000009,0.7235900000000008,0.7239500000000009,1903
2026-08-20T08:45:00+00:00,0.7239500000000009,0.7239900000000009,0.7237200000000009,0.7238400000000009,1400
2026-08-20T09:00:00+00:00,0.7238400000000009,0.7243500000000009,0.7236900000000009,0.7242200000000009,1702
2026-08-20T09:15:00+00:00,0.7242200000000009,0.7246300000000009,0.7241800000000009,0.724470000000001,2434
2026-08-20T09:30:00+00:00,0.724470000000001,0.7245000000000009,0.7239600000000009,0.7241700000000009,1965
2026-08-20T09:45:00+00:00,0.7241700000000009,0.7243000000000009,0.7240500000000009,0.7242900000000009,1449
2026-08-20T10:00:00+00:00,0.7242900000000009,0.7246800000000009,0.7240700000000009,0.7244000000000009,1537
2026-08-20T10:15:00+00:00,0.7244000000000009,0.7246600000000009,0.7241700000000009,0.7246300000000009,1672
2026-08-20T10:30:00+00:00,0.7246300000000009,0.7247000000000009,0.7241000000000009,0.7241600000000009,1535
2026-08-20T10:45:00+00:00,0.7241600000000009,0.7241700000000009,0.7235400000000008,0.7237600000000008,1586
2026-08-20T11:00:00+00:00,0.7237600000000008,0.7238800000000009,0.7230600000000009,0.7231100000000009,1935
2026-08-20T11:15:00+00:00,0.7231100000000009,0.7235300000000009,0.7229600000000009,0.7231300000000009,1652
2026-08-20T11:30:00+00:00,0.7231300000000009,0.723470000000001,0.722860000000001,0.7228800000000009,1756
2026-08-20T11:45:00+00:00,0.7228800000000009,0.7229100000000009,0.7222600000000009,0.7223300000000009,3120
2026-08-20T12:00:00+00:00,0.7223300000000009,0.7224200000000008,0.7217100000000009,0.7220800000000009,3865
2026-08-20T12:15:00+00:00,0.7220800000000009,0.7224900000000009,0.7219700000000009,0.7223400000000009,2610
2026-08-20T12:30:00+00:00,0.7223400000000009,0.7228200000000009,0.7221200000000009,0.7228000000000009,2672
2026-08-20T12:45:00+00:00,0.7228000000000009,0.7232600000000009,0.7226700000000009,0.7231100000000009,2641
2026-08-20T13:00:00+00:00,0.7231100000000009,0.7236800000000009,0.7231100000000009,0.7233600000000009,2810
2026-08-20T13:15:00+00:00,0.7233600000000009,0.7236700000000009,0.7232900000000009,0.7235200000000009,2482
2026-08-20T13:30:00+00:00,0.7235200000000009,0.7238200000000009,0.7233400000000009,0.7237200000000009,3894
2026-08-20T13:45:00+00:00,0.7237200000000009,0.7237600000000008,0.7229100000000009,0.7230700000000009,2877
2026-08-20T14:00:00+00:00,0.7230700000000009,0.7234800000000009,0.7229400000000009,0.7231200000000009,3618
2026-08-20T14:15:00+00:00,0.7231200000000009,0.7236300000000009,0.7228900000000009,0.7233400000000009,2959
2026-08-20T14:30:00+00:00,0.7233400000000009,0.7238100000000008,0.7232700000000009,0.7237100000000009,2724
2026-08-20T14:45:00+00:00,0.7237100000000009,0.7239200000000009,0.7235000000000009,0.7235400000000008,3176
2026-08-20T15:00:00+00:00,0.7235400000000008,0.7246600000000009,0.7233500000000009,0.7236100000000009,6297
2026-08-20T15:15:00+00:00,0.7236100000000009,0.7241400000000009,0.7233000000000009,0.7241400000000009,3167
2026-08-20T15:30:00+00:00,0.7241400000000009,0.7241500000000008,0.7227900000000009,0.7229300000000008,3423
2026-08-20T15:45:00+00:00,0.7229300000000008,0.7233800000000009,0.722860000000001,0.7233700000000008,3008
2026-08-20T16:00:00+00:00,0.7233700000000008,0.7234300000000009,0.7229600000000009,0.7229800000000008,2754
2026-08-20T16:15:00+00:00,0.7229800000000008,0.7231500000000008,0.7226500000000009,0.7227900000000009,2107
2026-08-20T16:30:00+00:00,0.7227900000000009,0.7228100000000008,0.7225400000000008,0.7226300000000009,2639
2026-08-20T16:45:00+00:00,0.7226300000000009,0.7228400000000009,0.7225100000000009,0.7227000000000009,1553
2026-08-20T17:00:00+00:00,0.7227000000000009,0.7227700000000009,0.7224200000000008,0.7225200000000009,1798
2026-08-20T17:15:00+00:00,0.7225200000000009,0.7226500000000009,0.722470000000001,0.7226100000000009,1453
2026-08-20T17:30:00+00:00,0.7226100000000009,0.7227200000000009,0.722470000000001,0.7226100000000009,1188
2026-08-20T17:45:00+00:00,0.7226100000000009,0.7227000000000009,0.7225200000000009,0.7226700000000009,1005
2026-08-20T18:00:00+00:00,0.7226700000000009,0.7227100000000009,0.7221700000000009,0.7222100000000009,1485
2026-08-20T18:15:00+00:00,0.7222100000000009,0.7222900000000009,0.7220100000000009,0.7221700000000009,1316
2026-08-20T18:30:00+00:00,0.7221700000000009,0.7224500000000009,0.7221700000000009,0.7223200000000009,1149
2026-08-20T18:45:00+00:00,0.7223200000000009,0.7225600000000009,0.7223100000000009,0.7225300000000009,1137
2026-08-20T19:00:00+00:00,0.7225300000000009,0.7225700000000009,0.7223300000000009,0.7225500000000009,1362
2026-08-20T19:15:00+00:00,0.7225500000000009,0.7226500000000009,0.722470000000001,0.7225900000000008,1452
2026-08-20T19:30:00+00:00,0.7225900000000008,0.7226500000000009,0.7223900000000009,0.7225300000000009,1240
2026-08-20T19:45:00+00:00,0.7225300000000009,0.7227400000000009,0.7225000000000009,0.7227000000000009,1311
2026-08-20T20:00:00+00:00,0.7227000000000009,0.7227800000000009,0.722640000000001,0.7226800000000009,636
2026-08-20T20:15:00+00:00,0.7226800000000009,0.7227100000000009,0.7226100000000009,0.7226300000000009,449
2026-08-20T20:30:00+00:00,0.7226300000000009,0.7227900000000009,0.7226100000000009,0.7227700000000009,253
2026-08-20T20:45:00+00:00,0.7227700000000009,0.7228100000000008,0.7226500000000009,0.7226700000000009,709
2026-08-20T21:00:00+00:00,0.7226700000000009,0.7226700000000009,0.7221100000000009,0.7222100000000009,96.15824671662236
2026-08-20T21:15:00+00:00,0.7222100000000009,0.7223400000000009,0.7220700000000009,0.7223400000000009,148.9262246704702
2026-08-20T21:30:00+00:00,0.7223400000000009,0.7223600000000009,0.7220900000000009,0.7221400000000009,1116
2026-08-20T21:45:00+00:00,0.7221400000000009,0.7223100000000009,0.7220900000000009,0.7223000000000009,2167
2026-08-20T22:00:00+00:00,0.7223000000000009,0.7227900000000009,0.7223000000000009,0.7227800000000009,330
2026-08-20T22:15:00+00:00,0.7227800000000009,0.7229500000000009,0.7227300000000009,0.7228900000000009,255
2026-08-20T22:30:00+00:00,0.7228900000000009,0.7229600000000009,0.7228200000000009,0.7228700000000009,240
2026-08-20T22:45:00+00:00,0.7228700000000009,0.7230800000000009,0.7228700000000009,0.7229300000000008,300
2026-08-20T23:00:00+00:00,0.7229300000000008,0.7231500000000008,0.7229300000000008,0.7230600000000009,511
2026-08-20T23:15:00+00:00,0.7230600000000009,0.7231800000000009,0.7230400000000009,0.7231500000000008,337
2026-08-20T23:30:00+00:00,0.7231500000000008,0.7232300000000009,0.7230900000000009,0.7231800000000009,474
2026-08-20T23:45:00+00:00,0.7231800000000009,0.7234000000000009,0.7231600000000009,0.7233000000000009,713
2026-08-21T00:00:00+00:00,0.7233000000000009,0.7238900000000009,0.7233000000000009,0.7238500000000009,1884
2026-08-21T00:15:00+00:00,0.7238500000000009,0.7239600000000009,0.723640000000001,0.7237500000000009,1555
2026-08-21T00:30:00+00:00,0.7237500000000009,0.7239100000000009,0.723640000000001,0.7237600000000008,1250
2026-08-21T00:45:00+00:00,0.7237600000000008,0.7238900000000009,0.7235300000000009,0.7235500000000009,1712
2026-08-21T01:00:00+00:00,0.7235500000000009,0.7238900000000009,0.7234900000000009,0.7238500000000009,2032
2026-08-21T01:15:00+00:00,0.7238500000000009,0.7244600000000009,0.7237500000000009,0.7244000000000009,2331
2026-08-21T01:30:00+00:00,0.7244000000000009,0.7245700000000009,0.7241800000000009,0.7243300000000009,1767
2026-08-21T01:45:00+00:00,0.7243300000000009,0.7248500000000009,0.7243100000000009,0.7248000000000009,1618
2026-08-21T02:00:00+00:00,0.7248000000000009,0.7249600000000009,0.7246700000000009,0.7249500000000009,1193
2026-08-21T02:15:00+00:00,0.7249500000000009,0.7255500000000009,0.7249000000000009,0.7253600000000009,1427
2026-08-21T02:30:00+00:00,0.7253600000000009,0.7254900000000009,0.7251700000000009,0.7253100000000009,1105
2026-08-21T02:45:00+00:00,0.7253100000000009,0.7258500000000009,0.7252900000000009,0.7253500000000009,1564
2026-08-21T03:00:00+00:00,0.7253500000000009,0.7256100000000009,0.7253000000000009,0.7255000000000009,1021
2026-08-21T03:15:00+00:00,0.7255000000000009,0.725690000000001,0.7254100000000009,0.7254100000000009,1079
2026-08-21T03:30:00+00:00,0.7254100000000009,0.7256300000000009,0.7252800000000009,0.7255900000000008,1104
2026-08-21T03:45:00+00:00,0.7255900000000008,0.7256600000000009,0.7254100000000009,0.7255600000000009,1155
2026-08-21T04:00:00+00:00,0.7255600000000009,0.7256500000000009,0.7254400000000009,0.7255700000000009,925
2026-08-21T04:15:00+00:00,0.7255700000000009,0.7256300000000009,0.7253500000000009,0.7254100000000009,856
2026-08-21T04:30:00+00:00,0.7254100000000009,0.7254300000000009,0.7252600000000009,0.7254200000000008,807
2026-08-21T04:45:00+00:00,0.7254200000000008,0.7255600000000009,0.7253800000000009,0.7254900000000009,987
2026-08-21T05:00:00+00:00,0.7254900000000009,0.7255200000000009,0.7252200000000009,0.7253600000000009,1197
2026-08-21T05:15:00+00:00,0.7253600000000009,0.7255200000000009,0.7253100000000009,0.7253700000000008,867
2026-08-21T05:30:00+00:00,0.7253700000000008,0.7258100000000008,0.7252700000000009,0.7258100000000008,1158
2026-08-21T05:45:00+00:00,0.7258100000000008,0.7260200000000009,0.7255800000000009,0.7259100000000009,1439
2026-08-21T06:00:00+00:00,0.7259100000000009,0.7259400000000009,0.7256000000000009,0.7258100000000008,1723
2026-08-21T06:15:00+00:00,0.7258100000000008,0.7259500000000009,0.7254900000000009,0.7257900000000009,1552
2026-08-21T06:30:00+00:00,0.7257900000000009,0.7262500000000008,0.7257800000000009,0.7258500000000009,1455
2026-08-21T06:45:00+00:00,0.7258500000000009,0.7260200000000009,0.725690000000001,0.7259400000000009,1503
2026-08-21T07:00:00+00:00,0.7259400000000009,0.7262700000000009,0.725860000000001,0.7260500000000009,2459
2026-08-21T07:15:00+00:00,0.7260500000000009,0.7262000000000008,0.7259600000000009,0.7260500000000009,1639
2026-08-21T07:30:00+00:00,0.7260500000000009,0.7264900000000009,0.7259800000000008,0.7261000000000009,2102
2026-08-21T07:45:00+00:00,0.7261000000000009,0.7265100000000009,0.7261000000000009,0.7265000000000009,2308
2026-08-21T08:00:00+00:00,0.7265000000000009,0.7268400000000009,0.726300000000001,0.7268000000000009,1815
2026-08-21T08:15:00+00:00,0.7268000000000009,0.7274200000000008,0.7267700000000009,0.7273300000000009,2358
2026-08-21T08:30:00+00:00,0.7273300000000009,0.7277500000000009,0.7271200000000009,0.7276500000000009,2349
2026-08-21T08:45:00+00:00,0.7276500000000009,0.7276500000000009,0.7273100000000009,0.7275600000000009,2088
2026-08-21T09:00:00+00:00,0.7275600000000009,0.7280100000000009,0.7274800000000009,0.7279200000000009,2354
2026-08-21T09:15:00+00:00,0.7279200000000009,0.7280100000000009,0.7271900000000009,0.727300000000001,1685
2026-08-21T09:30:00+00:00,0.727300000000001,0.7276100000000009,0.7271900000000009,0.7274800000000009,1503
2026-08-21T09:45:00+00:00,0.7274800000000009,0.7276800000000009,0.7272800000000009,0.727300000000001,1323
2026-08-21T10:00:00+00:00,0.727300000000001,0.7277000000000009,0.7272800000000009,0.7275100000000009,1965
2026-08-21T10:15:00+00:00,0.7275100000000009,0.7278500000000009,0.7274100000000009,0.7278100000000008,1372
2026-08-21T10:30:00+00:00,0.7278100000000008,0.7278700000000009,0.7276400000000008,0.7277000000000009,1366
2026-08-21T10:45:00+00:00,0.7277000000000009,0.7277500000000009,0.7272400000000009,0.7273700000000008,1515
2026-08-21T11:00:00+00:00,0.7273700000000008,0.7275600000000009,0.7272800000000009,0.7275000000000009,1499
2026-08-21T11:15:00+00:00,0.7275000000000009,0.7281200000000009,0.7274600000000009,0.7281200000000009,2475
2026-08-21T11:30:00+00:00,0.7281200000000009,0.7281700000000009,0.7275500000000009,0.727910000000001,2750
2026-08-21T11:45:00+00:00,0.727910000000001,0.727910000000001,0.7276000000000009,0.7278000000000009,1714
2026-08-21T12:00:00+00:00,0.7278000000000009,0.7283400000000009,0.7278000000000009,0.7281700000000009,2227
2026-08-21T12:15:00+00:00,0.7281700000000009,0.7283600000000009,0.7280100000000009,0.7282400000000009,1987
2026-08-21T12:30:00+00:00,0.7282400000000009,0.7282500000000008,0.7273900000000009,0.7278900000000009,2543
2026-08-21T12:45:00+00:00,0.7278900000000009,0.7280600000000009,0.7278000000000009,0.7280000000000009,1625
2026-08-21T13:00:00+00:00,0.7280000000000009,0.7282100000000009,0.7277700000000009,0.7280500000000009,2211
2026-08-21T13:15:00+00:00,0.7280500000000009,0.7281000000000009,0.7277000000000009,0.7278800000000009,1951
2026-08-21T13:30:00+00:00,0.7278800000000009,0.7280100000000009,0.7274600000000009,0.7279300000000009,3097
2026-08-21T13:45:00+00:00,0.7279300000000009,0.7287200000000009,0.7277800000000009,0.7285100000000009,2138
2026-08-21T14:00:00+00:00,0.7285100000000009,0.728520000000001,0.7279900000000009,0.7282100000000009,2783
2026-08-21T14:15:00+00:00,0.7282100000000009,0.7283200000000009,0.7279600000000009,0.7282000000000008,2379
2026-08-21T14:30:00+00:00,0.7282000000000008,0.7282700000000009,0.7274100000000009,0.7275600000000009,3540
2026-08-21T14:45:00+00:00,0.7275600000000009,0.7280700000000009,0.7275000000000009,0.7278100000000008,3043
2026-08-21T15:00:00+00:00,0.7278100000000008,0.7283400000000009,0.7277100000000009,0.7279800000000008,3343
2026-08-21T15:15:00+00:00,0.7279800000000008,0.7285700000000009,0.7279300000000009,0.7284500000000009,2432
2026-08-21T15:30:00+00:00,0.7284500000000009,0.7291200000000009,0.7284100000000009,0.7290300000000008,2222
2026-08-21T15:45:00+00:00,0.7290300000000008,0.7291200000000009,0.7287500000000009,0.7289800000000008,1739
2026-08-21T16:00:00+00:00,0.7289800000000008,0.7290700000000009,0.7286600000000009,0.7287500000000009,2237
2026-08-21T16:15:00+00:00,0.7287500000000009,0.7290900000000009,0.7285000000000009,0.7286500000000009,2674
2026-08-21T16:30:00+00:00,0.7286500000000009,0.7287600000000009,0.7285100000000009,0.7286300000000009,1332
2026-08-21T16:45:00+00:00,0.7286300000000009,0.7287200000000009,0.7285000000000009,0.7286700000000009,1167
2026-08-21T17:00:00+00:00,0.7286700000000009,0.7289600000000009,0.7286300000000009,0.7288100000000008,1731
2026-08-21T17:15:00+00:00,0.7288100000000008,0.7290100000000009,0.7288000000000009,0.7289600000000009,1290
2026-08-21T17:30:00+00:00,0.7289600000000009,0.7293100000000009,0.7288600000000008,0.7290600000000009,1182
2026-08-21T17:45:00+00:00,0.7290600000000009,0.7292000000000008,0.7290100000000009,0.7291800000000009,1061
2026-08-21T18:00:00+00:00,0.7291800000000009,0.7294500000000009,0.7291800000000009,0.7292100000000009,944
2026-08-21T18:15:00+00:00,0.7292100000000009,0.7293500000000009,0.7291200000000009,0.7292100000000009,2414
2026-08-21T18:30:00+00:00,0.7292100000000009,0.7293100000000009,0.7291400000000009,0.7291900000000009,1133
2026-08-21T18:45:00+00:00,0.7291900000000009,0.7292700000000009,0.7291200000000009,0.7292500000000008,1131
2026-08-21T19:00:00+00:00,0.7292500000000008,0.7293300000000009,0.7289300000000009,0.7290300000000008,1576
2026-08-21T19:15:00+00:00,0.7290300000000008,0.7290300000000008,0.7287500000000009,0.7288200000000009,1746
2026-08-21T19:30:00+00:00,0.7288200000000009,0.7288300000000009,0.728690000000001,0.7287300000000009,2274
2026-08-21T19:45:00+00:00,0.7287300000000009,0.7290100000000009,0.7286600000000009,0.7287100000000009,962
2026-08-21T20:00:00+00:00,0.7287100000000009,0.7287600000000009,0.7286200000000009,0.7287600000000009,618
2026-08-21T20:15:00+00:00,0.7287600000000009,0.7287700000000009,0.7285900000000008,0.7285900000000008,265.74649952349534
2026-08-21T20:30:00+00:00,0.7285900000000008,0.7285900000000008,0.7284700000000008,0.728520000000001,490
2026-08-21T20:45:00+00:00,0.728520000000001,0.728520000000001,0.728300000000001,0.7283800000000009,750
2026-08-23T21:00:00+00:00,0.71566,0.71578,0.7156399999999999,0.7156899999999999,74
2026-08-23T21:15:00+00:00,0.7156899999999999,0.71611,0.7156899999999999,0.716,18
2026-08-23T21:30:00+00:00,0.716,0.71618,0.71597,0.71614,1116
2026-08-23T21:45:00+00:00,0.71614,0.71642,0.7159,0.71642,572
2026-08-23T22:00:00+00:00,0.71642,0.71697,0.71642,0.71696,1389
2026-08-23T22:15:00+00:00,0.71696,0.717,0.71689,0.7169099999999999,292
2026-08-23T22:30:00+00:00,0.7169099999999999,0.71707,0.71685,0.71702,412
2026-08-23T22:45:00+00:00,0.71702,0.71702,0.71687,0.7169,177
2026-08-23T23:00:00+00:00,0.7169,0.71693,0.71673,0.71687,411
2026-08-23T23:15:00+00:00,0.71687,0.7169,0.71676,0.7168,313
2026-08-23T23:30:00+00:00,0.7168,0.71696,0.71673,0.71675,336
2026-08-23T23:45:00+00:00,0.71675,0.71716,0.71673,0.71715,676
2026-08-24T00:00:00+00:00,0.71715,0.71755,0.7171,0.71735,2285
2026-08-24T00:15:00+00:00,0.71735,0.71747,0.71695,0.71714,1720
2026-08-24T00:30:00+00:00,0.71714,0.71732,0.71696,0.71708,1451
2026-08-24T00:45:00+00:00,0.71708,0.71759,0.71704,0.71759,1673
2026-08-24T01:00:00+00:00,0.71759,0.71768,0.71721,0.71722,2249
2026-08-24T01:15:00+00:00,0.71722,0.71731,0.71676,0.71684,2432
2026-08-24T01:30:00+00:00,0.71684,0.71685,0.71659,0.71661,1706
2026-08-24T01:45:00+00:00,0.71661,0.71697,0.7165,0.71676,2004
2026-08-24T02:00:00+00:00,0.71676,0.71708,0.71656,0.71707,2233
2026-08-24T02:15:00+00:00,0.71707,0.71719,0.71685,0.71692,1468
2026-08-24T02:30:00+00:00,0.71692,0.71696,0.71666,0.7168,1288
2026-08-24T02:45:00+00:00,0.7168,0.7168,0.71635,0.71656,1657
2026-08-24T03:00:00+00:00,0.71656,0.71662,0.7162,0.71644,1307
2026-08-24T03:15:00+00:00,0.71644,0.71665,0.7164,0.71645,1256
2026-08-24T03:30:00+00:00,0.71645,0.71662,0.71637,0.71639,1368
2026-08-24T03:45:00+00:00,0.71639,0.71647,0.71631,0.71641,1203
2026-08-24T04:00:00+00:00,0.71641,0.71657,0.71619,0.71639,1591
2026-08-24T04:15:00+00:00,0.71639,0.71669,0.7162,0.71667,1444
2026-08-24T04:30:00+00:00,0.71667,0.71672,0.71649,0.71666,1252
2026-08-24T04:45:00+00:00,0.71666,0.71677,0.71663,0.7167,1011
2026-08-24T05:00:00+00:00,0.7167,0.71683,0.71662,0.71679,884
2026-08-24T05:15:00+00:00,0.71679,0.71692,0.71667,0.7167,1277
2026-08-24T05:30:00+00:00,0.7167,0.71676,0.71649,0.71657,1452
2026-08-24T05:45:00+00:00,0.71657,0.71696,0.71657,0.71691,1542
2026-08-24T06:00:00+00:00,0.71691,0.71692,0.71661,0.71676,1825
2026-08-24T06:15:00+00:00,0.71676,0.71681,0.71628,0.71636,2090
2026-08-24T06:30:00+00:00,0.71636,0.71679,0.71635,0.7167,1706
2026-08-24T06:45:00+00:00,0.7167,0.71713,0.71655,0.71686,2086
2026-08-24T07:00:00+00:00,0.71686,0.71712,0.7167,0.71681,2034
2026-08-24T07:15:00+00:00,0.71681,0.71682,0.71646,0.71661,2289
2026-08-24T07:30:00+00:00,0.71661,0.71671,0.7162,0.71625,1679
2026-08-24T07:45:00+00:00,0.71625,0.71656,0.71613,0.7164,2150
2026-08-24T08:00:00+00:00,0.7164,0.71654,0.71616,0.7162,3066
2026-08-24T08:15:00+00:00,0.7162,0.71628,0.71587,0.71589,2303
2026-08-24T08:30:00+00:00,0.71589,0.71623,0.7158,0.71616,1532
2026-08-24T08:45:00+00:00,0.71616,0.71638,0.71602,0.71603,1421
2026-08-24T09:00:00+00:00,0.71603,0.71632,0.71602,0.71615,1400
2026-08-24T09:15:00+00:00,0.71615,0.71619,0.716,0.71616,984
2026-08-24T09:30:00+00:00,0.71616,0.71627,0.71605,0.71618,1137
2026-08-24T09:45:00+00:00,0.71618,0.71645,0.71618,0.71634,1246
2026-08-24T10:00:00+00:00,0.71634,0.71648,0.71631,0.71648,1488
2026-08-24T10:15:00+00:00,0.71648,0.71655,0.7164,0.71642,1002
2026-08-24T10:30:00+00:00,0.71642,0.71645,0.71607,0.7161,1002
2026-08-24T10:45:00+00:00,0.7161,0.71615,0.71594,0.71597,1424
2026-08-24T11:00:00+00:00,0.71597,0.71602,0.71574,0.71578,1253
2026-08-24T11:15:00+00:00,0.71578,0.71617,0.71574,0.71605,1445
2026-08-24T11:30:00+00:00,0.71605,0.71692,0.71602,0.71639,4002
2026-08-24T11:45:00+00:00,0.71639,0.71659,0.71621,0.71646,2151
2026-08-24T12:00:00+00:00,0.71646,0.71647,0.71593,0.71611,2128
2026-08-24T12:15:00+00:00,0.71611,0.7167,0.71606,0.71669,1820
2026-08-24T12:30:00+00:00,0.71669,0.71678,0.71603,0.7162,2924
2026-08-24T12:45:00+00:00,0.7162,0.71646,0.7161,0.71619,1622
2026-08-24T13:00:00+00:00,0.71619,0.71662,0.71619,0.71658,2293
2026-08-24T13:15:00+00:00,0.71658,0.71677,0.71646,0.71657,2202
2026-08-24T13:30:00+00:00,0.71657,0.71676,0.71619,0.71621,3588
2026-08-24T13:45:00+00:00,0.71621,0.71662,0.716,0.71641,2917
2026-08-24T14:00:00+00:00,0.71641,0.71642,0.71597,0.71619,2827
2026-08-24T14:15:00+00:00,0.71619,0.71631,0.71585,0.71616,2124
2026-08-24T14:30:00+00:00,0.71616,0.7162,0.71567,0.71574,2246
2026-08-24T14:45:00+00:00,0.71574,0.71591,0.71531,0.71534,2378
2026-08-24T15:00:00+00:00,0.71534,0.71562,0.71527,0.71535,1912
2026-08-24T15:15:00+00:00,0.71535,0.71574,0.71513,0.71558,2525
2026-08-24T15:30:00+00:00,0.71558,0.71564,0.71526,0.71529,2660
2026-08-24T15:45:00+00:00,0.71529,0.71548,0.71492,0.71504,1924
2026-08-24T16:00:00+00:00,0.71504,0.71542,0.71499,0.7151,2755
2026-08-24T16:15:00+00:00,0.7151,0.71526,0.71499,0.7151,1405
2026-08-24T16:30:00+00:00,0.7151,0.71518,0.71496,0.71502,962
2026-08-24T16:45:00+00:00,0.71502,0.71512,0.7149,0.71492,1355
2026-08-24T17:00:00+00:00,0.71492,0.71522,0.7147,0.71486,2533
2026-08-24T17:15:00+00:00,0.71486,0.71492,0.71428,0.71441,3238
2026-08-24T17:30:00+00:00,0.71441,0.71457,0.71432,0.71432,1471
2026-08-24T17:45:00+00:00,0.71432,0.71437,0.71404,0.71429,1479
2026-08-24T18:00:00+00:00,0.71429,0.71451,0.71424,0.71446,1477
2026-08-24T18:15:00+00:00,0.71446,0.71504,0.71446,0.71503,1312
2026-08-24T18:30:00+00:00,0.71503,0.71507,0.71463,0.71486,1165
2026-08-24T18:45:00+00:00,0.71486,0.71487,0.71456,0.71474,1397
2026-08-24T19:00:00+00:00,0.71474,0.71482,0.7146,0.7147,850
2026-08-24T19:15:00+00:00,0.7147,0.71478,0.71461,0.71464,726
2026-08-24T19:30:00+00:00,0.71464,0.71479,0.71462,0.71477,639
2026-08-24T19:45:00+00:00,0.71477,0.71492,0.71472,0.71482,954
2026-08-24T20:00:00+00:00,0.71482,0.71494,0.71476,0.71491,632
2026-08-24T20:15:00+00:00,0.71491,0.71493,0.71485,0.71485,226
2026-08-24T20:30:00+00:00,0.71485,0.71491,0.7148,0.71486,215
2026-08-24T20:45:00+00:00,0.71486,0.71501,0.71486,0.71492,400
2026-08-24T21:00:00+00:00,0.71492,0.71492,0.71429,0.71451,159
2026-08-24T21:15:00+00:00,0.71451,0.71493,0.71451,0.71487,568
2026-08-24T21:30:00+00:00,0.71487,0.71488,0.71468,0.71473,394
2026-08-24T21:45:00+00:00,0.71473,0.71478,0.71469,0.71474,219
2026-08-24T22:00:00+00:00,0.71474,0.71512,0.71474,0.71497,392
2026-08-24T22:15:00+00:00,0.71497,0.71502,0.7149,0.71496,200
2026-08-24T22:30:00+00:00,0.71496,0.71506,0.71494,0.71501,345
2026-08-24T22:45:00+00:00,0.71501,0.71505,0.71497,0.71497,114
2026-08-24T23:00:00+00:00,0.71497,0.71503,0.71487,0.71493,331
2026-08-24T23:15:00+00:00,0.71493,0.71497,0.71488,0.71488,266
2026-08-24T23:30:00+00:00,0.71488,0.71515,0.71488,0.71515,426
2026-08-24T23:45:00+00:00,0.71515,0.71549,0.71515,0.7154,734
2026-08-25T00:00:00+00:00,0.7154,0.71574,0.71536,0.71564,1716
2026-08-25T00:15:00+00:00,0.71564,0.71566,0.71543,0.71564,1439
2026-08-25T00:30:00+00:00,0.71564,0.7159,0.71555,0.71581,1478
2026-08-25T00:45:00+00:00,0.71581,0.7159,0.71544,0.7158,1971
2026-08-25T01:00:00+00:00,0.7158,0.71589,0.71548,0.71583,2110
2026-08-25T01:15:00+00:00,0.71583,0.71583,0.71526,0.71562,1358
2026-08-25T01:30:00+00:00,0.71562,0.71571,0.71524,0.71544,1727
2026-08-25T01:45:00+00:00,0.71544,0.71556,0.71511,0.71521,1653
2026-08-25T02:00:00+00:00,0.71521,0.71543,0.71512,0.71539,1978
2026-08-25T02:15:00+00:00,0.71539,0.71553,0.71528,0.71553,1154
2026-08-25T02:30:00+00:00,0.71553,0.71566,0.71521,0.7155,1588
2026-08-25T02:45:00+00:00,0.7155,0.7156,0.71515,0.71526,1847
2026-08-25T03:00:00+00:00,0.71526,0.71569,0.71515,0.71541,1863
2026-08-25T03:15:00+00:00,0.71541,0.71562,0.71538,0.71547,1272
2026-08-25T03:30:00+00:00,0.71547,0.7156,0.71527,0.71534,1145
2026-08-25T03:45:00+00:00,0.71534,0.71534,0.71508,0.71508,949
2026-08-25T04:00:00+00:00,0.71508,0.71511,0.7147,0.71496,1134
2026-08-25T04:15:00+00:00,0.71496,0.71496,0.71459,0.71468,803
2026-08-25T04:30:00+00:00,0.71468,0.71488,0.71459,0.71477,968
2026-08-25T04:45:00+00:00,0.71477,0.7149,0.7147,0.71488,822
2026-08-25T05:00:00+00:00,0.71488,0.71516,0.71484,0.71503,901
2026-08-25T05:15:00+00:00,0.71503,0.71531,0.71502,0.71525,740
2026-08-25T05:30:00+00:00,0.71525,0.7153,0.71505,0.71505,1197
2026-08-25T05:45:00+00:00,0.71505,0.71517,0.71476,0.71485,1397
2026-08-25T06:00:00+00:00,0.71485,0.71511,0.71477,0.71496,1859
2026-08-25T06:15:00+00:00,0.71496,0.71497,0.71471,0.71479,1450
2026-08-25T06:30:00+00:00,0.71479,0.71506,0.71448,0.71451,1456
2026-08-25T06:45:00+00:00,0.71451,0.71451,0.71425,0.71444,1322
2026-08-25T07:00:00+00:00,0.71444,0.71462,0.71435,0.71446,1807
2026-08-25T07:15:00+00:00,0.71446,0.7148,0.71446,0.71463,1163
2026-08-25T07:30:00+00:00,0.71463,0.71464,0.71427,0.71433,1214
2026-08-25T07:45:00+00:00,0.71433,0.71449,0.71423,0.71433,1174
2026-08-25T08:00:00+00:00,0.71433,0.7145,0.71376,0.714,1844
2026-08-25T08:15:00+00:00,0.714,0.71508,0.714,0.71462,3257
2026-08-25T08:30:00+00:00,0.71462,0.71466,0.71432,0.71459,2150
2026-08-25T08:45:00+00:00,0.71459,0.71488,0.71458,0.71485,1611
2026-08-25T09:00:00+00:00,0.71485,0.71522,0.71476,0.71508,2359
2026-08-25T09:15:00+00:00,0.71508,0.7152,0.71483,0.71491,1766
2026-08-25T09:30:00+00:00,0.71491,0.71546,0.71483,0.71529,3142
2026-08-25T09:45:00+00:00,0.71529,0.7157,0.71523,0.71542,1863
2026-08-25T10:00:00+00:00,0.71542,0.71542,0.71505,0.71514,1427
2026-08-25T10:15:00+00:00,0.71514,0.7152,0.71493,0.71504,1039
2026-08-25T10:30:00+00:00,0.71504,0.7153,0.71498,0.71522,1173
2026-08-25T10:45:00+00:00,0.71522,0.71532,0.71513,0.71528,1235
2026-08-25T11:00:00+00:00,0.71528,0.71534,0.71499,0.71523,1536
2026-08-25T11:15:00+00:00,0.71523,0.71542,0.71511,0.71538,1126
2026-08-25T11:30:00+00:00,0.71538,0.71556,0.71534,0.71546,1185
2026-08-25T11:45:00+00:00,0.71546,0.7158300000000001,0.71536,0.71541,1614
2026-08-25T12:00:00+00:00,0.71541,0.71555,0.71525,0.7154500000000001,2344
2026-08-25T12:15:00+00:00,0.7154500000000001,0.7154900000000001,0.7151700000000001,0.7153100000000001,1660
2026-08-25T12:30:00+00:00,0.7153100000000001,0.7153700000000001,0.7150000000000001,0.7152600000000001,2074
2026-08-25T12:45:00+00:00,0.7152600000000001,0.7155000000000001,0.7151300000000002,0.71547,1561
2026-08-25T13:00:00+00:00,0.71547,0.7162800000000001,0.7152700000000001,0.7160500000000001,2700
2026-08-25T13:15:00+00:00,0.7160500000000001,0.7162200000000001,0.7156700000000001,0.7157400000000002,2290
2026-08-25T13:30:00+00:00,0.7157400000000002,0.7160600000000001,0.7154600000000001,0.7155200000000002,2670
2026-08-25T13:45:00+00:00,0.7155200000000002,0.7158200000000001,0.7154000000000001,0.7158200000000001,2149
2026-08-25T14:00:00+00:00,0.7158200000000001,0.7158700000000001,0.7155600000000001,0.7158200000000001,2838
2026-08-25T14:15:00+00:00,0.7158200000000001,0.7158800000000001,0.7155400000000001,0.7158000000000001,2310
2026-08-25T14:30:00+00:00,0.7158000000000001,0.7161000000000001,0.7153300000000001,0.7159300000000001,2311
2026-08-25T14:45:00+00:00,0.7159300000000001,0.7164100000000001,0.7154900000000001,0.7156800000000001,3320
2026-08-25T15:00:00+00:00,0.7156800000000001,0.7157800000000001,0.7153700000000001,0.7154200000000001,1482
2026-08-25T15:15:00+00:00,0.7154200000000001,0.7156900000000002,0.7153200000000001,0.7155200000000002,1563
2026-08-25T15:30:00+00:00,0.7155200000000002,0.7161900000000001,0.7155100000000001,0.7158800000000001,3285
2026-08-25T15:45:00+00:00,0.7158800000000001,0.7159800000000001,0.7156800000000001,0.7159800000000001,1533
2026-08-25T16:00:00+00:00,0.7159800000000001,0.7160700000000001,0.7157200000000001,0.7157300000000001,1569
2026-08-25T16:15:00+00:00,0.7157300000000001,0.7157300000000001,0.7155400000000001,0.7155800000000001,1196
2026-08-25T16:30:00+00:00,0.7155800000000001,0.7157400000000002,0.7155500000000001,0.7156300000000001,1344
2026-08-25T16:45:00+00:00,0.7156300000000001,0.7156900000000002,0.7154200000000001,0.7155700000000002,1182
2026-08-25T17:00:00+00:00,0.7155700000000002,0.7155900000000001,0.7153400000000001,0.7154100000000001,1212
2026-08-25T17:15:00+00:00,0.7154100000000001,0.71564,0.7154100000000001,0.7155200000000002,946
2026-08-25T17:30:00+00:00,0.7155200000000002,0.7157600000000001,0.7154600000000001,0.71564,1027
2026-08-25T17:45:00+00:00,0.71564,0.7158300000000001,0.71564,0.7157900000000001,786
2026-08-25T18:00:00+00:00,0.7157900000000001,0.7158700000000001,0.7156800000000001,0.7157500000000001,1004
2026-08-25T18:15:00+00:00,0.7157500000000001,0.7158700000000001,0.7157300000000001,0.7158500000000001,907
2026-08-25T18:30:00+00:00,0.7158500000000001,0.7159000000000002,0.7158300000000001,0.7158700000000002,595
2026-08-25T18:45:00+00:00,0.7158700000000002,0.7160200000000002,0.7158600000000002,0.7159600000000002,971
2026-08-25T19:00:00+00:00,0.7159600000000002,0.7161800000000001,0.7158800000000002,0.7161400000000002,943
2026-08-25T19:15:00+00:00,0.7161400000000002,0.7163100000000002,0.7160600000000003,0.7160600000000003,892
2026-08-25T19:30:00+00:00,0.7160600000000003,0.7161300000000002,0.7159300000000002,0.7161100000000002,1042
2026-08-25T19:45:00+00:00,0.7161100000000002,0.7166000000000002,0.7160900000000002,0.7165100000000002,1188
2026-08-25T20:00:00+00:00,0.7165100000000002,0.7168000000000002,0.7164500000000001,0.7167000000000002,875
2026-08-25T20:15:00+00:00,0.7167000000000002,0.7168500000000002,0.7166500000000002,0.7167300000000002,728
2026-08-25T20:30:00+00:00,0.7167300000000002,0.7168100000000002,0.7164400000000002,0.7164400000000002,516
2026-08-25T20:45:00+00:00,0.7164400000000002,0.7165900000000002,0.7160200000000002,0.7160800000000002,379
2026-08-25T21:00:00+00:00,0.7160800000000002,0.7160800000000002,0.71567,0.71567,213
2026-08-25T21:15:00+00:00,0.71567,0.71569,0.71557,0.71562,329
2026-08-25T21:30:00+00:00,0.71562,0.7160599999999999,0.71562,0.7159699999999999,376
2026-08-25T21:45:00+00:00,0.7159699999999999,0.71615,0.7159199999999999,0.7160699999999999,1587
2026-08-25T22:00:00+00:00,0.7160699999999999,0.7163999999999999,0.7160599999999999,0.71633,878
2026-08-25T22:15:00+00:00,0.71633,0.71642,0.71623,0.71623,172
2026-08-25T22:30:00+00:00,0.71623,0.71641,0.71623,0.71641,242
2026-08-25T22:45:00+00:00,0.71641,0.7165,0.71641,0.7165,310
2026-08-25T23:00:00+00:00,0.7165,0.71654,0.71641,0.71646,450
2026-08-25T23:15:00+00:00,0.71646,0.71652,0.71642,0.71647,291
2026-08-25T23:30:00+00:00,0.71647,0.71652,0.71635,0.71645,337
2026-08-25T23:45:00+00:00,0.71645,0.71661,0.71637,0.71641,786
2026-08-26T00:00:00+00:00,0.71641,0.71674,0.71626,0.71671,1813
2026-08-26T00:15:00+00:00,0.71671,0.71689,0.71644,0.71652,1063
2026-08-26T00:30:00+00:00,0.71652,0.71659,0.71624,0.71645,1220
2026-08-26T00:45:00+00:00,0.71645,0.71666,0.71622,0.71624,1592
2026-08-26T01:00:00+00:00,0.71624,0.71639,0.71605,0.71606,2133
2026-08-26T01:15:00+00:00,0.71606,0.71628,0.71595,0.71595,1619
2026-08-26T01:30:00+00:00,0.71595,0.71756,0.71595,0.71708,4287
2026-08-26T01:45:00+00:00,0.71708,0.71815,0.71706,0.71764,4079
2026-08-26T02:00:00+00:00,0.71764,0.71807,0.71755,0.71799,2558
2026-08-26T02:15:00+00:00,0.71799,0.71814,0.71772,0.71802,1916
2026-08-26T02:30:00+00:00,0.71802,0.71848,0.71798,0.71821,1800
2026-08-26T02:45:00+00:00,0.71821,0.71827,0.71774,0.71784,1514
2026-08-26T03:00:00+00:00,0.71784,0.71806,0.71778,0.71791,1407
2026-08-26T03:15:00+00:00,0.71791,0.71837,0.71786,0.71831,1384
2026-08-26T03:30:00+00:00,0.71831,0.71864,0.7182,0.71861,1189
2026-08-26T03:45:00+00:00,0.71861,0.71861,0.71812,0.7182,1174
2026-08-26T04:00:00+00:00,0.7182,0.71832,0.71795,0.718,914
2026-08-26T04:15:00+00:00,0.718,0.71812,0.71793,0.71793,711
2026-08-26T04:30:00+00:00,0.71793,0.71801,0.71765,0.71772,762
2026-08-26T04:45:00+00:00,0.71772,0.71773,0.71748,0.7177,1011
2026-08-26T05:00:00+00:00,0.7177,0.71797,0.71769,0.71777,1036
2026-08-26T05:15:00+00:00,0.71777,0.71809,0.71777,0.71804,923
2026-08-26T05:30:00+00:00,0.71804,0.71833,0.71801,0.71831,1599
2026-08-26T05:45:00+00:00,0.71831,0.71839,0.71822,0.71826,1215
2026-08-26T06:00:00+00:00,0.71826,0.71844,0.71805,0.7183,1567
2026-08-26T06:15:00+00:00,0.7183,0.71848,0.71785,0.71785,1801
2026-08-26T06:30:00+00:00,0.71785,0.71787,0.71737,0.71776,1731
2026-08-26T06:45:00+00:00,0.71776,0.71799,0.71766,0.71783,1691
2026-08-26T07:00:00+00:00,0.71783,0.71812,0.71779,0.71799,2366
2026-08-26T07:15:00+00:00,0.71799,0.71812,0.71763,0.71772,1932
2026-08-26T07:30:00+00:00,0.71772,0.71793,0.71768,0.71788,1464
2026-08-26T07:45:00+00:00,0.71788,0.71812,0.71778,0.718,1762
2026-08-26T08:00:00+00:00,0.718,0.71853,0.71792,0.71848,1837
2026-08-26T08:15:00+00:00,0.71848,0.71855,0.71818,0.71837,1240
2026-08-26T08:30:00+00:00,0.71837,0.71837,0.71803,0.71813,1226
2026-08-26T08:45:00+00:00,0.71813,0.71825,0.71796,0.7181,1295
2026-08-26T09:00:00+00:00,0.7181,0.71818,0.71788,0.71811,1370
2026-08-26T09:15:00+00:00,0.71811,0.71825,0.71778,0.71786,1466
2026-08-26T09:30:00+00:00,0.71786,0.71804,0.71786,0.71797,1060
2026-08-26T09:45:00+00:00,0.71797,0.71821,0.71796,0.71812,1075
2026-08-26T10:00:00+00:00,0.71812,0.71822,0.71805,0.71811,1080
2026-08-26T10:15:00+00:00,0.71811,0.71818,0.71797,0.71804,995
2026-08-26T10:30:00+00:00,0.71804,0.71822,0.71801,0.71808,1113
2026-08-26T10:45:00+00:00,0.71808,0.71808,0.71793,0.71801,726
2026-08-26T11:00:00+00:00,0.71801,0.71821,0.71796,0.71817,1207
2026-08-26T11:15:00+00:00,0.71817,0.71822,0.71793,0.71808,1235
2026-08-26T11:30:00+00:00,0.71808,0.71826,0.71807,0.71818,1460
2026-08-26T11:45:00+00:00,0.71818,0.71847,0.71816,0.71845,1377
2026-08-26T12:00:00+00:00,0.71845,0.71866,0.71844,0.7186,1396
2026-08-26T12:15:00+00:00,0.7186,0.71877,0.71854,0.71862,1249
2026-08-26T12:30:00+00:00,0.71862,0.71889,0.71789,0.71799,3223
2026-08-26T12:45:00+00:00,0.71799,0.71811,0.7176,0.71768,3108
2026-08-26T13:00:00+00:00,0.71768,0.71777,0.71736,0.71759,2688
2026-08-26T13:15:00+00:00,0.71759,0.71769,0.71727,0.71764,2925
2026-08-26T13:30:00+00:00,0.71764,0.71778,0.71739,0.71771,3446
2026-08-26T13:45:00+00:00,0.71771,0.71799,0.71754,0.71756,2749
2026-08-26T14:00:00+00:00,0.71756,0.71759,0.71706,0.71731,3086
2026-08-26T14:15:00+00:00,0.71731,0.71732,0.71681,0.71685,2770
2026-08-26T14:30:00+00:00,0.71685,0.71733,0.71682,0.71716,2153
2026-08-26T14:45:00+00:00,0.71716,0.71718,0.71651,0.71652,2193
2026-08-26T15:00:00+00:00,0.71652,0.71682,0.7165,0.71657,2445
2026-08-26T15:15:00+00:00,0.71657,0.71672,0.71644,0.7167,1637
2026-08-26T15:30:00+00:00,0.7167,0.71703,0.71668,0.71693,1426
2026-08-26T15:45:00+00:00,0.71693,0.71703,0.7166,0.71679,2462
2026-08-26T16:00:00+00:00,0.71679,0.7170000000000001,0.7167,0.71686,1899
2026-08-26T16:15:00+00:00,0.71686,0.7171500000000001,0.7168500000000001,0.71696,1449
2026-08-26T16:30:00+00:00,0.71696,0.71706,0.7167100000000001,0.7167300000000001,1684
2026-08-26T16:45:00+00:00,0.7167300000000001,0.71687,0.71657,0.7167600000000001,1762
2026-08-26T17:00:00+00:00,0.7167600000000001,0.7169000000000001,0.71669,0.7169000000000001,946
2026-08-26T17:15:00+00:00,0.7169000000000001,0.71723,0.71689,0.7172200000000001,1038
2026-08-26T17:30:00+00:00,0.7172200000000001,0.7173600000000001,0.71713,0.71718,1039
2026-08-26T17:45:00+00:00,0.71718,0.7172000000000001,0.71706,0.71718,1793
2026-08-26T18:00:00+00:00,0.71718,0.7173400000000001,0.71713,0.7172700000000001,949
2026-08-26T18:15:00+00:00,0.7172700000000001,0.7172700000000001,0.7170700000000001,0.71709,699
2026-08-26T18:30:00+00:00,0.71709,0.7171200000000001,0.71699,0.71706,1093
2026-08-26T18:45:00+00:00,0.71706,0.7171400000000001,0.7170200000000001,0.71708,879
2026-08-26T19:00:00+00:00,0.71708,0.7172200000000001,0.7170500000000001,0.7171900000000001,1077
2026-08-26T19:15:00+00:00,0.7171900000000001,0.7172700000000001,0.71711,0.71725,641
2026-08-26T19:30:00+00:00,0.71725,0.7173,0.7171200000000001,0.71714,791
2026-08-26T19:45:00+00:00,0.71714,0.71728,0.71699,0.71728,1127
2026-08-26T20:00:00+00:00,0.71728,0.7173400000000001,0.7171900000000001,0.71725,622
2026-08-26T20:15:00+00:00,0.71725,0.71731,0.7172000000000001,0.71725,1068
2026-08-26T20:30:00+00:00,0.71725,0.7174,0.71725,0.71733,816
2026-08-26T20:45:00+00:00,0.71733,0.71736,0.71704,0.71704,975
2026-08-26T21:00:00+00:00,0.7171,0.7171,0.71617,0.71683,142
2026-08-26T21:15:00+00:00,0.71683,0.71726,0.71674,0.71701,608
2026-08-26T21:30:00+00:00,0.71701,0.7171,0.71681,0.71709,465
2026-08-26T21:45:00+00:00,0.71709,0.71751,0.71702,0.71751,1208
2026-08-26T22:00:00+00:00,0.71751,0.71781,0.71746,0.71759,817
2026-08-26T22:15:00+00:00,0.71759,0.71769,0.71756,0.71766,268
2026-08-26T22:30:00+00:00,0.71766,0.71786,0.71762,0.71786,502
2026-08-26T22:45:00+00:00,0.71786,0.71801,0.71782,0.71796,361
2026-08-26T23:00:00+00:00,0.71796,0.71831,0.71792,0.71828,673
2026-08-26T23:15:00+00:00,0.71828,0.71828,0.718,0.718,471
2026-08-26T23:30:00+00:00,0.718,0.71834,0.718,0.71829,322
2026-08-26T23:45:00+00:00,0.71829,0.71844,0.71807,0.7181,730
2026-08-27T00:00:00+00:00,0.7181,0.71818,0.7175,0.71763,1835
2026-08-27T00:15:00+00:00,0.71763,0.71799,0.71755,0.71795,1672
2026-08-27T00:30:00+00:00,0.71795,0.7181,0.71766,0.71767,1751
2026-08-27T00:45:00+00:00,0.71767,0.71809,0.71763,0.71807,2008
2026-08-27T01:00:00+00:00,0.71807,0.7183799999999999,0.71801,0.71812,2393
2026-08-27T01:15:00+00:00,0.71812,0.71851,0.71792,0.7182499999999999,1877
2026-08-27T01:30:00+00:00,0.7182499999999999,0.7185499999999999,0.7180099999999999,0.71802,2094
2026-08-27T01:45:00+00:00,0.71802,0.71841,0.71798,0.7183999999999999,1651
2026-08-27T02:00:00+00:00,0.7183999999999999,0.71853,0.7182499999999999,0.71839,1190
2026-08-27T02:15:00+00:00,0.71839,0.7184999999999999,0.71831,0.71837,1109
2026-08-27T02:30:00+00:00,0.71837,0.71853,0.71826,0.71837,1561
2026-08-27T02:45:00+00:00,0.71837,0.71849,0.7181599999999999,0.71827,1461
2026-08-27T03:00:00+00:00,0.71827,0.71829,0.71809,0.71829,1594
2026-08-27T03:15:00+00:00,0.71829,0.71846,0.71822,0.7182299999999999,1267
2026-08-27T03:30:00+00:00,0.7182299999999999,0.71829,0.7181599999999999,0.7182,947
2026-08-27T03:45:00+00:00,0.7182,0.7182999999999999,0.7182,0.7182499999999999,710
2026-08-27T04:00:00+00:00,0.7182499999999999,0.71853,0.71824,0.71851,1013
2026-08-27T04:15:00+00:00,0.71851,0.7185699999999999,0.7183499999999999,0.7183499999999999,911
2026-08-27T04:30:00+00:00,0.7183499999999999,0.7183499999999999,0.7180799999999999,0.7182,816
2026-08-27T04:45:00+00:00,0.7182,0.71856,0.71819,0.71853,963
2026-08-27T05:00:00+00:00,0.71853,0.71856,0.7182999999999999,0.71831,1300
2026-08-27T05:15:00+00:00,0.71831,0.71842,0.71807,0.71836,1162
2026-08-27T05:30:00+00:00,0.71836,0.7183999999999999,0.71815,0.71829,1080
2026-08-27T05:45:00+00:00,0.71829,0.71842,0.71803,0.7182299999999999,1329
2026-08-27T06:00:00+00:00,0.7182299999999999,0.71848,0.7180099999999999,0.71841,1139
2026-08-27T06:15:00+00:00,0.71841,0.71864,0.71831,0.71861,1144
2026-08-27T06:30:00+00:00,0.71861,0.71863,0.71829,0.71834,1447
2026-08-27T06:45:00+00:00,0.71834,0.7185999999999999,0.7180099999999999,0.71839,1966
2026-08-27T07:00:00+00:00,0.71839,0.7186199999999999,0.71836,0.71856,2035
2026-08-27T07:15:00+00:00,0.71856,0.71856,0.7178899999999999,0.7179899999999999,1797
2026-08-27T07:30:00+00:00,0.7179899999999999,0.71829,0.71793,0.71829,1541
2026-08-27T07:45:00+00:00,0.71829,0.71834,0.7179899999999999,0.71809,2329
2026-08-27T08:00:00+00:00,0.71809,0.71863,0.7180799999999999,0.7184499999999999,2072
2026-08-27T08:15:00+00:00,0.7184499999999999,0.71873,0.7182799999999999,0.71854,1705
2026-08-27T08:30:00+00:00,0.71854,0.7185699999999999,0.71822,0.7184699999999999,1860
2026-08-27T08:45:00+00:00,0.7184699999999999,0.7185199999999999,0.71829,0.71829,1716
2026-08-27T09:00:00+00:00,0.71829,0.71837,0.71778,0.71798,2406
2026-08-27T09:15:00+00:00,0.71798,0.71812,0.7177899999999999,0.71807,1522
2026-08-27T09:30:00+00:00,0.71807,0.71807,0.7175499999999999,0.7175699999999999,1621
2026-08-27T09:45:00+00:00,0.7175699999999999,0.7177899999999999,0.71753,0.7175699999999999,1602
2026-08-27T10:00:00+00:00,0.7175699999999999,0.7179399999999999,0.71751,0.7179099999999999,1660
2026-08-27T10:15:00+00:00,0.7179099999999999,0.71809,0.7178399999999999,0.71795,1405
2026-08-27T10:30:00+00:00,0.71795,0.718,0.7177,0.71793,1574
2026-08-27T10:45:00+00:00,0.71793,0.71807,0.7178599999999999,0.71795,1378
2026-08-27T11:00:00+00:00,0.71795,0.71798,0.7178399999999999,0.71795,1769
2026-08-27T11:15:00+00:00,0.71795,0.71817,0.7179,0.71807,1386
2026-08-27T11:30:00+00:00,0.71807,0.71839,0.71807,0.71827,1866
2026-08-27T11:45:00+00:00,0.71827,0.71866,0.7180399999999999,0.71864,1692
2026-08-27T12:00:00+00:00,0.71864,0.719,0.71863,0.7189599999999999,2207
2026-08-27T12:15:00+00:00,0.7189599999999999,0.71925,0.71887,0.719,1963
2026-08-27T12:30:00+00:00,0.719,0.71915,0.71863,0.7186899999999999,1623
2026-08-27T12:45:00+00:00,0.7186899999999999,0.7187699999999999,0.71842,0.7187199999999999,1793
2026-08-27T13:00:00+00:00,0.7187199999999999,0.7192799999999999,0.71858,0.7191299999999999,2230
2026-08-27T13:15:00+00:00,0.7191299999999999,0.7195499999999999,0.71907,0.71937,2137
2026-08-27T13:30:00+00:00,0.71937,0.71944,0.71902,0.71905,3638
2026-08-27T13:45:00+00:00,0.71905,0.71939,0.7186899999999999,0.71922,2971
2026-08-27T14:00:00+00:00,0.71922,0.71953,0.71897,0.7190799999999999,3322
2026-08-27T14:15:00+00:00,0.7190799999999999,0.7193499999999999,0.7189899999999999,0.71919,2390
2026-08-27T14:30:00+00:00,0.71919,0.71948,0.71917,0.71934,2591
2026-08-27T14:45:00+00:00,0.71934,0.71958,0.7187899999999999,0.7191299999999999,3298
2026-08-27T15:00:00+00:00,0.7191299999999999,0.71946,0.7190799999999999,0.7193299999999999,2449
2026-08-27T15:15:00+00:00,0.7193299999999999,0.71946,0.71925,0.7193799999999999,1874
2026-08-27T15:30:00+00:00,0.7193799999999999,0.7196199999999999,0.7193299999999999,0.7194999999999999,1695
2026-08-27T15:45:00+00:00,0.7194999999999999,0.7197699999999999,0.71941,0.7197199999999999,1379
2026-08-27T16:00:00+00:00,0.7197199999999999,0.7197899999999999,0.71937,0.71941,1510
2026-08-27T16:15:00+00:00,0.71941,0.71953,0.7192999999999999,0.71946,1301
2026-08-27T16:30:00+00:00,0.71946,0.7195999999999999,0.71946,0.71953,1060
2026-08-27T16:45:00+00:00,0.71953,0.7197399999999999,0.7194699999999999,0.7196699999999999,1228
2026-08-27T17:00:00+00:00,0.7196699999999999,0.7197399999999999,0.7195499999999999,0.71959,1100
2026-08-27T17:15:00+00:00,0.71959,0.71966,0.7195499999999999,0.71964,973
2026-08-27T17:30:00+00:00,0.71964,0.71968,0.7194999999999999,0.71953,965
2026-08-27T17:45:00+00:00,0.71953,0.71965,0.71946,0.71959,1585
2026-08-27T18:00:00+00:00,0.71959,0.7196199999999999,0.71937,0.71948,1847
2026-08-27T18:15:00+00:00,0.71948,0.71949,0.71922,0.7192299999999999,1330
2026-08-27T18:30:00+00:00,0.7192299999999999,0.71937,0.7192,0.71936,1039
2026-08-27T18:45:00+00:00,0.71936,0.7195199999999999,0.7193299999999999,0.71949,1191
2026-08-27T19:00:00+00:00,0.71949,0.7196199999999999,0.71944,0.7195199999999999,1373
2026-08-27T19:15:00+00:00,0.7195199999999999,0.7195699999999999,0.71937,0.71941,1157
2026-08-27T19:30:00+00:00,0.71941,0.71951,0.71937,0.71951,867
2026-08-27T19:45:00+00:00,0.71951,0.71961,0.7193799999999999,0.7195199999999999,1177
2026-08-27T20:00:00+00:00,0.7195199999999999,0.71963,0.71948,0.7195699999999999,814
2026-08-27T20:15:00+00:00,0.7195699999999999,0.71959,0.71944,0.71944,401
2026-08-27T20:30:00+00:00,0.71944,0.71952,0.71942,0.71947,449
2026-08-27T20:45:00+00:00,0.71947,0.71956,0.71925,0.71925,450
2026-08-27T21:00:00+00:00,0.71925,0.71925,0.71877,0.71889,157
2026-08-27T21:15:00+00:00,0.71889,0.71946,0.71879,0.71935,351
2026-08-27T21:30:00+00:00,0.71935,0.71941,0.7193,0.7193,134
2026-08-27T21:45:00+00:00,0.7193,0.71945,0.71927,0.71945,89
2026-08-27T22:00:00+00:00,0.71945,0.71964,0.7194,0.7195,373
2026-08-27T22:15:00+00:00,0.7195,0.71954,0.71942,0.71949,345
2026-08-27T22:30:00+00:00,0.71949,0.71954,0.71946,0.7195,238
2026-08-27T22:45:00+00:00,0.7195,0.71952,0.7194,0.7195,186
2026-08-27T23:00:00+00:00,0.7195,0.71951,0.7194,0.71941,340
2026-08-27T23:15:00+00:00,0.71941,0.71942,0.7193,0.71936,216
2026-08-27T23:30:00+00:00,0.71936,0.71947,0.71935,0.71946,275
2026-08-27T23:45:00+00:00,0.71946,0.71958,0.71945,0.71954,422
2026-08-28T00:00:00+00:00,0.71954,0.71972,0.71948,0.71971,1165
2026-08-28T00:15:00+00:00,0.71971,0.71977,0.71947,0.71976,1044
2026-08-28T00:30:00+00:00,0.71976,0.71987,0.71971,0.71977,895
2026-08-28T00:45:00+00:00,0.71977,0.71989,0.71951,0.71962,1024
2026-08-28T01:00:00+00:00,0.71962,0.72003,0.7195,0.71987,1473
2026-08-28T01:15:00+00:00,0.71987,0.71999,0.71959,0.71963,1465
2026-08-28T01:30:00+00:00,0.71963,0.72001,0.71962,0.71984,1443
2026-08-28T01:45:00+00:00,0.71984,0.71987,0.71958,0.71968,1260
2026-08-28T02:00:00+00:00,0.71968,0.71989,0.71964,0.71982,1070
2026-08-28T02:15:00+00:00,0.71982,0.72037,0.71979,0.72004,1151
2026-08-28T02:30:00+00:00,0.72004,0.72026,0.71997,0.71998,961
2026-08-28T02:45:00+00:00,0.71998,0.72046,0.71992,0.72037,1091
2026-08-28T03:00:00+00:00,0.72037,0.72047,0.72031,0.72042,803
2026-08-28T03:15:00+00:00,0.72042,0.72048,0.72037,0.72046,731
2026-08-28T03:30:00+00:00,0.72046,0.72047,0.72004,0.72006,603
2026-08-28T03:45:00+00:00,0.72006,0.72015,0.71996,0.72011,871
2026-08-28T04:00:00+00:00,0.72011,0.72013,0.71999,0.72007,899
2026-08-28T04:15:00+00:00,0.72007,0.72023,0.72001,0.72005,605
2026-08-28T04:30:00+00:00,0.72005,0.72005,0.71988,0.71994,564
2026-08-28T04:45:00+00:00,0.71994,0.72005,0.71976,0.71982,772
2026-08-28T05:00:00+00:00,0.71982,0.71992,0.71941,0.71942,893
2026-08-28T05:15:00+00:00,0.71942,0.71963,0.71941,0.71957,844
2026-08-28T05:30:00+00:00,0.71957,0.71971,0.71931,0.7194,1485
2026-08-28T05:45:00+00:00,0.7194,0.71967,0.7194,0.71947,949
2026-08-28T06:00:00+00:00,0.71947,0.71983,0.71946,0.71975,1459
2026-08-28T06:15:00+00:00,0.71975,0.72005,0.71969,0.72001,1291
2026-08-28T06:30:00+00:00,0.72001,0.72002,0.71943,0.71982,1942
2026-08-28T06:45:00+00:00,0.71982,0.72017,0.71981,0.71991,1513
2026-08-28T07:00:00+00:00,0.71991,0.71993,0.71947,0.71962,1860
2026-08-28T07:15:00+00:00,0.71962,0.71964,0.71921,0.71938,1447
2026-08-28T07:30:00+00:00,0.71938,0.71977,0.71937,0.71955,1477
2026-08-28T07:45:00+00:00,0.71955,0.71973,0.71951,0.71955,1062
2026-08-28T08:00:00+00:00,0.71955,0.71968,0.71931,0.71934,1397
2026-08-28T08:15:00+00:00,0.71934,0.7196,0.71934,0.71942,1566
2026-08-28T08:30:00+00:00,0.71942,0.71954,0.71932,0.71936,1488
2026-08-28T08:45:00+00:00,0.71936,0.71947,0.71924,0.71933,1327
2026-08-28T09:00:00+00:00,0.71933,0.71954,0.7192,0.71947,1446
2026-08-28T09:15:00+00:00,0.71947,0.71963,0.71942,0.71959,934
2026-08-28T09:30:00+00:00,0.71959,0.71968,0.71946,0.71967,1069
2026-08-28T09:45:00+00:00,0.71967,0.71977,0.71961,0.71964,1233
2026-08-28T10:00:00+00:00,0.71964,0.7199,0.71961,0.71978,1389
2026-08-28T10:15:00+00:00,0.71978,0.71993,0.7197,0.71988,1141
2026-08-28T10:30:00+00:00,0.71988,0.72002,0.71985,0.71995,1058
2026-08-28T10:45:00+00:00,0.71995,0.72002,0.71972,0.72001,1086
2026-08-28T11:00:00+00:00,0.72001,0.72002,0.71976,0.71982,1376
2026-08-28T11:15:00+00:00,0.71982,0.71984,0.71953,0.7196,1189
2026-08-28T11:30:00+00:00,0.7196,0.71967,0.71951,0.71962,1156
2026-08-28T11:45:00+00:00,0.71962,0.71962,0.71932,0.71932,1315
2026-08-28T12:00:00+00:00,0.71932,0.71953,0.71927,0.71951,1437
2026-08-28T12:15:00+00:00,0.71951,0.71978,0.71949,0.71956,1391
2026-08-28T12:30:00+00:00,0.71956,0.71958,0.71927,0.71957,2125
2026-08-28T12:45:00+00:00,0.71957,0.72014,0.7195,0.72013,2244
2026-08-28T13:00:00+00:00,0.72013,0.72031,0.72003,0.72005,1513
2026-08-28T13:15:00+00:00,0.72005,0.72008,0.71965,0.71972,1594
2026-08-28T13:30:00+00:00,0.71972,0.71988,0.7196,0.71974,1595
2026-08-28T13:45:00+00:00,0.71974,0.72005,0.71913,0.71914,1859
2026-08-28T14:00:00+00:00,0.71914,0.72074,0.71723,0.71744,12004
2026-08-28T14:15:00+00:00,0.71744,0.71802,0.71646,0.71716,8186
2026-08-28T14:30:00+00:00,0.71716,0.718,0.71713,0.71768,6460
2026-08-28T14:45:00+00:00,0.71768,0.71871,0.71726,0.71839,5463
2026-08-28T15:00:00+00:00,0.71839,0.71855,0.71725,0.71733,3681
2026-08-28T15:15:00+00:00,0.71733,0.71769,0.71717,0.71731,3922
2026-08-28T15:30:00+00:00,0.71731,0.71744,0.71655,0.71681,3593
2026-08-28T15:45:00+00:00,0.71681,0.71709,0.71635,0.7164,3866
2026-08-28T16:00:00+00:00,0.7164,0.71653,0.71607,0.71608,3511
2026-08-28T16:15:00+00:00,0.71608,0.71619,0.71555,0.71589,4043
2026-08-28T16:30:00+00:00,0.71589,0.71621,0.71572,0.71583,3443
2026-08-28T16:45:00+00:00,0.71583,0.71629,0.71583,0.71605,2898
2026-08-28T17:00:00+00:00,0.71605,0.71616,0.71568,0.7161,2884
2026-08-28T17:15:00+00:00,0.7161,0.71614,0.71589,0.71598,2070
2026-08-28T17:30:00+00:00,0.71598,0.71599,0.71561,0.71573,1885
2026-08-28T17:45:00+00:00,0.71573,0.7159,0.71567,0.71576,1552
2026-08-28T18:00:00+00:00,0.71576,0.71591,0.71555,0.71572,1565
2026-08-28T18:15:00+00:00,0.71572,0.7159,0.71558,0.71575,1275
2026-08-28T18:30:00+00:00,0.71575,0.71586,0.7156,0.71579,1623
2026-08-28T18:45:00+00:00,0.71579,0.71589,0.71563,0.71587,1502
2026-08-28T19:00:00+00:00,0.71587,0.71607,0.71582,0.71593,1321
2026-08-28T19:15:00+00:00,0.71593,0.71624,0.71585,0.71622,988
2026-08-28T19:30:00+00:00,0.71622,0.71638,0.71613,0.71634,912
2026-08-28T19:45:00+00:00,0.71634,0.71648,0.71617,0.71629,1169
2026-08-28T20:00:00+00:00,0.71629,0.71631,0.71617,0.71621,934
2026-08-28T20:15:00+00:00,0.71621,0.71625,0.71602,0.71606,348
2026-08-28T20:30:00+00:00,0.71606,0.71606,0.71581,0.71594,405
2026-08-28T20:45:00+00:00,0.71594,0.71619,0.71591,0.71591,420
2026-08-30T21:00:00+00:00,0.71518,0.71567,0.71518,0.71554,46
2026-08-30T21:15:00+00:00,0.71554,0.71585,0.71524,0.71562,138
2026-08-30T21:30:00+00:00,0.71562,0.71587,0.71562,0.71587,112
2026-08-30T21:45:00+00:00,0.71587,0.716,0.7157,0.71579,426
2026-08-30T22:00:00+00:00,0.71579,0.71609,0.7156399999999999,0.71599,725
2026-08-30T22:15:00+00:00,0.71599,0.71615,0.71592,0.71602,319
2026-08-30T22:30:00+00:00,0.71602,0.71616,0.71596,0.71605,664
2026-08-30T22:45:00+00:00,0.71605,0.71612,0.71596,0.7160299999999999,295
2026-08-30T23:00:00+00:00,0.7160299999999999,0.71617,0.71599,0.71606,664
2026-08-30T23:15:00+00:00,0.71606,0.71615,0.71601,0.71607,666
2026-08-30T23:30:00+00:00,0.71607,0.71622,0.71601,0.71606,655
2026-08-30T23:45:00+00:00,0.71606,0.71612,0.71581,0.7159099999999999,1498
2026-08-31T00:00:00+00:00,0.7159099999999999,0.7161599999999999,0.7158099999999998,0.7160699999999999,2864
2026-08-31T00:15:00+00:00,0.7160699999999999,0.7161699999999999,0.7153899999999999,0.7155199999999999,2367
2026-08-31T00:30:00+00:00,0.7155199999999999,0.7162899999999999,0.7155099999999999,0.7161799999999999,1953
2026-08-31T00:45:00+00:00,0.7161799999999999,0.7164499999999999,0.7160599999999999,0.7163299999999999,2115
2026-08-31T01:00:00+00:00,0.7163299999999999,0.7163799999999999,0.7158499999999999,0.7161299999999999,2635
2026-08-31T01:15:00+00:00,0.7161299999999999,0.7162999999999999,0.7159699999999999,0.7161799999999999,2305
2026-08-31T01:30:00+00:00,0.7161799999999999,0.7167399999999999,0.7160399999999999,0.7166599999999999,2452
2026-08-31T01:45:00+00:00,0.7166599999999999,0.7168199999999999,0.7164699999999999,0.7166199999999999,1978
2026-08-31T02:00:00+00:00,0.7166199999999999,0.7167899999999999,0.7164399999999999,0.7165099999999999,2719
2026-08-31T02:15:00+00:00,0.7165099999999999,0.7166899999999999,0.7162199999999999,0.7166399999999999,2073
2026-08-31T02:30:00+00:00,0.7166399999999999,0.7166999999999999,0.7160699999999999,0.7161699999999999,2332
2026-08-31T02:45:00+00:00,0.7161699999999999,0.7166199999999999,0.7161599999999999,0.7166099999999999,1551
2026-08-31T03:00:00+00:00,0.7166099999999999,0.7169899999999999,0.7165999999999999,0.7169899999999999,1545
2026-08-31T03:15:00+00:00,0.7169899999999999,0.7170799999999999,0.7168199999999999,0.7168399999999999,1079
2026-08-31T03:30:00+00:00,0.7168399999999999,0.7168799999999999,0.7165399999999998,0.7166799999999999,1223
2026-08-31T03:45:00+00:00,0.7166799999999999,0.7167399999999999,0.7165899999999998,0.7167099999999998,924
2026-08-31T04:00:00+00:00,0.7167099999999998,0.7167399999999999,0.7165299999999999,0.7167399999999999,1061
2026-08-31T04:15:00+00:00,0.7167399999999999,0.7167399999999999,0.7163899999999999,0.7164899999999998,1128
2026-08-31T04:30:00+00:00,0.7164899999999998,0.7165599999999999,0.7164099999999999,0.7164499999999999,1028
2026-08-31T04:45:00+00:00,0.7164499999999999,0.7166199999999999,0.7164499999999999,0.7165999999999999,921
2026-08-31T05:00:00+00:00,0.7165999999999999,0.7166099999999999,0.7162499999999999,0.7164099999999999,1213
2026-08-31T05:15:00+00:00,0.7164099999999999,0.7166299999999999,0.7163699999999998,0.7165999999999999,1231
2026-08-31T05:30:00+00:00,0.7165999999999999,0.7166199999999999,0.7162499999999999,0.7165199999999999,1464
2026-08-31T05:45:00+00:00,0.7165199999999999,0.7166099999999999,0.7164199999999998,0.7166099999999999,1351
2026-08-31T06:00:00+00:00,0.7166099999999999,0.7166299999999999,0.7162199999999999,0.7164899999999998,1736
2026-08-31T06:15:00+00:00,0.7164899999999998,0.7167199999999999,0.7163599999999999,0.7164199999999998,1614
2026-08-31T06:30:00+00:00,0.7164199999999998,0.7165199999999999,0.7161299999999999,0.7162199999999999,1643
2026-08-31T06:45:00+00:00,0.7162199999999999,0.7163299999999999,0.7159499999999999,0.7161599999999999,1599
2026-08-31T07:00:00+00:00,0.7161599999999999,0.7162399999999999,0.7158699999999999,0.7161199999999999,2187
2026-08-31T07:15:00+00:00,0.7161199999999999,0.7164699999999999,0.7159999999999999,0.7161999999999998,1895
2026-08-31T07:30:00+00:00,0.7161999999999998,0.7161999999999998,0.7157799999999999,0.7159299999999998,1622
2026-08-31T07:45:00+00:00,0.7159299999999998,0.7160699999999999,0.7158699999999999,0.7160399999999999,1573
2026-08-31T08:00:00+00:00,0.7160399999999999,0.7164699999999999,0.7158699999999999,0.7159399999999999,2489
2026-08-31T08:15:00+00:00,0.7159399999999999,0.7159699999999999,0.7157499999999999,0.7158599999999999,1687
2026-08-31T08:30:00+00:00,0.7158599999999999,0.7159499999999999,0.7157499999999999,0.7157999999999999,1442
2026-08-31T08:45:00+00:00,0.7157999999999999,0.7158999999999999,0.7155999999999999,0.7157999999999999,1544
2026-08-31T09:00:00+00:00,0.7157999999999999,0.7159799999999998,0.7157099999999998,0.7159599999999999,1520
2026-08-31T09:15:00+00:00,0.7159599999999999,0.7160699999999999,0.7158799999999998,0.7159099999999999,1476
2026-08-31T09:30:00+00:00,0.7159099999999999,0.7160799999999999,0.7158399999999999,0.7160699999999999,1661
2026-08-31T09:45:00+00:00,0.7160699999999999,0.7161299999999999,0.7159599999999999,0.7160699999999999,1295
2026-08-31T10:00:00+00:00,0.7160699999999999,0.7162799999999999,0.7160299999999999,0.7161399999999999,1881
2026-08-31T10:15:00+00:00,0.7161399999999999,0.7161799999999999,0.7159599999999999,0.7160199999999999,1657
2026-08-31T10:30:00+00:00,0.7160199999999999,0.7160199999999999,0.7156799999999999,0.7157499999999999,1322
2026-08-31T10:45:00+00:00,0.7157499999999999,0.7159199999999999,0.7155899999999998,0.7156199999999999,1159
2026-08-31T11:00:00+00:00,0.7156199999999999,0.7157299999999999,0.7154599999999999,0.7156699999999999,1375
2026-08-31T11:15:00+00:00,0.7156699999999999,0.7163699999999998,0.7156599999999999,0.7163199999999998,1533
2026-08-31T11:30:00+00:00,0.7163199999999998,0.7163699999999998,0.7161099999999999,0.7161999999999998,1857
2026-08-31T11:45:00+00:00,0.7161999999999998,0.7162399999999999,0.7159299999999998,0.7160299999999999,1646
2026-08-31T12:00:00+00:00,0.7160299999999999,0.7163299999999999,0.7157999999999999,0.7163199999999998,2208
2026-08-31T12:15:00+00:00,0.7163199999999998,0.7165799999999999,0.7159399999999999,0.7161199999999999,2600
2026-08-31T12:30:00+00:00,0.7161199999999999,0.7161299999999999,0.7156099999999999,0.7156299999999999,2817
2026-08-31T12:45:00+00:00,0.7156299999999999,0.7159199999999999,0.7154599999999999,0.7158999999999999,2292
2026-08-31T13:00:00+00:00,0.7158999999999999,0.7161599999999999,0.7157899999999999,0.7160599999999999,2129
2026-08-31T13:15:00+00:00,0.7160599999999999,0.7164999999999999,0.7159899999999999,0.7164199999999998,2128
2026-08-31T13:30:00+00:00,0.7164199999999998,0.7164699999999999,0.7160999999999998,0.7161099999999999,2592
2026-08-31T13:45:00+00:00,0.7161099999999999,0.7162299999999999,0.7159799999999998,0.7161899999999999,2608
2026-08-31T14:00:00+00:00,0.7161899999999999,0.7163099999999999,0.7159599999999999,0.7161699999999999,2558
2026-08-31T14:15:00+00:00,0.7161699999999999,0.7166599999999999,0.7160899999999999,0.7165099999999999,1979
2026-08-31T14:30:00+00:00,0.7165099999999999,0.7167199999999999,0.7162999999999999,0.7165599999999999,2475
2026-08-31T14:45:00+00:00,0.7165599999999999,0.7170199999999999,0.7162199999999999,0.7164699999999999,4631
2026-08-31T15:00:00+00:00,0.7164699999999999,0.7166799999999999,0.7160999999999998,0.7162999999999999,2882
2026-08-31T15:15:00+00:00,0.7162999999999999,0.7163899999999999,0.7160299999999999,0.7163399999999999,1853
2026-08-31T15:30:00+00:00,0.7163399999999999,0.7166099999999999,0.7163199999999998,0.7164899999999998,2270
2026-08-31T15:45:00+00:00,0.7164899999999998,0.7167599999999998,0.7164899999999998,0.7165399999999998,1503
2026-08-31T16:00:00+00:00,0.7165399999999998,0.7167799999999999,0.7164999999999999,0.7167299999999999,1959
2026-08-31T16:15:00+00:00,0.7167299999999999,0.7168999999999999,0.7166599999999999,0.7167499999999999,1390
2026-08-31T16:30:00+00:00,0.7167499999999999,0.7167699999999999,0.7165499999999999,0.7165799999999999,1576
2026-08-31T16:45:00+00:00,0.7165799999999999,0.7167599999999998,0.7165399999999998,0.7167499999999999,1044
2026-08-31T17:00:00+00:00,0.7167499999999999,0.7167699999999999,0.7165399999999998,0.7166499999999999,676
2026-08-31T17:15:00+00:00,0.7166499999999999,0.7166899999999999,0.7164399999999999,0.7164499999999999,810
2026-08-31T17:30:00+00:00,0.7164499999999999,0.7166899999999999,0.7163999999999999,0.7166699999999999,775
2026-08-31T17:45:00+00:00,0.7166699999999999,0.7167899999999999,0.7165399999999998,0.7165499999999999,787
2026-08-31T18:00:00+00:00,0.7165499999999999,0.7165999999999999,0.7164099999999999,0.7165999999999999,745
2026-08-31T18:15:00+00:00,0.7165999999999999,0.7165999999999999,0.7164299999999999,0.7164499999999999,742
2026-08-31T18:30:00+00:00,0.7164499999999999,0.7165499999999999,0.7163599999999999,0.7163899999999999,980
2026-08-31T18:45:00+00:00,0.7163899999999999,0.7165599999999999,0.7163599999999999,0.7163999999999999,1158
2026-08-31T19:00:00+00:00,0.7163999999999999,0.7164499999999999,0.7162999999999999,0.7163399999999999,1040
2026-08-31T19:15:00+00:00,0.7163399999999999,0.7165499999999999,0.7162999999999999,0.7164599999999999,933
2026-08-31T19:30:00+00:00,0.7164599999999999,0.7165299999999999,0.7163799999999999,0.7164599999999999,950
2026-08-31T19:45:00+00:00,0.7164599999999999,0.7167699999999999,0.7164199999999998,0.7165999999999999,1603
2026-08-31T20:00:00+00:00,0.7165999999999999,0.7167199999999999,0.7164999999999999,0.7164999999999999,936
2026-08-31T20:15:00+00:00,0.7164999999999999,0.7165099999999999,0.7164399999999999,0.7164699999999999,516
2026-08-31T20:30:00+00:00,0.7164699999999999,0.7166199999999999,0.7164099999999999,0.7165999999999999,738
2026-08-31T20:45:00+00:00,0.7165999999999999,0.7166899999999999,0.7165499999999999,0.7166099999999999,592
2026-08-31T21:00:00+00:00,0.7166099999999999,0.7166099999999999,0.7161599999999999,0.7162999999999999,134
2026-08-31T21:15:00+00:00,0.7162999999999999,0.7164399999999999,0.7162599999999999,0.7164399999999999,151
2026-08-31T21:30:00+00:00,0.7164399999999999,0.7166199999999999,0.7164299999999999,0.7165199999999999,189
2026-08-31T21:45:00+00:00,0.7165199999999999,0.7165999999999999,0.7164199999999998,0.7164699999999999,133
2026-08-31T22:00:00+00:00,0.7164699999999999,0.7167699999999999,0.7164699999999999,0.7165499999999999,485
2026-08-31T22:15:00+00:00,0.7165499999999999,0.7165599999999999,0.7164699999999999,0.7165099999999999,245
2026-08-31T22:30:00+00:00,0.7165099999999999,0.7166099999999999,0.7164799999999999,0.7164899999999998,266
2026-08-31T22:45:00+00:00,0.7164899999999998,0.7165699999999999,0.7164399999999999,0.7165399999999998,311
2026-08-31T23:00:00+00:00,0.7165399999999998,0.7167199999999999,0.7164999999999999,0.7166699999999999,567
2026-08-31T23:15:00+00:00,0.7166699999999999,0.7167699999999999,0.7166099999999999,0.7167499999999999,412
2026-08-31T23:30:00+00:00,0.7167499999999999,0.7168899999999999,0.7166699999999999,0.7167599999999998,590
2026-08-31T23:45:00+00:00,0.7167599999999998,0.7170699999999999,0.7167299999999999,0.7170699999999999,926
2026-09-01T00:00:00+00:00,0.7170699999999999,0.7176799999999999,0.7170099999999999,0.7175199999999999,2370
2026-09-01T00:15:00+00:00,0.7175199999999999,0.7180699999999999,0.7174199999999998,0.7179599999999999,1907
2026-09-01T00:30:00+00:00,0.7179599999999999,0.7179699999999999,0.7173899999999999,0.7174199999999998,1537
2026-09-01T00:45:00+00:00,0.7174199999999998,0.7174399999999999,0.7169999999999999,0.7170799999999999,1775
2026-09-01T01:00:00+00:00,0.7170799999999999,0.7170899999999999,0.7167199999999999,0.7168099999999998,2213
2026-09-01T01:15:00+00:00,0.7168099999999998,0.7170299999999998,0.7166499999999999,0.7166999999999999,1866
2026-09-01T01:30:00+00:00,0.7166999999999999,0.7175099999999999,0.7165699999999999,0.7175099999999999,1747
2026-09-01T01:45:00+00:00,0.7175099999999999,0.7175099999999999,0.7169099999999999,0.7172399999999999,1812
2026-09-01T02:00:00+00:00,0.7172399999999999,0.7172799999999999,0.7169099999999999,0.7172699999999999,1735
2026-09-01T02:15:00+00:00,0.7172699999999999,0.7173699999999998,0.7170899999999999,0.7171599999999999,1243
2026-09-01T02:30:00+00:00,0.7171599999999999,0.7171599999999999,0.7168299999999999,0.7170499999999999,1425
2026-09-01T02:45:00+00:00,0.7170499999999999,0.7173399999999999,0.7169699999999999,0.7173299999999999,1243
2026-09-01T03:00:00+00:00,0.7173299999999999,0.7173399999999999,0.7168599999999999,0.7169099999999999,1365
2026-09-01T03:15:00+00:00,0.7169099999999999,0.7169799999999998,0.7166099999999999,0.7166999999999999,1015
2026-09-01T03:30:00+00:00,0.7166999999999999,0.7170399999999999,0.7166799999999999,0.7168499999999999,1476
2026-09-01T03:45:00+00:00,0.7168499999999999,0.7170799999999999,0.7166499999999999,0.7166699999999999,1247
2026-09-01T04:00:00+00:00,0.7166699999999999,0.7168199999999999,0.7165999999999999,0.7168199999999999,935
2026-09-01T04:15:00+00:00,0.7168199999999999,0.7168699999999999,0.7166599999999999,0.7166699999999999,940
2026-09-01T04:30:00+00:00,0.7166699999999999,0.7168499999999999,0.7166099999999999,0.7168399999999999,790
2026-09-01T04:45:00+00:00,0.7168399999999999,0.7169199999999999,0.7166299999999999,0.7167599999999998,1068
2026-09-01T05:00:00+00:00,0.7167599999999998,0.7171099999999999,0.7167499999999999,0.7169999999999999,1145
2026-09-01T05:15:00+00:00,0.7169999999999999,0.7170099999999999,0.7167899999999999,0.7169499999999999,1070
2026-09-01T05:30:00+00:00,0.7169499999999999,0.7171299999999999,0.7168399999999999,0.7169899999999999,1790
2026-09-01T05:45:00+00:00,0.7169899999999999,0.7171599999999999,0.7168399999999999,0.7168799999999999,1700
2026-09-01T06:00:00+00:00,0.7168799999999999,0.7171099999999999,0.7167999999999999,0.7169199999999999,1727
2026-09-01T06:15:00+00:00,0.7169199999999999,0.7170099999999999,0.7164499999999999,0.7164999999999999,1616
2026-09-01T06:30:00+00:00,0.7164999999999999,0.7166699999999999,0.7161999999999998,0.7164199999999998,1610
2026-09-01T06:45:00+00:00,0.7164199999999998,0.7165599999999999,0.7161899999999999,0.7164499999999999,1702
2026-09-01T07:00:00+00:00,0.7164499999999999,0.7165399999999998,0.7161499999999998,0.7163999999999999,2449
2026-09-01T07:15:00+00:00,0.7163999999999999,0.7164099999999999,0.7160399999999999,0.7160399999999999,1519
2026-09-01T07:30:00+00:00,0.7160399999999999,0.7160399999999999,0.7153399999999999,0.7153599999999999,3343
2026-09-01T07:45:00+00:00,0.7153599999999999,0.7155899999999998,0.7153399999999999,0.7154399999999999,2121
2026-09-01T08:00:00+00:00,0.7154399999999999,0.7157699999999999,0.7151399999999999,0.7153599999999999,3477
2026-09-01T08:15:00+00:00,0.7153599999999999,0.7155099999999999,0.7150399999999999,0.7150599999999999,2293
2026-09-01T08:30:00+00:00,0.7150599999999999,0.7150899999999999,0.7145499999999999,0.7145999999999999,2774
2026-09-01T08:45:00+00:00,0.7145999999999999,0.7147599999999998,0.7142799999999999,0.7143799999999999,2156
2026-09-01T09:00:00+00:00,0.7143799999999999,0.7144999999999999,0.7141599999999999,0.7142399999999999,1957
2026-09-01T09:15:00+00:00,0.7142399999999999,0.7143599999999999,0.7138999999999999,0.7140399999999999,1813
2026-09-01T09:30:00+00:00,0.7140399999999999,0.7145399999999998,0.7138699999999999,0.7144199999999999,2240
2026-09-01T09:45:00+00:00,0.7144199999999999,0.7147299999999999,0.7142599999999999,0.7142999999999999,2473
2026-09-01T10:00:00+00:00,0.7142999999999999,0.7145399999999998,0.7142399999999999,0.7143999999999999,2049
2026-09-01T10:15:00+00:00,0.7143999999999999,0.7146399999999999,0.7143299999999999,0.7145899999999998,1567
2026-09-01T10:30:00+00:00,0.7145899999999998,0.7147099999999998,0.7143199999999998,0.7143199999999998,1504
2026-09-01T10:45:00+00:00,0.7143199999999998,0.7145199999999999,0.7141799999999999,0.7143699999999998,1616
2026-09-01T11:00:00+00:00,0.7143699999999998,0.7144899999999998,0.7140599999999999,0.7143599999999999,1953
2026-09-01T11:15:00+00:00,0.7143599999999999,0.7146499999999999,0.7142899999999999,0.7145499999999999,1939
2026-09-01T11:30:00+00:00,0.7145499999999999,0.7146599999999999,0.7143799999999999,0.7145399999999998,1557
2026-09-01T11:45:00+00:00,0.7145399999999998,0.7147299999999999,0.7143999999999999,0.7144699999999999,1721
2026-09-01T12:00:00+00:00,0.7144699999999999,0.7144799999999999,0.7140599999999999,0.7142799999999999,2497
2026-09-01T12:15:00+00:00,0.7142799999999999,0.7147499999999999,0.7141699999999999,0.7145999999999999,2355
2026-09-01T12:30:00+00:00,0.7145999999999999,0.7147599999999998,0.7144599999999999,0.7146699999999999,2510
2026-09-01T12:45:00+00:00,0.7146699999999999,0.7153699999999998,0.7146699999999999,0.7153399999999999,2454
2026-09-01T13:00:00+00:00,0.7153399999999999,0.7153999999999999,0.7145699999999999,0.7145699999999999,2519
2026-09-01T13:15:00+00:00,0.7145699999999999,0.7149899999999999,0.7145699999999999,0.7148199999999999,2097
2026-09-01T13:30:00+00:00,0.7148199999999999,0.7154599999999999,0.7147599999999998,0.7154299999999999,3373
2026-09-01T13:45:00+00:00,0.7154299999999999,0.7155099999999999,0.7151699999999999,0.7153499999999999,2762
2026-09-01T14:00:00+00:00,0.7153499999999999,0.7159799999999998,0.7152399999999999,0.7157099999999998,3583
2026-09-01T14:15:00+00:00,0.7157099999999998,0.7160199999999999,0.7154499999999999,0.7155299999999999,2954
2026-09-01T14:30:00+00:00,0.7155299999999999,0.7158799999999998,0.7153799999999999,0.7155499999999999,2956
2026-09-01T14:45:00+00:00,0.7155499999999999,0.7157499999999999,0.7150199999999999,0.7154199999999998,3721
2026-09-01T15:00:00+00:00,0.7154199999999998,0.7156099999999999,0.7151899999999999,0.7154699999999999,3024
2026-09-01T15:15:00+00:00,0.7154699999999999,0.7156599999999999,0.7153499999999999,0.7155699999999999,2397
2026-09-01T15:30:00+00:00,0.7155699999999999,0.7159099999999999,0.7153799999999999,0.7158899999999999,1942
2026-09-01T15:45:00+00:00,0.7158899999999999,0.7160499999999999,0.7156799999999999,0.7158499999999999,1778
2026-09-01T16:00:00+00:00,0.7158499999999999,0.7158899999999999,0.7155799999999999,0.7156099999999999,2356
2026-09-01T16:15:00+00:00,0.7156099999999999,0.7157699999999999,0.7151699999999999,0.7152099999999999,3613
2026-09-01T16:30:00+00:00,0.7152099999999999,0.7153199999999998,0.7148999999999999,0.7149999999999999,2562
2026-09-01T16:45:00+00:00,0.7149999999999999,0.7152199999999999,0.7149499999999999,0.7150199999999999,1745
2026-09-01T17:00:00+00:00,0.7150199999999999,0.7150699999999999,0.7148399999999999,0.7150399999999999,2064
2026-09-01T17:15:00+00:00,0.7150399999999999,0.7150699999999999,0.7147299999999999,0.7150599999999999,2393
2026-09-01T17:30:00+00:00,0.7150599999999999,0.7151699999999999,0.7146699999999999,0.7146799999999999,1762
2026-09-01T17:45:00+00:00,0.7146799999999999,0.7147299999999999,0.7145899999999998,0.7146699999999999,1283
2026-09-01T18:00:00+00:00,0.7146699999999999,0.7147299999999999,0.7145399999999998,0.7145999999999999,1185
2026-09-01T18:15:00+00:00,0.7145999999999999,0.7146899999999999,0.7145199999999999,0.7145699999999999,1099
2026-09-01T18:30:00+00:00,0.7145699999999999,0.7145799999999999,0.7142999999999999,0.7143799999999999,1422
2026-09-01T18:45:00+00:00,0.7143799999999999,0.7147299999999999,0.7143299999999999,0.7147299999999999,1552
2026-09-01T19:00:00+00:00,0.7147299999999999,0.7147499999999999,0.7145099999999999,0.7146899999999999,1758
2026-09-01T19:15:00+00:00,0.7146899999999999,0.7147399999999999,0.7145199999999999,0.7145299999999999,1198
2026-09-01T19:30:00+00:00,0.7145299999999999,0.7145999999999999,0.7144599999999999,0.7144699999999999,1177
2026-09-01T19:45:00+00:00,0.7144699999999999,0.7145199999999999,0.7142799999999999,0.7143099999999999,1439
2026-09-01T20:00:00+00:00,0.7143099999999999,0.7143599999999999,0.7142099999999999,0.7142599999999999,542
2026-09-01T20:15:00+00:00,0.7142599999999999,0.7143499999999999,0.7142399999999999,0.7142999999999999,340
2026-09-01T20:30:00+00:00,0.7142999999999999,0.7145799999999999,0.7142899999999999,0.7144599999999999,549
2026-09-01T20:45:00+00:00,0.7144599999999999,0.7145199999999999,0.7143799999999999,0.7143899999999999,445
2026-09-01T21:00:00+00:00,0.7143899999999999,0.7143899999999999,0.7142199999999999,0.7142499999999999,74
2026-09-01T21:15:00+00:00,0.7142499999999999,0.7143999999999999,0.7142499999999999,0.7143999999999999,187
2026-09-01T21:30:00+00:00,0.7143999999999999,0.7144299999999999,0.7140899999999999,0.7140899999999999,249
2026-09-01T21:45:00+00:00,0.7140899999999999,0.7144499999999999,0.7140899999999999,0.7143999999999999,164
2026-09-01T22:00:00+00:00,0.7143999999999999,0.7146999999999999,0.7143999999999999,0.7146799999999999,508
2026-09-01T22:15:00+00:00,0.7146799999999999,0.7147499999999999,0.7146099999999999,0.7146299999999999,280
2026-09-01T22:30:00+00:00,0.7146299999999999,0.7147799999999999,0.7145499999999999,0.7145699999999999,198
2026-09-01T22:45:00+00:00,0.7145699999999999,0.7147299999999999,0.7145699999999999,0.7146999999999999,461
2026-09-01T23:00:00+00:00,0.7146999999999999,0.7147399999999999,0.7146199999999999,0.7146299999999999,238
2026-09-01T23:15:00+00:00,0.7146299999999999,0.7146399999999999,0.7144699999999999,0.7145199999999999,291
2026-09-01T23:30:00+00:00,0.7145199999999999,0.7146699999999999,0.7145099999999999,0.7146099999999999,247
2026-09-01T23:45:00+00:00,0.7146099999999999,0.7147199999999999,0.7145299999999999,0.7145299999999999,752
2026-09-02T00:00:00+00:00,0.7145299999999999,0.7147199999999999,0.7142399999999999,0.7143299999999999,2509
2026-09-02T00:15:00+00:00,0.7143299999999999,0.7145599999999999,0.7141699999999999,0.7142199999999999,2705
2026-09-02T00:30:00+00:00,0.7142199999999999,0.7143299999999999,0.7141199999999999,0.7143299999999999,1556
2026-09-02T00:45:00+00:00,0.7143299999999999,0.7143299999999999,0.7140399999999999,0.7140899999999999,1715
2026-09-02T01:00:00+00:00,0.7140899999999999,0.7142299999999999,0.7138899999999999,0.7140199999999999,2647
2026-09-02T01:15:00+00:00,0.7140199999999999,0.7146699999999999,0.7140199999999999,0.7145699999999999,2458
2026-09-02T01:30:00+00:00,0.7145699999999999,0.7152699999999999,0.7145699999999999,0.7149199999999999,3823
2026-09-02T01:45:00+00:00,0.7149199999999999,0.7150199999999999,0.7146399999999999,0.7148099999999998,2320
2026-09-02T02:00:00+00:00,0.7148099999999998,0.7148699999999999,0.7145599999999999,0.7145599999999999,180
